UTR,RRN,Amount,Currency,Settlement_Date,Bank_Name,Merchant_Ref,Status
ICICI202606042884883,694001406024,1385153,INR,2026-06-02T19:47:22.247Z,ICICI,ORD-195CE1476B34,SETTLED
ICICI202606048142839,004017000686,3545957,INR,2026-06-03T01:47:22.247Z,ICICI,ORD-5C0F681E63FF,SETTLED
ICICI202606048822801,095015457947,4232928,INR,2026-06-03T12:47:22.247Z,ICICI,ORD-D3B1301FF7F1,SETTLED
ICICI202606041202782,348166297673,4344268,INR,2026-06-03T20:47:22.247Z,ICICI,ORD-6CC125986DD9,SETTLED
ICICI202606046833638,472142300223,4581834,INR,2026-06-02T03:47:22.247Z,ICICI,ORD-C7FF5EC027C9,SETTLED
ICICI202606041231497,802935827354,2589141,INR,2026-05-31T23:47:22.247Z,ICICI,ORD-E13D167BD6BF,SETTLED
ICICI202606046891818,435210397663,4739479,INR,2026-06-01T19:47:22.247Z,ICICI,ORD-00AC2854241C,SETTLED
ICICI202606048718734,835459198079,765474,INR,2026-06-01T17:47:22.247Z,ICICI,ORD-2D85635F4BEE,SETTLED
ICICI202606042180251,851294561394,4526252,INR,2026-06-02T22:47:22.248Z,ICICI,ORD-F3088B405578,SETTLED
ICICI202606048212673,010259446134,1141961,INR,2026-05-29T18:47:22.248Z,ICICI,ORD-84086461B6C4,SETTLED
ICICI202606046257465,409353311507,3838220,INR,2026-05-30T15:47:22.248Z,ICICI,ORD-294B86A0F368,SETTLED
ICICI202606046849050,943082041978,612183,INR,2026-05-31T21:47:22.248Z,ICICI,ORD-728E8FA51A09,SETTLED
ICICI202606041758942,451555808018,348179,INR,2026-06-01T05:47:22.248Z,ICICI,ORD-0C7AE0B245AE,SETTLED
ICICI202606040349155,066108189955,4748094,INR,2026-05-29T09:47:22.248Z,ICICI,ORD-B5426ACCB79E,SETTLED
ICICI202606046772811,977847895558,1945822,INR,2026-06-03T09:47:22.248Z,ICICI,ORD-3D4F6399CE2C,SETTLED
ICICI202606041095737,273586260405,836705,INR,2026-06-03T04:47:22.248Z,ICICI,ORD-EFA01C3C1CEE,SETTLED
ICICI202606043709522,296763321299,1087788,INR,2026-05-30T03:47:22.248Z,ICICI,ORD-B9CF35F25E42,SETTLED
ICICI202606047866676,640976697448,4080415,INR,2026-06-04T06:47:22.248Z,ICICI,ORD-BAA5A9E5EFAB,SETTLED
ICICI202606041292481,297689969818,1394505,INR,2026-05-29T21:47:22.248Z,ICICI,ORD-3467699C1533,SETTLED
ICICI202606049694285,746411303628,1501580,INR,2026-05-31T05:47:22.248Z,ICICI,ORD-271934703669,SETTLED
ICICI202606046383530,131743356261,4333791,INR,2026-06-04T15:47:22.248Z,ICICI,ORD-E714D4608E7F,PENDING
ICICI202606048786936,842547491242,3863130,INR,2026-05-29T02:47:22.248Z,ICICI,ORD-DE29B7F4E6A8,SETTLED
ICICI202606044976938,920572505672,4486775,INR,2026-05-31T02:47:22.248Z,ICICI,ORD-873C7FB29C54,PENDING
ICICI202606045320208,869980851206,1001340,INR,2026-06-02T20:47:22.248Z,ICICI,ORD-8A6012BDB5F5,SETTLED
ICICI202606046903000,498435842191,2902715,INR,2026-06-01T05:47:22.248Z,ICICI,ORD-3222417FE931,SETTLED
ICICI202606046517171,978037069081,3463522,INR,2026-06-03T14:47:22.248Z,ICICI,ORD-1A3CBF4226A7,SETTLED
ICICI202606041408551,507567110571,2578295,INR,2026-05-31T15:47:22.248Z,ICICI,ORD-16BFE36BC239,SETTLED
ICICI202606044458805,335122784327,1086425,INR,2026-06-04T09:47:22.248Z,ICICI,ORD-EA9D5EB1A179,SETTLED
ICICI202606042793654,056654863340,4203100,INR,2026-06-01T06:47:22.248Z,ICICI,ORD-8BA157A581BC,SETTLED
ICICI202606041459352,956869730526,4999377,INR,2026-05-30T14:47:22.248Z,ICICI,ORD-A1440F417BC3,SETTLED
ICICI202606040456527,727116105841,3685121,INR,2026-06-02T10:47:22.248Z,ICICI,ORD-3C0867505FD0,SETTLED
ICICI202606041840732,854832302702,1157808,INR,2026-05-30T01:47:22.248Z,ICICI,ORD-D7EF6971B638,SETTLED
ICICI202606043853095,603965553229,812403,INR,2026-06-01T04:47:22.248Z,ICICI,ORD-10F35416861B,SETTLED
ICICI202606046636480,861956170761,1126793,INR,2026-06-01T02:47:22.248Z,ICICI,ORD-8BBFDFC72CFC,SETTLED
ICICI202606045241554,234002908322,4858698,INR,2026-05-31T10:47:22.248Z,ICICI,ORD-B2D5092044E8,SETTLED
ICICI202606043015603,842196553766,3630993,INR,2026-06-01T21:47:22.248Z,ICICI,ORD-BB4BCBF7E810,SETTLED
ICICI202606042116087,621785713933,1483805,INR,2026-06-02T05:47:22.248Z,ICICI,ORD-022BBBE2768D,SETTLED
ICICI202606044523371,387919890427,4673027,INR,2026-06-04T15:47:22.248Z,ICICI,ORD-2465BF50B8F1,SETTLED
ICICI202606046516771,209454478574,1108353,INR,2026-06-03T17:47:22.248Z,ICICI,ORD-0C01A2DD252C,SETTLED
ICICI202606042887517,794236672570,489462,INR,2026-06-04T11:47:22.248Z,ICICI,ORD-A9BF9AC05B0B,SETTLED
ICICI202606041919092,847529270914,3075010,INR,2026-05-29T08:47:22.248Z,ICICI,ORD-9187008D2719,SETTLED
ICICI202606042209791,386444417677,2161841,INR,2026-06-01T18:47:22.248Z,ICICI,ORD-5BAE3A91D5C3,SETTLED
ICICI202606042358428,146257132444,1625092,INR,2026-05-31T01:47:22.248Z,ICICI,ORD-54EBDD6669B1,SETTLED
ICICI202606048059399,688853294149,1712058,INR,2026-06-02T07:47:22.248Z,ICICI,ORD-7A26B05D5F69,SETTLED
ICICI202606040714805,093775400625,2787311,INR,2026-05-29T23:47:22.248Z,ICICI,ORD-B9CF0CC3FEAB,SETTLED
ICICI202606048520597,015373947732,3350528,INR,2026-05-31T12:47:22.248Z,ICICI,ORD-F10EBAB793B1,SETTLED
ICICI202606042677920,872448097764,4522143,INR,2026-06-04T06:47:22.248Z,ICICI,ORD-8B58D517775C,SETTLED
ICICI202606046104371,594971246446,4672912,INR,2026-05-31T16:47:22.248Z,ICICI,ORD-4B932ACD18A4,SETTLED
ICICI202606040244175,397043343280,3949364,INR,2026-05-30T09:47:22.248Z,ICICI,ORD-01F1AF095DC8,SETTLED
ICICI202606046170922,958225194180,906138,INR,2026-06-02T08:47:22.248Z,ICICI,ORD-4E1056F65D8C,PENDING
ICICI202606045730290,673108011210,2243922,INR,2026-05-31T06:47:22.248Z,ICICI,ORD-78557691EAA2,SETTLED
ICICI202606047996453,570486313744,1209629,INR,2026-06-01T02:47:22.248Z,ICICI,ORD-80B74F219F5B,SETTLED
ICICI202606046838676,884166959031,650713,INR,2026-06-01T13:47:22.248Z,ICICI,ORD-70DB4881CA70,SETTLED
ICICI202606047269067,982733666381,2431784,INR,2026-05-28T23:47:22.248Z,ICICI,ORD-D0E2613AC778,SETTLED
ICICI202606046695428,489243952400,2912346,INR,2026-05-29T01:47:22.248Z,ICICI,ORD-EEAC3DA31463,SETTLED
ICICI202606045041220,704031672839,538217,INR,2026-06-04T09:47:22.248Z,ICICI,ORD-1109073681E2,SETTLED
ICICI202606042888339,453804506226,3692129,INR,2026-05-29T09:47:22.248Z,ICICI,ORD-D0C3BE84AC99,SETTLED
ICICI202606046571425,569146679603,587579,INR,2026-05-29T20:47:22.248Z,ICICI,ORD-DBB38317F475,SETTLED
ICICI202606047496303,150118253994,3114221,INR,2026-06-02T23:47:22.248Z,ICICI,ORD-EAD6CDF18E96,SETTLED
ICICI202606048015349,805401550800,3171101,INR,2026-05-30T11:47:22.248Z,ICICI,ORD-C47A954EEE2D,SETTLED
ICICI202606046105846,330183021928,4079709,INR,2026-05-29T05:47:22.248Z,ICICI,ORD-1BC330567582,SETTLED
ICICI202606048191559,568398226419,1828921,INR,2026-05-30T01:47:22.248Z,ICICI,ORD-3EBF44DCA62C,SETTLED
ICICI202606041150841,222892414374,2425223,INR,2026-06-01T07:47:22.248Z,ICICI,ORD-CC106F2ED59C,SETTLED
ICICI202606046378812,374204260109,2722059,INR,2026-05-29T09:47:22.248Z,ICICI,ORD-E5599422FA65,SETTLED
ICICI202606049292294,619738910753,167507,INR,2026-05-31T02:47:22.248Z,ICICI,ORD-B7523A78BAE3,SETTLED
ICICI202606045689517,875004716767,751611,INR,2026-05-28T22:47:22.248Z,ICICI,ORD-DB986125E749,SETTLED
ICICI202606048003007,754253576252,4003158,INR,2026-05-30T10:47:22.248Z,ICICI,ORD-9072DB473498,SETTLED
ICICI202606044430496,542211541205,525584,INR,2026-06-04T13:47:22.248Z,ICICI,ORD-9AFC8A68F1C7,SETTLED
ICICI202606042873980,029659241248,2379710,INR,2026-05-30T04:47:22.248Z,ICICI,ORD-FCDFE3109EBD,SETTLED
ICICI202606047949349,147942186928,255920,INR,2026-06-02T05:47:22.248Z,ICICI,ORD-B8DD03C9CA7D,SETTLED
ICICI202606043676387,308005637284,4621833,INR,2026-05-30T07:47:22.248Z,ICICI,ORD-B3893EBBACD1,SETTLED
ICICI202606042432248,486968496152,4774880,INR,2026-06-04T10:47:22.248Z,ICICI,ORD-489D2CB03EB5,SETTLED
ICICI202606044320293,765499402680,1798818,INR,2026-05-31T19:47:22.248Z,ICICI,ORD-B371A6C18426,SETTLED
ICICI202606046889676,112883688386,4882705,INR,2026-06-03T01:47:22.248Z,ICICI,ORD-11D4A3EBD2D2,SETTLED
ICICI202606047684795,098885957238,3053354,INR,2026-06-01T22:47:22.248Z,ICICI,ORD-68E37BAC9946,SETTLED
ICICI202606046501252,834487934181,4977908,INR,2026-06-04T05:47:22.248Z,ICICI,ORD-DB509C820B99,SETTLED
ICICI202606044812918,910878627911,3458167,INR,2026-06-04T12:47:22.249Z,ICICI,ORD-420427627E29,SETTLED
ICICI202606045171407,111030044688,4077229,INR,2026-05-31T16:47:22.249Z,ICICI,ORD-6ADFBCE12762,SETTLED
ICICI202606042327961,162445231720,3258465,INR,2026-05-28T20:47:22.249Z,ICICI,ORD-91E5A1D2E36F,SETTLED
ICICI202606049354757,995277425773,1918951,INR,2026-05-31T15:47:22.249Z,ICICI,ORD-F1A7CD94DA79,SETTLED
ICICI202606042388383,848230806409,4543505,INR,2026-06-02T05:47:22.249Z,ICICI,ORD-693BBBA3991F,SETTLED
ICICI202606048660155,113703545008,2796355,INR,2026-06-02T09:47:22.249Z,ICICI,ORD-F23A9DD1F62F,SETTLED
ICICI202606048051156,616602772802,2987253,INR,2026-06-02T08:47:22.249Z,ICICI,ORD-BA3C79911D7D,SETTLED
ICICI202606048439308,738866467086,3146808,INR,2026-06-01T23:47:22.249Z,ICICI,ORD-6823793A1ADC,SETTLED
ICICI202606041938096,801330002598,2080680,INR,2026-06-02T12:47:22.249Z,ICICI,ORD-744FDA5FEB05,SETTLED
ICICI202606042058777,739637434402,3881549,INR,2026-06-01T20:47:22.249Z,ICICI,ORD-6DF8BD5DA8EC,SETTLED
ICICI202606049562732,147793809241,3152494,INR,2026-06-02T11:47:22.249Z,ICICI,ORD-210759CF1351,SETTLED
ICICI202606040956644,198417861769,2629351,INR,2026-05-31T15:47:22.249Z,ICICI,ORD-E8C92BF0EA9D,SETTLED
ICICI202606049074317,735714885071,3329157,INR,2026-05-29T08:47:22.249Z,ICICI,ORD-D5525D1F4693,PENDING
ICICI202606040411864,633776148441,4398081,INR,2026-05-30T01:47:22.249Z,ICICI,ORD-96D58F796822,SETTLED
ICICI202606041351265,959741356355,202189,INR,2026-06-01T16:47:22.249Z,ICICI,ORD-20F2A8C62B95,SETTLED
ICICI202606045951753,244474393731,3184332,INR,2026-06-01T15:47:22.249Z,ICICI,ORD-C1DD33BE6E41,SETTLED
ICICI202606043034484,736994987451,1950045,INR,2026-05-29T13:47:22.249Z,ICICI,ORD-8557EE5C78F0,SETTLED
ICICI202606046671163,666880696006,4127306,INR,2026-06-04T09:47:22.249Z,ICICI,ORD-6AB1B2520C73,SETTLED
ICICI202606045264462,164445054361,4800634,INR,2026-06-04T07:47:22.249Z,ICICI,ORD-97D044E6D2E2,SETTLED
ICICI202606049422181,347664206314,1966554,INR,2026-05-31T11:47:22.249Z,ICICI,ORD-950D1EE8A777,SETTLED
ICICI202606049205819,698593139671,3101209,INR,2026-06-04T13:47:22.249Z,ICICI,ORD-972863E15930,SETTLED
ICICI202606041130558,500660765782,488949,INR,2026-06-03T12:47:22.249Z,ICICI,ORD-6EE49F48B55D,SETTLED
ICICI202606048756984,076121599906,1418713,INR,2026-05-29T06:47:22.249Z,ICICI,ORD-4FA0FFCA0975,SETTLED
ICICI202606043345170,603692054380,3691060,INR,2026-05-30T03:47:22.249Z,ICICI,ORD-141DC7667123,SETTLED
ICICI202606049409212,753119549121,4432483,INR,2026-06-04T14:47:22.249Z,ICICI,ORD-DF356793C447,SETTLED
ICICI202606047080558,029434117779,1957552,INR,2026-06-04T07:47:22.249Z,ICICI,ORD-76FAEAA8B315,PENDING
ICICI202606048035086,111712913955,1796813,INR,2026-05-29T06:47:22.249Z,ICICI,ORD-6347D164F7C8,SETTLED
ICICI202606041567266,933425145520,4267401,INR,2026-06-01T14:47:22.249Z,ICICI,ORD-C6A86EFD475C,SETTLED
ICICI202606049998619,962198183130,641342,INR,2026-06-03T23:47:22.249Z,ICICI,ORD-436DDC6F26A9,SETTLED
ICICI202606043388819,648114517289,1181065,INR,2026-05-29T04:47:22.249Z,ICICI,ORD-792689B8FDC4,SETTLED
ICICI202606046658028,080094206759,4182369,INR,2026-06-01T21:47:22.249Z,ICICI,ORD-22831D5007BC,SETTLED
ICICI202606044631019,376940233797,1976614,INR,2026-06-02T04:47:22.249Z,ICICI,ORD-B709C6E9F293,SETTLED
ICICI202606045963707,180474590975,3594440,INR,2026-06-03T13:47:22.249Z,ICICI,ORD-B8A985D64FEC,PENDING
ICICI202606044406384,703057619121,2625619,INR,2026-05-29T01:47:22.249Z,ICICI,ORD-ECD2C681646B,SETTLED
ICICI202606042366990,630203953923,3835537,INR,2026-05-29T23:47:22.249Z,ICICI,ORD-67DA8E6F7667,SETTLED
ICICI202606044062840,014531981509,833946,INR,2026-05-30T23:47:22.249Z,ICICI,ORD-9DE9D020478E,SETTLED
ICICI202606042248614,607773864807,3313938,INR,2026-06-04T04:47:22.249Z,ICICI,ORD-7D68C7A3706B,SETTLED
ICICI202606042233372,979003904249,2116465,INR,2026-06-01T13:47:22.249Z,ICICI,ORD-6A4FBC5DF865,SETTLED
ICICI202606047972813,314806156939,4277767,INR,2026-05-31T15:47:22.249Z,ICICI,ORD-E2879454BE80,PENDING
ICICI202606045323803,215766278005,4127582,INR,2026-05-31T19:47:22.249Z,ICICI,ORD-446E99CBB2BB,SETTLED
ICICI202606048583798,787512660891,3043090,INR,2026-05-29T14:47:22.249Z,ICICI,ORD-D7D657EFD176,PENDING
ICICI202606043054472,023381033309,1858574,INR,2026-06-04T17:47:22.249Z,ICICI,ORD-D36830651206,SETTLED
ICICI202606043910943,380501300702,2534980,INR,2026-05-29T17:47:22.249Z,ICICI,ORD-853684EB4110,SETTLED
ICICI202606041904707,112240287969,2729836,INR,2026-06-03T09:47:22.249Z,ICICI,ORD-A5721ED28164,SETTLED
ICICI202606042158684,418939085843,3714561,INR,2026-05-29T07:47:22.249Z,ICICI,ORD-F9977A84DD77,SETTLED
ICICI202606043787657,044558385531,2693225,INR,2026-05-28T18:47:22.249Z,ICICI,ORD-83FBAF93905C,SETTLED
ICICI202606042592623,862540160137,2495219,INR,2026-06-04T17:47:22.249Z,ICICI,ORD-8CF414D32A40,SETTLED
ICICI202606040917481,085679657787,1336437,INR,2026-05-28T20:47:22.249Z,ICICI,ORD-DF682F85EC14,SETTLED
ICICI202606046962306,061106126846,4305656,INR,2026-06-04T12:47:22.249Z,ICICI,ORD-9EEFA0E874A4,SETTLED
ICICI202606049510636,225024660133,453069,INR,2026-05-28T22:47:22.249Z,ICICI,ORD-148B25E8F726,SETTLED
ICICI202606041546370,881118535491,4657061,INR,2026-05-31T02:47:22.249Z,ICICI,ORD-0990F26E56B3,SETTLED
ICICI202606042798547,606906798657,3101081,INR,2026-06-01T21:47:22.249Z,ICICI,ORD-88A850975E9D,SETTLED
ICICI202606041659385,442629536486,386036,INR,2026-05-30T18:47:22.249Z,ICICI,ORD-6EA2F5ADFCC5,SETTLED
ICICI202606042326327,470919376901,3565259,INR,2026-05-30T12:47:22.249Z,ICICI,ORD-90999CBE2BEC,SETTLED
ICICI202606046238214,688050072414,2904460,INR,2026-06-02T13:47:22.249Z,ICICI,ORD-EC1A2CAB02F1,SETTLED
ICICI202606042243327,239321597779,2379115,INR,2026-06-02T18:47:22.249Z,ICICI,ORD-431908739200,SETTLED
ICICI202606044300090,401156730996,3657622,INR,2026-06-03T21:47:22.249Z,ICICI,ORD-6187C277C885,SETTLED
ICICI202606041978286,154294723152,1258840,INR,2026-05-29T08:47:22.249Z,ICICI,ORD-7735F9187271,PENDING
ICICI202606048603194,341196716457,3322653,INR,2026-06-04T15:47:22.249Z,ICICI,ORD-6B2346BAC080,SETTLED
ICICI202606049064199,247667485856,921348,INR,2026-06-02T06:47:22.249Z,ICICI,ORD-C32529865375,SETTLED
ICICI202606040116162,824831787078,2530521,INR,2026-05-29T05:47:22.249Z,ICICI,ORD-85AA413767D0,SETTLED
ICICI202606049490332,050535389044,2789512,INR,2026-06-03T02:47:22.249Z,ICICI,ORD-2A08DDBA4658,SETTLED
ICICI202606049111471,988301954243,3329259,INR,2026-05-29T17:47:22.249Z,ICICI,ORD-F6751F6B0DEA,SETTLED
ICICI202606046914220,402976095273,1520804,INR,2026-05-31T18:47:22.249Z,ICICI,ORD-D8B3516E57EA,SETTLED
ICICI202606049405797,862074192818,2737728,INR,2026-06-03T05:47:22.249Z,ICICI,ORD-6CD1A32BB879,SETTLED
ICICI202606043665237,703759834555,1387820,INR,2026-06-04T05:47:22.249Z,ICICI,ORD-CBDFE0A6EE56,SETTLED
ICICI202606040648380,187317263219,2727069,INR,2026-05-30T04:47:22.249Z,ICICI,ORD-DD4B084FF8CC,SETTLED
ICICI202606048505821,546099008336,801827,INR,2026-05-30T15:47:22.249Z,ICICI,ORD-74BF9DC6F727,SETTLED
ICICI202606043299013,716363077237,1764055,INR,2026-05-31T07:47:22.249Z,ICICI,ORD-2AAF9DE68472,SETTLED
ICICI202606047729928,352854691813,4247006,INR,2026-05-29T01:47:22.249Z,ICICI,ORD-AC7391D7D8C8,SETTLED
ICICI202606040502769,693956961116,1524282,INR,2026-05-31T02:47:22.249Z,ICICI,ORD-22804851A362,SETTLED
ICICI202606048934491,521447985975,524883,INR,2026-05-31T22:47:22.249Z,ICICI,ORD-B7B51D6EEBC4,SETTLED
ICICI202606049317730,414380630272,1176979,INR,2026-05-30T14:47:22.249Z,ICICI,ORD-B3EB98CE9896,SETTLED
ICICI202606041222951,378486573388,605544,INR,2026-05-29T20:47:22.249Z,ICICI,ORD-38C152B8E28E,SETTLED
ICICI202606047133057,065309689737,4463243,INR,2026-05-31T17:47:22.249Z,ICICI,ORD-9A3DC1103EDA,PENDING
ICICI202606044484168,171003741517,2773004,INR,2026-05-31T23:47:22.250Z,ICICI,ORD-EB2B7C3650B2,SETTLED
ICICI202606044006205,480449246551,1461290,INR,2026-06-03T19:47:22.250Z,ICICI,ORD-4AFC59044DC6,SETTLED
ICICI202606046855437,894233594995,398504,INR,2026-06-02T09:47:22.250Z,ICICI,ORD-875E148B2206,SETTLED
ICICI202606046495560,158122926495,1798870,INR,2026-05-29T10:47:22.250Z,ICICI,ORD-10E8A686774C,SETTLED
ICICI202606046162395,767082461575,3394003,INR,2026-06-01T07:47:22.250Z,ICICI,ORD-397FC1BFAC03,SETTLED
ICICI202606043871098,741406867226,248097,INR,2026-05-28T19:47:22.250Z,ICICI,ORD-7710364C1855,SETTLED
ICICI202606040465585,299353723279,890270,INR,2026-05-29T01:47:22.250Z,ICICI,ORD-C107709C49CD,SETTLED
ICICI202606049560562,594643469406,2412835,INR,2026-05-29T17:47:22.250Z,ICICI,ORD-8FAC8666D8AC,SETTLED
ICICI202606043937477,865038688967,1500919,INR,2026-05-30T20:47:22.250Z,ICICI,ORD-336FEACAC57D,SETTLED
ICICI202606040696731,819710423267,1161263,INR,2026-06-01T07:47:22.250Z,ICICI,ORD-ADB1E4CAF101,SETTLED
ICICI202606047162738,624185705796,2622779,INR,2026-06-01T14:47:22.250Z,ICICI,ORD-CBA754177942,SETTLED
ICICI202606044957492,580602461668,776024,INR,2026-06-04T15:47:22.250Z,ICICI,ORD-FE99BF4D3DE2,SETTLED
ICICI202606048733403,953864904082,2422110,INR,2026-06-01T18:47:22.250Z,ICICI,ORD-AA4BEA876386,SETTLED
ICICI202606046577852,047472954150,4646184,INR,2026-05-31T06:47:22.250Z,ICICI,ORD-C958BEBF7A5B,SETTLED
ICICI202606048902185,926970474761,2022965,INR,2026-05-30T16:47:22.250Z,ICICI,ORD-A87CE87406B0,SETTLED
ICICI202606046582845,941956672224,2525508,INR,2026-05-31T20:47:22.250Z,ICICI,ORD-0938DBE6E06F,SETTLED
ICICI202606043409692,067767965570,160675,INR,2026-06-01T14:47:22.250Z,ICICI,ORD-94D282B555B7,SETTLED
ICICI202606047319035,613799786698,1372798,INR,2026-06-01T14:47:22.250Z,ICICI,ORD-74BA63EE8332,SETTLED
ICICI202606044467371,433626509611,3726301,INR,2026-06-02T16:47:22.250Z,ICICI,ORD-F0DF707EB42C,SETTLED
ICICI202606048076081,987548690019,4444206,INR,2026-05-30T23:47:22.250Z,ICICI,ORD-5EAD38D09DB2,SETTLED
ICICI202606042378184,450972311364,2560409,INR,2026-05-29T03:47:22.250Z,ICICI,ORD-57A033B3E798,SETTLED
ICICI202606040878858,694152245218,1738048,INR,2026-05-31T18:47:22.250Z,ICICI,ORD-6F5A0F6A9EF9,SETTLED
ICICI202606049434536,010144797096,4674917,INR,2026-06-04T17:47:22.250Z,ICICI,ORD-0209659E7E1B,SETTLED
ICICI202606043801393,779244097110,2681859,INR,2026-06-03T01:47:22.250Z,ICICI,ORD-6992E9482763,SETTLED
ICICI202606048422634,784896497640,2730838,INR,2026-05-30T07:47:22.250Z,ICICI,ORD-C3F6E95D859E,SETTLED
ICICI202606046294437,987115842023,1279796,INR,2026-06-03T13:47:22.250Z,ICICI,ORD-AAE7B974176F,SETTLED
ICICI202606046373567,804810221087,2195469,INR,2026-05-31T22:47:22.250Z,ICICI,ORD-3E1007C78C37,SETTLED
ICICI202606047291665,135888856463,4768764,INR,2026-06-03T13:47:22.250Z,ICICI,ORD-D74060943076,SETTLED
ICICI202606049497258,614936717524,4947664,INR,2026-06-02T13:47:22.250Z,ICICI,ORD-43AC65C46AF0,SETTLED
ICICI202606049430269,302523360670,4755801,INR,2026-06-04T16:47:22.250Z,ICICI,ORD-44101F92994C,SETTLED
ICICI202606042565512,975827384975,1865705,INR,2026-05-30T07:47:22.250Z,ICICI,ORD-5C6A281B25A2,PENDING
ICICI202606046308976,228068902398,4660160,INR,2026-06-03T19:47:22.250Z,ICICI,ORD-4D05C474FE1F,SETTLED
ICICI202606041456712,023448893459,1243795,INR,2026-06-01T04:47:22.250Z,ICICI,ORD-03FA10487A51,SETTLED
ICICI202606041813514,383097798748,448155,INR,2026-06-04T02:47:22.250Z,ICICI,ORD-73E39F3B877F,SETTLED
ICICI202606047427711,249090074470,1343317,INR,2026-06-04T05:47:22.250Z,ICICI,ORD-7332E756C624,PENDING
ICICI202606042082241,439546021740,1682158,INR,2026-06-01T15:47:22.250Z,ICICI,ORD-6C483B965886,SETTLED
ICICI202606049293490,510286006063,2801228,INR,2026-06-01T16:47:22.250Z,ICICI,ORD-7838936994D3,SETTLED
ICICI202606042564597,309115478117,316446,INR,2026-05-30T23:47:22.250Z,ICICI,ORD-8838786E19DA,SETTLED
ICICI202606045607104,082047902977,4655958,INR,2026-06-02T04:47:22.250Z,ICICI,ORD-C24BA783D9E9,SETTLED
ICICI202606047715434,837605862484,2451364,INR,2026-05-31T13:47:22.250Z,ICICI,ORD-D06B3729E1EC,SETTLED
ICICI202606046730881,352878221553,3524638,INR,2026-05-29T20:47:22.250Z,ICICI,ORD-B2735A3C0480,SETTLED
ICICI202606041734141,674325662050,3958461,INR,2026-05-29T18:47:22.250Z,ICICI,ORD-58C8031144E8,SETTLED
ICICI202606041476518,473269986171,1630909,INR,2026-06-02T17:47:22.250Z,ICICI,ORD-320F9516C3F5,SETTLED
ICICI202606043450016,018176078727,916636,INR,2026-06-02T14:47:22.250Z,ICICI,ORD-35E377D60DA0,SETTLED
ICICI202606041675079,079321776291,3106445,INR,2026-05-30T03:47:22.250Z,ICICI,ORD-63DDFB44F27F,SETTLED
ICICI202606047157143,402651784715,1994491,INR,2026-06-01T01:47:22.250Z,ICICI,ORD-75518B8BBF0F,SETTLED
ICICI202606045736028,637330518648,4859163,INR,2026-05-29T21:47:22.250Z,ICICI,ORD-A7795921FF12,SETTLED
ICICI202606044221907,532617824580,3484730,INR,2026-05-29T13:47:22.250Z,ICICI,ORD-BE6400495287,SETTLED
ICICI202606040825601,351713946373,2582582,INR,2026-05-30T17:47:22.250Z,ICICI,ORD-0FF4E21E6D57,SETTLED
ICICI202606046216865,072184368986,1694337,INR,2026-05-29T01:47:22.250Z,ICICI,ORD-750D90C6903F,SETTLED
ICICI202606040378484,126991637264,4998723,INR,2026-06-02T08:47:22.250Z,ICICI,ORD-24BBBACBAEC3,SETTLED
ICICI202606041160311,573094640068,87365,INR,2026-06-01T08:47:22.250Z,ICICI,ORD-FC54ABA32D06,SETTLED
ICICI202606040234893,970603626791,2466347,INR,2026-05-28T19:47:22.250Z,ICICI,ORD-40D30A741B50,SETTLED
ICICI202606046021660,645558095487,401758,INR,2026-05-29T13:47:22.250Z,ICICI,ORD-AC5EE7EA3BE0,SETTLED
ICICI202606041644103,149783100870,1641741,INR,2026-06-04T15:47:22.250Z,ICICI,ORD-6CD29C3B65A1,SETTLED
ICICI202606048285097,693804973997,2935168,INR,2026-06-01T12:47:22.250Z,ICICI,ORD-E4250F4C4A01,SETTLED
ICICI202606040491575,318080581451,4688308,INR,2026-05-31T02:47:22.250Z,ICICI,ORD-E20EAD9B051B,SETTLED
ICICI202606045355958,635840287311,1832493,INR,2026-06-03T06:47:22.250Z,ICICI,ORD-2240DDF8CEDE,SETTLED
ICICI202606043227169,972476019602,2360204,INR,2026-06-01T11:47:22.250Z,ICICI,ORD-CBB4CB3D8499,SETTLED
ICICI202606044148360,560672490270,1790226,INR,2026-06-03T01:47:22.250Z,ICICI,ORD-C0307CFD0D8D,SETTLED
ICICI202606046267246,601052263454,3732142,INR,2026-05-31T19:47:22.250Z,ICICI,ORD-0D43839C526E,SETTLED
ICICI202606046933648,781020468271,2303964,INR,2026-05-31T13:47:22.250Z,ICICI,ORD-0F6832BF91D1,SETTLED
ICICI202606043888149,296154275707,1108258,INR,2026-05-28T21:47:22.250Z,ICICI,ORD-FABF0DD2C85B,SETTLED
ICICI202606046512485,373867457284,3504284,INR,2026-06-01T13:47:22.250Z,ICICI,ORD-B21FEB3AF4EA,SETTLED
ICICI202606044657512,856904906210,2448148,INR,2026-06-01T15:47:22.250Z,ICICI,ORD-7E7DFDEBD339,SETTLED
ICICI202606047068254,715336946285,3929692,INR,2026-05-31T13:47:22.250Z,ICICI,ORD-95357727404A,SETTLED
ICICI202606048664158,380399974618,1368984,INR,2026-06-03T05:47:22.250Z,ICICI,ORD-0AB257E6F69C,SETTLED
ICICI202606049348726,543132142106,3480249,INR,2026-05-30T16:47:22.250Z,ICICI,ORD-942C2C19CD54,SETTLED
ICICI202606044675115,527808552345,1560186,INR,2026-06-04T13:47:22.250Z,ICICI,ORD-852D98C63E9F,SETTLED
ICICI202606040644871,892088204819,3406033,INR,2026-05-31T09:47:22.250Z,ICICI,ORD-E5F105DAD41A,SETTLED
ICICI202606044322522,865761427782,2685484,INR,2026-06-02T00:47:22.250Z,ICICI,ORD-7D06B038A1AF,PENDING
ICICI202606042389752,420162959024,354212,INR,2026-06-04T13:47:22.250Z,ICICI,ORD-7542A53197D7,SETTLED
ICICI202606040167460,361151337709,2570100,INR,2026-06-02T05:47:22.250Z,ICICI,ORD-FADE9958F7FC,SETTLED
ICICI202606040199050,203718861082,4060001,INR,2026-05-29T22:47:22.250Z,ICICI,ORD-70B8ABD7A1D5,SETTLED
ICICI202606043765810,866443835827,4687552,INR,2026-06-03T11:47:22.250Z,ICICI,ORD-D18165C4C6B1,PENDING
ICICI202606045715215,522820606777,3140363,INR,2026-05-31T05:47:22.250Z,ICICI,ORD-663C64C3E6C6,SETTLED
ICICI202606044840845,510298701054,3433155,INR,2026-06-03T05:47:22.250Z,ICICI,ORD-AF1F9BDB2A54,SETTLED
ICICI202606043070166,478932274537,3930411,INR,2026-05-31T06:47:22.250Z,ICICI,ORD-038BA7AE6412,SETTLED
ICICI202606042154756,851233311247,4985310,INR,2026-05-29T03:47:22.250Z,ICICI,ORD-4EFA9510BF84,SETTLED
ICICI202606047826815,776212781914,3514311,INR,2026-05-30T18:47:22.250Z,ICICI,ORD-6A14C606543B,SETTLED
ICICI202606047962591,088752570439,4105008,INR,2026-05-31T05:47:22.250Z,ICICI,ORD-C55257978CC5,SETTLED
ICICI202606048498562,074608010712,4259809,INR,2026-05-31T00:47:22.250Z,ICICI,ORD-B841EDF624E2,PENDING
ICICI202606045861126,029569935040,3223255,INR,2026-06-01T08:47:22.250Z,ICICI,ORD-5914E81FEB51,SETTLED
ICICI202606043237305,891525746623,2811231,INR,2026-05-29T21:47:22.250Z,ICICI,ORD-DE31A9DBE747,SETTLED
ICICI202606041613996,925705617066,4874958,INR,2026-05-30T01:47:22.250Z,ICICI,ORD-E4FB736552B5,SETTLED
ICICI202606044238430,717120604702,196288,INR,2026-06-02T02:47:22.250Z,ICICI,ORD-2E4E7F49CD4C,SETTLED
ICICI202606047187319,413771791226,4815646,INR,2026-05-30T18:47:22.250Z,ICICI,ORD-F1D9522B5CDB,SETTLED
ICICI202606044689506,506036610444,1496950,INR,2026-06-03T08:47:22.250Z,ICICI,ORD-E6F55A8BD30F,SETTLED
ICICI202606040478815,858643298632,2333576,INR,2026-06-04T03:47:22.250Z,ICICI,ORD-995D44F45BE2,SETTLED
ICICI202606043519517,525023377074,1316527,INR,2026-06-03T00:47:22.250Z,ICICI,ORD-A269B70CF762,SETTLED
ICICI202606042871377,900974609284,4774235,INR,2026-05-30T18:47:22.250Z,ICICI,ORD-619E930BB867,SETTLED
ICICI202606042949784,892342087850,3115501,INR,2026-06-02T16:47:22.250Z,ICICI,ORD-BA12D3690670,SETTLED
ICICI202606040997649,432431133371,3086314,INR,2026-05-31T19:47:22.250Z,ICICI,ORD-32B732B782CA,SETTLED
ICICI202606043905503,949941713762,271585,INR,2026-06-02T22:47:22.250Z,ICICI,ORD-CD3078C65E71,SETTLED
ICICI202606045356361,515167417888,1504097,INR,2026-06-03T00:47:22.250Z,ICICI,ORD-FACB8A4D8316,SETTLED
ICICI202606042929925,242563249578,726413,INR,2026-05-29T08:47:22.250Z,ICICI,ORD-1C8C1882919B,SETTLED
ICICI202606046236997,437760989787,2557784,INR,2026-06-04T08:47:22.250Z,ICICI,ORD-AFFD1A38A47B,SETTLED
ICICI202606045876929,580640116521,4029351,INR,2026-06-01T15:47:22.250Z,ICICI,ORD-187303D0475C,SETTLED
ICICI202606049094438,379811037367,3492407,INR,2026-05-29T02:47:22.250Z,ICICI,ORD-FD26E1EACD0E,SETTLED
ICICI202606040648696,786639103664,1422342,INR,2026-06-02T10:47:22.250Z,ICICI,ORD-C9677915EDB9,SETTLED
ICICI202606044987543,865087017621,2683075,INR,2026-06-04T10:47:22.250Z,ICICI,ORD-4A9628D88B2A,SETTLED
ICICI202606043398300,279942818210,2218160,INR,2026-06-04T05:47:22.250Z,ICICI,ORD-E271297F5F21,SETTLED
ICICI202606041554482,893480645424,3961117,INR,2026-06-03T00:47:22.250Z,ICICI,ORD-B7CE10EB1073,SETTLED
ICICI202606049595232,425712287576,3608581,INR,2026-05-31T05:47:22.250Z,ICICI,ORD-9606C5A88CF4,SETTLED
ICICI202606042455804,389540293129,1198786,INR,2026-05-28T20:47:22.250Z,ICICI,ORD-0D611C71E487,SETTLED
ICICI202606045808319,824334393117,2686247,INR,2026-06-02T22:47:22.250Z,ICICI,ORD-37FD40251734,SETTLED
ICICI202606047228305,577883881213,1626370,INR,2026-05-28T22:47:22.250Z,ICICI,ORD-09B5D89D791F,SETTLED
ICICI202606040711719,990165688532,1290037,INR,2026-06-03T17:47:22.250Z,ICICI,ORD-900760E7FE6A,SETTLED
ICICI202606045122398,716468101172,2836982,INR,2026-05-29T03:47:22.250Z,ICICI,ORD-3C20C1D48873,SETTLED
ICICI202606045672319,760280430599,4707948,INR,2026-06-01T23:47:22.250Z,ICICI,ORD-5E56D33DAAC9,SETTLED
ICICI202606048619744,699505064128,2690552,INR,2026-05-30T12:47:22.250Z,ICICI,ORD-CEEF41B1961E,SETTLED
ICICI202606044995149,540562050569,288716,INR,2026-06-03T08:47:22.250Z,ICICI,ORD-41688731F73E,SETTLED
ICICI202606048096457,376431985460,3608407,INR,2026-05-30T20:47:22.250Z,ICICI,ORD-4103F9E2F259,SETTLED
ICICI202606047355471,326462490256,3721084,INR,2026-06-03T10:47:22.250Z,ICICI,ORD-FF91AD95FE34,SETTLED
ICICI202606049107078,786891133688,553932,INR,2026-05-31T17:47:22.250Z,ICICI,ORD-640AB7FCCF4F,SETTLED
ICICI202606046442847,587867605460,2826130,INR,2026-05-29T01:47:22.250Z,ICICI,ORD-15CC0E0FEE41,SETTLED
ICICI202606049574605,513568103397,284817,INR,2026-06-04T10:47:22.250Z,ICICI,ORD-B76ECF0FDE87,SETTLED
ICICI202606043895321,463450026424,623479,INR,2026-05-29T03:47:22.250Z,ICICI,ORD-707CBF2A8F6E,SETTLED
ICICI202606047530926,346050323100,2600298,INR,2026-05-29T21:47:22.250Z,ICICI,ORD-8F476F3B1FB4,SETTLED
ICICI202606048438579,412915834355,1479183,INR,2026-05-28T19:47:22.250Z,ICICI,ORD-BCEED9E51367,SETTLED
ICICI202606047377342,495515578536,3911074,INR,2026-06-01T07:47:22.250Z,ICICI,ORD-CC04B77FD0A6,SETTLED
ICICI202606047562263,531851374137,91292,INR,2026-05-30T18:47:22.250Z,ICICI,ORD-20E089B51A97,SETTLED
ICICI202606043477217,291639966497,2969958,INR,2026-06-04T06:47:22.250Z,ICICI,ORD-CEBF09BED0C9,SETTLED
ICICI202606047724281,110074958302,4309434,INR,2026-05-28T18:47:22.250Z,ICICI,ORD-B9653AD9B7F8,SETTLED
ICICI202606045102433,272524009873,285680,INR,2026-05-30T13:47:22.250Z,ICICI,ORD-679EAB91E353,SETTLED
ICICI202606042820944,336917277200,4646792,INR,2026-06-01T18:47:22.250Z,ICICI,ORD-FECA2D0A504A,SETTLED
ICICI202606049895747,975184464538,3940307,INR,2026-05-30T19:47:22.250Z,ICICI,ORD-FD9186FBE429,SETTLED
ICICI202606040208956,273021591284,1806563,INR,2026-05-31T02:47:22.250Z,ICICI,ORD-E32D7E0188B2,SETTLED
ICICI202606041746928,354834441718,1030459,INR,2026-05-29T17:47:22.250Z,ICICI,ORD-44B80FD26769,SETTLED
ICICI202606042053718,256797426133,2285538,INR,2026-06-02T17:47:22.250Z,ICICI,ORD-90A333F16CCA,SETTLED
ICICI202606046070122,800976173982,1150860,INR,2026-05-29T00:47:22.250Z,ICICI,ORD-2CF671491607,SETTLED
ICICI202606041972821,078806711457,3889207,INR,2026-06-01T20:47:22.250Z,ICICI,ORD-E1C46FC2A389,SETTLED
ICICI202606049886515,723495139901,3873619,INR,2026-05-29T11:47:22.250Z,ICICI,ORD-0066720F96C6,SETTLED
ICICI202606040473785,180794560382,3186864,INR,2026-05-29T21:47:22.250Z,ICICI,ORD-947CCA74D7C2,SETTLED
ICICI202606049788897,849504172811,2091136,INR,2026-05-30T19:47:22.250Z,ICICI,ORD-07E2FCEAFE5A,SETTLED
ICICI202606044539042,738603641490,1666296,INR,2026-05-30T02:47:22.250Z,ICICI,ORD-8B9B4F77FBAC,SETTLED
ICICI202606044065717,701344325236,3186310,INR,2026-05-29T20:47:22.250Z,ICICI,ORD-F7288DC0FC13,SETTLED
ICICI202606040495512,727893245483,3110762,INR,2026-06-03T05:47:22.250Z,ICICI,ORD-4A5636C457F5,PENDING
ICICI202606040856235,074409604101,195402,INR,2026-05-30T04:47:22.250Z,ICICI,ORD-0B2DBCD14361,SETTLED
ICICI202606049978196,010446713934,3336211,INR,2026-05-29T14:47:22.250Z,ICICI,ORD-890359527698,SETTLED
ICICI202606049556754,112624401834,2717447,INR,2026-06-02T22:47:22.250Z,ICICI,ORD-A72C71CE5B6C,SETTLED
ICICI202606042183449,848734633363,3023760,INR,2026-05-30T02:47:22.250Z,ICICI,ORD-0BB81F9C6DAC,SETTLED
ICICI202606044170733,079497894693,2225563,INR,2026-05-31T16:47:22.250Z,ICICI,ORD-C8DAAFE4C7B2,SETTLED
ICICI202606043452154,998926724603,4245282,INR,2026-06-04T17:47:22.250Z,ICICI,ORD-8DE435974C1C,SETTLED
ICICI202606043961191,055461122546,4346469,INR,2026-06-04T14:47:22.250Z,ICICI,ORD-0EE48798920F,SETTLED
ICICI202606047126897,858334045127,3098933,INR,2026-05-31T17:47:22.250Z,ICICI,ORD-2EC8CDEB7C9A,SETTLED
ICICI202606040685991,487342811972,981693,INR,2026-05-29T01:47:22.250Z,ICICI,ORD-9A6C4CCED1CC,SETTLED
ICICI202606040130586,506797391696,1481259,INR,2026-06-03T04:47:22.250Z,ICICI,ORD-13F624FDA7E0,SETTLED
ICICI202606040991534,945387820276,4824004,INR,2026-06-04T04:47:22.250Z,ICICI,ORD-37FF0CD396B9,SETTLED
ICICI202606045582739,482048527332,4655861,INR,2026-06-04T01:47:22.250Z,ICICI,ORD-FF761944A73A,SETTLED
ICICI202606047964181,967271491438,2920257,INR,2026-06-04T03:47:22.250Z,ICICI,ORD-049B9C26E3FB,SETTLED
ICICI202606040783056,345036312275,1044886,INR,2026-06-02T12:47:22.251Z,ICICI,ORD-BFDB83775627,SETTLED
ICICI202606040806761,122097509614,1285252,INR,2026-06-03T03:47:22.251Z,ICICI,ORD-05ED8B4E3FC6,SETTLED
ICICI202606045729875,608008398970,3359047,INR,2026-06-03T07:47:22.251Z,ICICI,ORD-8DE0A488EAD7,SETTLED
ICICI202606048134614,245755909259,2740866,INR,2026-05-31T18:47:22.251Z,ICICI,ORD-1D2D0D0E1C00,SETTLED
ICICI202606045265537,716447225755,3963080,INR,2026-06-01T23:47:22.251Z,ICICI,ORD-C8A44FCADF95,SETTLED
ICICI202606040582067,127484549201,918713,INR,2026-05-30T04:47:22.251Z,ICICI,ORD-F9A36F52F0EA,SETTLED
ICICI202606041337030,537180943608,724024,INR,2026-05-30T16:47:22.251Z,ICICI,ORD-AC2484F01709,SETTLED
ICICI202606045702296,451841995000,2903598,INR,2026-06-03T00:47:22.251Z,ICICI,ORD-D1419974492B,SETTLED
ICICI202606047221738,922717929233,4711092,INR,2026-05-30T17:47:22.251Z,ICICI,ORD-890CDEB4D018,SETTLED
ICICI202606047660678,637897433796,4806515,INR,2026-06-02T20:47:22.251Z,ICICI,ORD-769FEB790594,SETTLED
ICICI202606046909577,868696170820,4307856,INR,2026-05-30T01:47:22.251Z,ICICI,ORD-1EA9EA0D40B4,SETTLED
ICICI202606042076871,039234023986,228418,INR,2026-05-29T03:47:22.251Z,ICICI,ORD-0AE2E490E6E1,SETTLED
ICICI202606049014909,385725620872,4103991,INR,2026-06-02T13:47:22.251Z,ICICI,ORD-60818B45DF27,SETTLED
ICICI202606040079605,158994431220,1017053,INR,2026-06-01T07:47:22.251Z,ICICI,ORD-D07F86375990,SETTLED
ICICI202606040985493,377567068870,2117071,INR,2026-05-31T23:47:22.251Z,ICICI,ORD-65130687F2B2,SETTLED
ICICI202606040044658,781052272212,1844325,INR,2026-05-31T17:47:22.251Z,ICICI,ORD-A4B0B0087895,SETTLED
ICICI202606042771811,965031115754,1522718,INR,2026-06-04T04:47:22.251Z,ICICI,ORD-CFF7FFC3D3C8,SETTLED
ICICI202606042070037,374862447051,3906962,INR,2026-06-04T16:47:22.251Z,ICICI,ORD-39719B3EFB61,SETTLED
ICICI202606042524891,068448308007,471370,INR,2026-05-30T01:47:22.251Z,ICICI,ORD-33BA033E9ADD,SETTLED
ICICI202606049326853,266489928919,3238402,INR,2026-06-02T09:47:22.251Z,ICICI,ORD-13B009F5C7D9,SETTLED
ICICI202606041186111,140892603045,2023689,INR,2026-06-03T21:47:22.251Z,ICICI,ORD-0E1BC1B3511F,SETTLED
ICICI202606043947186,303856680504,1889381,INR,2026-06-03T01:47:22.251Z,ICICI,ORD-7AEA9CF22F7A,SETTLED
ICICI202606042927169,987465664533,898746,INR,2026-05-31T11:47:22.251Z,ICICI,ORD-5FBEB44A440D,SETTLED
ICICI202606042229411,679560420203,4074553,INR,2026-06-01T11:47:22.251Z,ICICI,ORD-A02620AF1F21,SETTLED
ICICI202606047688303,889848867776,4452674,INR,2026-06-03T21:47:22.251Z,ICICI,ORD-E62A41F4506E,SETTLED
ICICI202606046516446,027573879498,2583552,INR,2026-05-31T20:47:22.251Z,ICICI,ORD-C449280EFDC9,SETTLED
ICICI202606042406059,248981064912,2940749,INR,2026-06-02T23:47:22.251Z,ICICI,ORD-95FD9E976A4E,SETTLED
ICICI202606044486121,244200656493,2879529,INR,2026-06-02T10:47:22.251Z,ICICI,ORD-9C3A55E97362,SETTLED
ICICI202606041758230,316715481903,2446669,INR,2026-06-02T19:47:22.251Z,ICICI,ORD-6CEA0C066628,SETTLED
ICICI202606044051994,649409792396,1224612,INR,2026-05-31T17:47:22.251Z,ICICI,ORD-9FA400D01C33,SETTLED
ICICI202606046871369,057777393889,2397290,INR,2026-05-30T08:47:22.251Z,ICICI,ORD-48767E36BF32,SETTLED
ICICI202606040628903,410040686144,3139132,INR,2026-05-31T01:47:22.251Z,ICICI,ORD-6DB16FAFEF3B,SETTLED
ICICI202606046329907,939016071669,3190628,INR,2026-06-02T19:47:22.251Z,ICICI,ORD-4ADABE4B59F2,SETTLED
ICICI202606044103755,022434248664,3842175,INR,2026-05-29T23:47:22.251Z,ICICI,ORD-BB09F374F383,SETTLED
ICICI202606048657992,436764924779,2943367,INR,2026-06-01T03:47:22.251Z,ICICI,ORD-1D3269DC4132,SETTLED
ICICI202606042268025,894061244753,2417118,INR,2026-06-01T18:47:22.251Z,ICICI,ORD-0E4C4655FF65,SETTLED
ICICI202606046168744,618407473191,3784396,INR,2026-05-31T16:47:22.251Z,ICICI,ORD-2EB8FB09FCFA,SETTLED
ICICI202606044051998,976202028619,4338863,INR,2026-05-29T13:47:22.251Z,ICICI,ORD-EF9AEE344A23,SETTLED
ICICI202606041915580,796062005884,4731989,INR,2026-05-31T01:47:22.251Z,ICICI,ORD-BDCBDAF8EE78,SETTLED
ICICI202606048899664,403125987506,4418787,INR,2026-05-29T17:47:22.251Z,ICICI,ORD-4961C44C326B,SETTLED
ICICI202606043704812,163849450314,269442,INR,2026-06-04T12:47:22.251Z,ICICI,ORD-C4EE14938268,SETTLED
ICICI202606047214696,985311486049,3007761,INR,2026-05-30T05:47:22.251Z,ICICI,ORD-DDE490FFB60B,SETTLED
ICICI202606043216121,362239235226,3949797,INR,2026-05-31T11:47:22.251Z,ICICI,ORD-D0220F34D3E5,SETTLED
ICICI202606046250313,696789281359,4592654,INR,2026-06-03T04:47:22.251Z,ICICI,ORD-4A614DB87AFD,SETTLED
ICICI202606048970158,146444556203,1271052,INR,2026-06-02T17:47:22.251Z,ICICI,ORD-0C8D885DC895,SETTLED
ICICI202606044118365,448347113291,1357025,INR,2026-06-03T12:47:22.251Z,ICICI,ORD-4E3CCD18ACB8,SETTLED
ICICI202606049192354,295702796094,3263665,INR,2026-06-03T11:47:22.251Z,ICICI,ORD-B91EDF54259C,PENDING
ICICI202606042264975,927249769833,2296511,INR,2026-05-31T22:47:22.251Z,ICICI,ORD-6EBCC6E496B9,PENDING
ICICI202606046433316,774254128464,4947223,INR,2026-06-02T09:47:22.251Z,ICICI,ORD-DD06FF2FEFEB,SETTLED
ICICI202606044541345,958714002742,882511,INR,2026-06-02T00:47:22.251Z,ICICI,ORD-56C6DD8A64B7,SETTLED
ICICI202606040466451,513550727297,1452268,INR,2026-05-30T19:47:22.251Z,ICICI,ORD-6F2688F2FFF9,SETTLED
ICICI202606042464507,905703077518,4855851,INR,2026-06-02T08:47:22.251Z,ICICI,ORD-FF4B70F4A444,PENDING
ICICI202606049784719,598540357781,3687217,INR,2026-05-29T21:47:22.251Z,ICICI,ORD-D9545DB1D18F,SETTLED
ICICI202606047609823,339606864860,3438550,INR,2026-06-03T15:47:22.251Z,ICICI,ORD-9FB522E7792B,SETTLED
ICICI202606047952126,888148950577,481342,INR,2026-05-30T00:47:22.251Z,ICICI,ORD-A5F79DC6867D,SETTLED
ICICI202606049183565,164461993607,4857476,INR,2026-05-30T15:47:22.251Z,ICICI,ORD-173F568A5B8D,SETTLED
ICICI202606045225405,158263228279,3413725,INR,2026-05-30T10:47:22.251Z,ICICI,ORD-2D927BDC7E35,SETTLED
ICICI202606041916875,847147142736,1205548,INR,2026-05-29T06:47:22.251Z,ICICI,ORD-9829A770388F,SETTLED
ICICI202606041235953,208703055037,2778883,INR,2026-05-30T15:47:22.251Z,ICICI,ORD-BEE79BC62A40,SETTLED
ICICI202606040120890,318894682382,1304848,INR,2026-05-29T22:47:22.251Z,ICICI,ORD-626C2D7AD51F,PENDING
ICICI202606047495720,336192713805,4130330,INR,2026-05-29T17:47:22.251Z,ICICI,ORD-6E85CDDE4EC8,PENDING
ICICI202606049651528,885576020304,626508,INR,2026-05-30T05:47:22.251Z,ICICI,ORD-45C9519DEB5E,SETTLED
ICICI202606046334611,479889386371,1194918,INR,2026-06-01T08:47:22.251Z,ICICI,ORD-9FEB4B42CBF2,SETTLED
ICICI202606043711138,180932730456,219929,INR,2026-05-29T00:47:22.251Z,ICICI,ORD-76F97EE1B1F2,SETTLED
ICICI202606042920443,008757669234,3773746,INR,2026-05-30T10:47:22.251Z,ICICI,ORD-2F34C96415D7,SETTLED
ICICI202606042257591,508799544107,2835749,INR,2026-05-29T13:47:22.251Z,ICICI,ORD-52405480412C,SETTLED
ICICI202606046720152,371111160685,4607921,INR,2026-06-01T16:47:22.251Z,ICICI,ORD-D9D1563C716A,SETTLED
ICICI202606040539206,987933084144,2389587,INR,2026-06-03T03:47:22.251Z,ICICI,ORD-9DBA143DC506,SETTLED
ICICI202606043537471,603896809371,2655992,INR,2026-05-29T00:47:22.251Z,ICICI,ORD-DC020237262D,SETTLED
ICICI202606047791921,575402220457,681759,INR,2026-06-02T13:47:22.251Z,ICICI,ORD-AAE6B521954E,SETTLED
ICICI202606048418738,064319394917,3764475,INR,2026-06-01T05:47:22.251Z,ICICI,ORD-6278EB86EBCF,PENDING
ICICI202606040582669,864850292917,4692746,INR,2026-06-01T11:47:22.251Z,ICICI,ORD-903E145A7DAA,SETTLED
ICICI202606046810911,155359951692,363117,INR,2026-06-04T09:47:22.251Z,ICICI,ORD-F2DC0FA0BFBD,SETTLED
ICICI202606046971532,988194134003,4955073,INR,2026-06-04T10:47:22.251Z,ICICI,ORD-61C0388367DB,SETTLED
ICICI202606042822941,109264047762,1301894,INR,2026-05-31T22:47:22.251Z,ICICI,ORD-FF73E9075319,SETTLED
ICICI202606043353779,315193386324,3664534,INR,2026-06-04T03:47:22.251Z,ICICI,ORD-253D6F80FAAF,SETTLED
ICICI202606047709820,790871473886,3619956,INR,2026-05-30T15:47:22.251Z,ICICI,ORD-8581420CD6E7,SETTLED
ICICI202606042199820,726918531921,1550112,INR,2026-05-31T03:47:22.251Z,ICICI,ORD-599AABCC8450,SETTLED
ICICI202606043594254,131447621460,3516309,INR,2026-06-04T03:47:22.251Z,ICICI,ORD-A6002A781035,SETTLED
ICICI202606044264545,198571081139,4528207,INR,2026-06-03T07:47:22.251Z,ICICI,ORD-755981961450,SETTLED
ICICI202606043418014,098353637973,3679245,INR,2026-05-30T09:47:22.251Z,ICICI,ORD-B112C856DCA7,SETTLED
ICICI202606049652207,781799768339,4183915,INR,2026-05-30T21:47:22.251Z,ICICI,ORD-0F806A3CE207,SETTLED
ICICI202606042264138,919998439903,2528820,INR,2026-06-01T04:47:22.251Z,ICICI,ORD-1E4175900524,SETTLED
ICICI202606042899952,282089047243,101012,INR,2026-05-31T08:47:22.251Z,ICICI,ORD-0A9971D81153,SETTLED
ICICI202606045557267,167210727459,3756904,INR,2026-06-01T12:47:22.251Z,ICICI,ORD-10532541F9B2,SETTLED
ICICI202606041176255,766337190443,749577,INR,2026-05-29T15:47:22.251Z,ICICI,ORD-FE031B99DC6D,SETTLED
ICICI202606043043561,418960693586,1388675,INR,2026-05-29T11:47:22.251Z,ICICI,ORD-FF6AC24F649B,SETTLED
ICICI202606044333341,377388706316,3080179,INR,2026-05-29T14:47:22.251Z,ICICI,ORD-D619033C8678,SETTLED
ICICI202606046488059,592292305539,2244107,INR,2026-06-01T11:47:22.251Z,ICICI,ORD-DD0ECB5B6080,SETTLED
ICICI202606041830164,000939480481,3632621,INR,2026-06-04T05:47:22.251Z,ICICI,ORD-2F8E72A6A6CC,SETTLED
ICICI202606045238338,898989452528,239826,INR,2026-06-04T13:47:22.251Z,ICICI,ORD-5FB41CF30444,SETTLED
ICICI202606044684326,429530206601,1950318,INR,2026-06-04T05:47:22.251Z,ICICI,ORD-BF52DA3E814C,SETTLED
ICICI202606046855801,952929342644,1113075,INR,2026-05-31T12:47:22.251Z,ICICI,ORD-E2E2AE600D41,SETTLED
ICICI202606049241514,405056976418,3964550,INR,2026-05-31T12:47:22.251Z,ICICI,ORD-19AA3013D8C4,SETTLED
ICICI202606041492371,691765406598,3636831,INR,2026-06-01T20:47:22.251Z,ICICI,ORD-84B66B633A2D,SETTLED
ICICI202606043301393,397850474739,2763596,INR,2026-05-28T19:47:22.251Z,ICICI,ORD-BB93E586CF45,SETTLED
ICICI202606049380137,559637397422,1709686,INR,2026-06-03T23:47:22.251Z,ICICI,ORD-BA3494865803,SETTLED
ICICI202606044397752,772484737882,425042,INR,2026-05-31T13:47:22.251Z,ICICI,ORD-9822F0748198,SETTLED
ICICI202606043977674,246330616241,717313,INR,2026-06-03T05:47:22.251Z,ICICI,ORD-885C48BBA5BC,SETTLED
ICICI202606049043192,004508728647,4109510,INR,2026-05-29T22:47:22.251Z,ICICI,ORD-AFECD17908BD,SETTLED
ICICI202606045493339,765788050920,981549,INR,2026-06-04T16:47:22.251Z,ICICI,ORD-3E9F19BC4BA5,SETTLED
ICICI202606048823069,177292125504,600944,INR,2026-06-01T13:47:22.251Z,ICICI,ORD-E7DF12909D7E,SETTLED
ICICI202606047975298,625493666728,2789148,INR,2026-05-28T19:47:22.251Z,ICICI,ORD-0B3C1E92ABFA,SETTLED
ICICI202606043057208,773432718979,974260,INR,2026-05-30T14:47:22.251Z,ICICI,ORD-F7833EF86EDD,SETTLED
ICICI202606047033583,116833084116,492214,INR,2026-05-29T02:47:22.251Z,ICICI,ORD-5D01BF85F4B0,PENDING
ICICI202606040929041,741494260221,188804,INR,2026-05-29T01:47:22.251Z,ICICI,ORD-2AC68E765E62,SETTLED
ICICI202606047966835,485529143510,4365944,INR,2026-06-03T22:47:22.251Z,ICICI,ORD-CE596B3E9FDC,SETTLED
ICICI202606040050346,180801165696,2218206,INR,2026-06-03T00:47:22.251Z,ICICI,ORD-D1157E54AF7F,SETTLED
ICICI202606045373083,234065347962,1241846,INR,2026-05-31T06:47:22.251Z,ICICI,ORD-FD76222504D1,SETTLED
ICICI202606044658098,977187200732,338930,INR,2026-05-31T09:47:22.251Z,ICICI,ORD-EAE772964852,SETTLED
ICICI202606047269478,720095987978,2133987,INR,2026-05-31T12:47:22.251Z,ICICI,ORD-E3AC82632FC1,SETTLED
ICICI202606042077837,370827043974,1089971,INR,2026-05-29T11:47:22.251Z,ICICI,ORD-87A60BD69C30,SETTLED
ICICI202606047309254,226600595886,1004954,INR,2026-06-04T09:47:22.251Z,ICICI,ORD-77A12FC2E2DA,SETTLED
ICICI202606042820779,872961856773,1682585,INR,2026-05-29T22:47:22.251Z,ICICI,ORD-BF83874B2E5D,PENDING
ICICI202606041992439,153674735203,2709214,INR,2026-06-01T17:47:22.251Z,ICICI,ORD-2C5B7306FD52,SETTLED
ICICI202606049900957,259598545276,3100706,INR,2026-06-01T07:47:22.251Z,ICICI,ORD-47F73A8E01B1,SETTLED
ICICI202606044099559,548757087592,4457507,INR,2026-05-31T06:47:22.251Z,ICICI,ORD-8C40A137E3D6,SETTLED
ICICI202606046476420,139284219268,1301439,INR,2026-05-31T13:47:22.251Z,ICICI,ORD-053C61E843C3,SETTLED
ICICI202606047405185,313842778932,2272850,INR,2026-06-03T20:47:22.251Z,ICICI,ORD-1984C5BD2BF7,SETTLED
ICICI202606048452704,657376178206,3606934,INR,2026-05-28T23:47:22.251Z,ICICI,ORD-78B3AC8BEB04,SETTLED
ICICI202606042864967,939482423554,3361461,INR,2026-05-31T13:47:22.251Z,ICICI,ORD-D189DD5D946C,SETTLED
ICICI202606048422996,715499695365,1922567,INR,2026-06-03T02:47:22.251Z,ICICI,ORD-740202AE9753,SETTLED
ICICI202606043543640,749686536446,312774,INR,2026-06-04T00:47:22.251Z,ICICI,ORD-343D88E540FB,SETTLED
ICICI202606042308123,860288472140,135131,INR,2026-06-03T08:47:22.251Z,ICICI,ORD-92DA4510C10C,SETTLED
ICICI202606046313874,825082075331,4728445,INR,2026-05-31T08:47:22.251Z,ICICI,ORD-A6ACFD702048,SETTLED
ICICI202606049226335,509434265391,4473081,INR,2026-05-31T00:47:22.251Z,ICICI,ORD-3AC18EA77AB2,SETTLED
ICICI202606045729014,499242046396,3058760,INR,2026-06-02T16:47:22.251Z,ICICI,ORD-7924A63AE520,SETTLED
ICICI202606049602074,871182376741,1127420,INR,2026-05-29T19:47:22.251Z,ICICI,ORD-06A3DC195EED,SETTLED
ICICI202606047528723,093608087344,2671143,INR,2026-05-31T11:47:22.251Z,ICICI,ORD-7E7B8083C73B,SETTLED
ICICI202606044150738,168370693777,2412651,INR,2026-05-30T01:47:22.251Z,ICICI,ORD-81D8E091CEF1,SETTLED
ICICI202606040129305,814093004244,1192325,INR,2026-06-02T21:47:22.251Z,ICICI,ORD-76723206F658,SETTLED
ICICI202606049942277,828025900235,490372,INR,2026-06-01T10:47:22.251Z,ICICI,ORD-D1166298071A,SETTLED
ICICI202606045386674,416891308224,3424738,INR,2026-05-30T10:47:22.251Z,ICICI,ORD-0B862D6B1DD8,SETTLED
ICICI202606040879624,052838643985,4210525,INR,2026-06-03T06:47:22.251Z,ICICI,ORD-2436DC229A57,SETTLED
ICICI202606044548663,767559565857,3221308,INR,2026-06-02T08:47:22.251Z,ICICI,ORD-3827F6F36D32,SETTLED
ICICI202606047571374,073770398611,2866906,INR,2026-06-03T04:47:22.251Z,ICICI,ORD-9353C86F4F8E,SETTLED
ICICI202606045004899,151171413813,1210700,INR,2026-05-28T18:47:22.251Z,ICICI,ORD-1E82B5F57063,SETTLED
ICICI202606049928902,082894601556,4846868,INR,2026-05-30T17:47:22.251Z,ICICI,ORD-F2068CF2DF8A,SETTLED
ICICI202606045798390,210333535394,3909190,INR,2026-05-31T04:47:22.251Z,ICICI,ORD-1BD2DEBAF976,SETTLED
ICICI202606044094573,249113491620,3574564,INR,2026-05-31T03:47:22.251Z,ICICI,ORD-CE2D2C164BA9,SETTLED
ICICI202606042896299,037983175908,22164,INR,2026-06-02T01:47:22.251Z,ICICI,ORD-D2679276D0AD,SETTLED
ICICI202606041857477,765715973387,3023698,INR,2026-05-29T15:47:22.251Z,ICICI,ORD-DD2959D54013,SETTLED
ICICI202606041080934,585739528847,611018,INR,2026-06-03T14:47:22.251Z,ICICI,ORD-840B08B3AD1D,SETTLED
ICICI202606048751042,976818194577,2532065,INR,2026-06-03T02:47:22.251Z,ICICI,ORD-3A6B8BA2F488,SETTLED
ICICI202606049709420,067663444127,1509092,INR,2026-06-02T12:47:22.251Z,ICICI,ORD-3235D074A28E,SETTLED
ICICI202606045601288,890171215546,3110426,INR,2026-05-28T22:47:22.251Z,ICICI,ORD-1C0FE11553FB,SETTLED
ICICI202606045154487,568902480517,3378628,INR,2026-05-31T04:47:22.251Z,ICICI,ORD-7572EC8B9BDE,SETTLED
ICICI202606045550768,145304564968,3902974,INR,2026-05-30T08:47:22.251Z,ICICI,ORD-B89458DE5AB9,SETTLED
ICICI202606048069824,009303001065,2423514,INR,2026-05-30T07:47:22.251Z,ICICI,ORD-43498D19400E,SETTLED
ICICI202606048716842,232017286703,1880625,INR,2026-06-02T03:47:22.251Z,ICICI,ORD-1CE129DDD945,SETTLED
ICICI202606045431444,082012046932,1324554,INR,2026-05-31T20:47:22.251Z,ICICI,ORD-B0E9B28E45B1,SETTLED
ICICI202606043946785,009364278514,582907,INR,2026-05-29T19:47:22.251Z,ICICI,ORD-2BA41494B61C,SETTLED
ICICI202606040131095,300928677355,3428627,INR,2026-05-31T10:47:22.251Z,ICICI,ORD-A8F8006DB034,SETTLED
ICICI202606040147326,010835379698,1367159,INR,2026-05-30T02:47:22.251Z,ICICI,ORD-AF95FFC308EA,SETTLED
ICICI202606043308444,445614772902,1982011,INR,2026-06-04T12:47:22.251Z,ICICI,ORD-F196E9F158DC,SETTLED
ICICI202606047392560,318576613253,4067775,INR,2026-06-02T05:47:22.251Z,ICICI,ORD-8F653BE45743,SETTLED
ICICI202606044922368,180477922414,3916425,INR,2026-05-31T10:47:22.252Z,ICICI,ORD-622E88AF6AB4,SETTLED
ICICI202606041620656,091735513950,2112979,INR,2026-05-30T16:47:22.252Z,ICICI,ORD-02D6CD05D379,PENDING
ICICI202606047946346,656444475675,3500307,INR,2026-06-01T19:47:22.252Z,ICICI,ORD-E16BF602A100,SETTLED
ICICI202606044557533,928870586631,4243278,INR,2026-05-29T20:47:22.252Z,ICICI,ORD-E3A547EE354A,PENDING
ICICI202606048886682,971514239840,2201766,INR,2026-05-29T20:47:22.252Z,ICICI,ORD-6515E8BDA5ED,SETTLED
ICICI202606047160437,356411034783,2894337,INR,2026-06-02T00:47:22.252Z,ICICI,ORD-9ED3CBAAD1E0,SETTLED
ICICI202606048176213,795777510567,2792083,INR,2026-06-01T17:47:22.252Z,ICICI,ORD-97F6EFA8B875,SETTLED
ICICI202606045468317,738798108386,4710527,INR,2026-06-01T01:47:22.252Z,ICICI,ORD-CCBC72DF31D9,SETTLED
ICICI202606046707167,693898290949,4663248,INR,2026-05-29T22:47:22.252Z,ICICI,ORD-92E0A031FE8E,SETTLED
ICICI202606043079064,649774570284,737038,INR,2026-06-02T11:47:22.252Z,ICICI,ORD-D53EE59A2EB6,SETTLED
ICICI202606044035018,543870133253,63290,INR,2026-06-01T06:47:22.252Z,ICICI,ORD-B3FC618B8696,SETTLED
ICICI202606046053432,146812290277,4852115,INR,2026-05-30T12:47:22.252Z,ICICI,ORD-2BD9EE7385DB,SETTLED
ICICI202606044016065,799945483537,3061081,INR,2026-05-28T20:47:22.252Z,ICICI,ORD-A27B38697884,SETTLED
ICICI202606045647265,082139321108,4413499,INR,2026-05-29T04:47:22.252Z,ICICI,ORD-2ED15AE34CC4,SETTLED
ICICI202606046592249,281649686159,3418925,INR,2026-05-31T15:47:22.252Z,ICICI,ORD-22F1C0FD6115,SETTLED
ICICI202606046611257,543095831255,4360900,INR,2026-06-03T09:47:22.252Z,ICICI,ORD-E175B95AFF23,SETTLED
ICICI202606040182077,144716728126,1938646,INR,2026-05-30T04:47:22.252Z,ICICI,ORD-94487B953D4B,SETTLED
ICICI202606049424260,421130698852,2323797,INR,2026-06-02T03:47:22.252Z,ICICI,ORD-39AC7B24053D,SETTLED
ICICI202606040859618,253083334633,1665910,INR,2026-06-03T01:47:22.252Z,ICICI,ORD-800256BD5473,SETTLED
ICICI202606042379437,595522280482,4378069,INR,2026-06-04T02:47:22.252Z,ICICI,ORD-FA3569599365,SETTLED
ICICI202606041680822,013613934407,3606465,INR,2026-05-29T14:47:22.252Z,ICICI,ORD-4C7CC8D77FC4,SETTLED
ICICI202606047301686,354188027447,3304670,INR,2026-06-03T21:47:22.252Z,ICICI,ORD-9D75359143D7,SETTLED
ICICI202606044003822,752290858447,140139,INR,2026-06-02T02:47:22.252Z,ICICI,ORD-FD0D85D2B564,SETTLED
ICICI202606049547433,317839853370,2960115,INR,2026-05-31T22:47:22.252Z,ICICI,ORD-114DA45E1EB9,SETTLED
ICICI202606048490058,282874561807,288509,INR,2026-06-04T02:47:22.252Z,ICICI,ORD-3E11233DFFFC,SETTLED
ICICI202606043840311,044263685506,4664153,INR,2026-05-31T11:47:22.252Z,ICICI,ORD-94C7A0D0727A,SETTLED
ICICI202606044389973,751994994576,4076023,INR,2026-05-28T21:47:22.252Z,ICICI,ORD-27C4F592C6B7,SETTLED
ICICI202606049446850,281476973940,94300,INR,2026-06-02T09:47:22.252Z,ICICI,ORD-20C099934232,SETTLED
ICICI202606043750210,687625342055,931652,INR,2026-05-29T09:47:22.252Z,ICICI,ORD-215C19C17D73,SETTLED
ICICI202606041815028,647162032996,2466291,INR,2026-06-03T05:47:22.252Z,ICICI,ORD-00A8D9671D50,SETTLED
ICICI202606047905698,826626716018,2026344,INR,2026-06-01T12:47:22.252Z,ICICI,ORD-41FBCDD8FA85,SETTLED
ICICI202606044189520,626816108481,4152256,INR,2026-06-04T11:47:22.252Z,ICICI,ORD-4F2F7E1FFFC8,SETTLED
ICICI202606040880219,050698868073,4568562,INR,2026-06-04T17:47:22.252Z,ICICI,ORD-D7F79F2FD22D,SETTLED
ICICI202606048206456,034571604968,4230400,INR,2026-05-29T05:47:22.252Z,ICICI,ORD-F19D37B4D08F,PENDING
ICICI202606044744082,117420361901,785565,INR,2026-05-31T20:47:22.252Z,ICICI,ORD-BBED8803D5D9,PENDING
ICICI202606048763826,588906347238,76756,INR,2026-06-01T10:47:22.252Z,ICICI,ORD-0D54CF570297,SETTLED
ICICI202606048004077,346840797861,4074083,INR,2026-06-03T19:47:22.252Z,ICICI,ORD-794632CB179B,SETTLED
ICICI202606042865379,793151642251,948139,INR,2026-05-29T21:47:22.252Z,ICICI,ORD-FE913D66AF4E,SETTLED
ICICI202606045572715,375997255615,3839559,INR,2026-06-01T21:47:22.252Z,ICICI,ORD-40F2075C62DA,SETTLED
ICICI202606048513171,625472921117,2882578,INR,2026-05-30T05:47:22.252Z,ICICI,ORD-21C15DE2FE95,SETTLED
ICICI202606044144146,920530471524,630876,INR,2026-06-04T17:47:22.252Z,ICICI,ORD-8D402A9E1411,SETTLED
ICICI202606041224362,272590229271,3839215,INR,2026-05-31T04:47:22.252Z,ICICI,ORD-F65E1BF2BEB4,SETTLED
ICICI202606045087033,793139338252,2605109,INR,2026-05-29T12:47:22.252Z,ICICI,ORD-66B6D3F6418D,SETTLED
ICICI202606045440375,744130761904,947323,INR,2026-05-29T19:47:22.252Z,ICICI,ORD-56D7E92D90DB,SETTLED
ICICI202606045210678,050544078072,1900762,INR,2026-05-30T23:47:22.252Z,ICICI,ORD-072F35330C10,SETTLED
ICICI202606048807824,292261476875,1310486,INR,2026-05-30T07:47:22.252Z,ICICI,ORD-93F49A472089,SETTLED
ICICI202606047085428,849650555945,3629346,INR,2026-05-31T13:47:22.252Z,ICICI,ORD-73DC08A6D5B8,SETTLED
ICICI202606043188850,626947666311,4399926,INR,2026-05-29T02:47:22.252Z,ICICI,ORD-3F997967D5FC,SETTLED
ICICI202606046019021,891540611326,3379979,INR,2026-05-30T06:47:22.252Z,ICICI,ORD-B76209A93C1A,SETTLED
ICICI202606048091206,368867257571,109286,INR,2026-06-03T06:47:22.252Z,ICICI,ORD-411A9F8D002F,SETTLED
ICICI202606042481710,102908225914,2115695,INR,2026-05-30T13:47:22.252Z,ICICI,ORD-F6A37B066973,SETTLED
ICICI202606047665769,596537211154,226344,INR,2026-06-03T07:47:22.252Z,ICICI,ORD-6FFA79DD84AA,SETTLED
ICICI202606049718686,971995139182,307079,INR,2026-06-03T15:47:22.252Z,ICICI,ORD-A9918F8CC65F,SETTLED
ICICI202606046500448,903877736292,4941657,INR,2026-05-29T21:47:22.252Z,ICICI,ORD-C96B22DFCDA2,SETTLED
ICICI202606044153436,930440474958,1505827,INR,2026-05-28T20:47:22.252Z,ICICI,ORD-9A5B8D7748C7,SETTLED
ICICI202606044207913,886583364543,1946528,INR,2026-05-29T17:47:22.252Z,ICICI,ORD-9EBFF4666D3E,SETTLED
ICICI202606048989614,103306999227,1380775,INR,2026-06-03T12:47:22.252Z,ICICI,ORD-70A54CD1B383,SETTLED
ICICI202606042013604,122398131996,2336006,INR,2026-06-01T05:47:22.252Z,ICICI,ORD-0CD4949F5F94,SETTLED
ICICI202606040672440,012317637957,4208534,INR,2026-06-02T16:47:22.252Z,ICICI,ORD-662EA8CB8500,SETTLED
ICICI202606041183648,996456965547,4365018,INR,2026-06-04T13:47:22.252Z,ICICI,ORD-ABCB0B726A17,PENDING
ICICI202606042241674,121851578946,3195895,INR,2026-06-02T19:47:22.252Z,ICICI,ORD-BBFA8D90772B,SETTLED
ICICI202606046100200,654990334882,1303257,INR,2026-06-04T06:47:22.252Z,ICICI,ORD-1CB17A81DE79,SETTLED
ICICI202606046610671,221224270477,2014464,INR,2026-06-04T15:47:22.252Z,ICICI,ORD-59D1CCBA3694,SETTLED
ICICI202606046978122,450186688533,3956401,INR,2026-05-31T04:47:22.252Z,ICICI,ORD-A14098C5A05B,SETTLED
ICICI202606048247134,552197213455,2193852,INR,2026-05-30T16:47:22.252Z,ICICI,ORD-400068DDA258,SETTLED
ICICI202606049633979,033585257200,4960078,INR,2026-05-28T22:47:22.252Z,ICICI,ORD-D0C903D90F44,SETTLED
ICICI202606043683761,025840923836,892138,INR,2026-05-31T19:47:22.252Z,ICICI,ORD-A0F4A6BDF3C5,SETTLED
ICICI202606042817886,103735198726,4347202,INR,2026-06-04T17:47:22.252Z,ICICI,ORD-6E522E0193D3,SETTLED
ICICI202606045437707,491671846671,1120398,INR,2026-05-29T13:47:22.252Z,ICICI,ORD-9169632FE2CE,SETTLED
ICICI202606049031533,771861554938,1273491,INR,2026-05-31T12:47:22.252Z,ICICI,ORD-54C304E68C80,SETTLED
ICICI202606042568345,295903992613,1424113,INR,2026-06-01T18:47:22.252Z,ICICI,ORD-01B8B7B3EC89,SETTLED
ICICI202606041044816,638087484924,3199658,INR,2026-05-29T06:47:22.252Z,ICICI,ORD-5D2D6A0AA452,SETTLED
ICICI202606044257915,117919577150,2637768,INR,2026-06-04T17:47:22.252Z,ICICI,ORD-8847F2A7DD73,SETTLED
ICICI202606049507049,657414828367,4366298,INR,2026-06-03T18:47:22.252Z,ICICI,ORD-0196127307BE,SETTLED
ICICI202606049347492,822524140454,2993617,INR,2026-06-01T03:47:22.252Z,ICICI,ORD-331203008964,PENDING
ICICI202606041675793,910409448708,1860709,INR,2026-06-01T01:47:22.252Z,ICICI,ORD-A26243F42140,SETTLED
ICICI202606048827856,701446703157,4371727,INR,2026-05-30T08:47:22.252Z,ICICI,ORD-32ABC3044E7D,PENDING
ICICI202606043738472,691168416999,4528771,INR,2026-06-02T11:47:22.252Z,ICICI,ORD-07C65476E165,SETTLED
ICICI202606044927131,991886227067,2250191,INR,2026-06-04T05:47:22.252Z,ICICI,ORD-FDDAF51FF00A,SETTLED
ICICI202606041675278,690465694766,405288,INR,2026-06-01T12:47:22.252Z,ICICI,ORD-2858EB1C43BF,SETTLED
ICICI202606046390299,054758645711,4362601,INR,2026-05-31T01:47:22.252Z,ICICI,ORD-E9C7BEB4B058,SETTLED
ICICI202606049757866,275040719338,1019861,INR,2026-05-31T08:47:22.252Z,ICICI,ORD-FC52AD268F92,SETTLED
ICICI202606048521865,645482565631,2599012,INR,2026-06-04T01:47:22.252Z,ICICI,ORD-14248B5BD2F2,SETTLED
ICICI202606044802124,513874586793,1023618,INR,2026-05-30T12:47:22.252Z,ICICI,ORD-E6CE08A91C54,SETTLED
ICICI202606042088214,085364345476,4669047,INR,2026-05-29T00:47:22.252Z,ICICI,ORD-B9784CCA042B,SETTLED
ICICI202606045118210,540887080115,1651435,INR,2026-05-29T09:47:22.252Z,ICICI,ORD-27E586FC707B,SETTLED
ICICI202606043429682,230842801586,2512277,INR,2026-06-03T22:47:22.252Z,ICICI,ORD-C5C58CBF1AD0,SETTLED
ICICI202606044572937,960517434031,3186428,INR,2026-06-02T10:47:22.252Z,ICICI,ORD-AAA26C58FD7E,SETTLED
ICICI202606044186869,935620055639,416472,INR,2026-06-02T16:47:22.252Z,ICICI,ORD-015DD7F0EC34,SETTLED
ICICI202606046773129,996188675271,3996880,INR,2026-05-31T03:47:22.252Z,ICICI,ORD-3758CEBCC56F,SETTLED
ICICI202606043541158,347390487323,2627961,INR,2026-06-01T08:47:22.252Z,ICICI,ORD-01DE77F42991,SETTLED
ICICI202606042744524,961968128896,680038,INR,2026-06-02T11:47:22.252Z,ICICI,ORD-58F3974263DF,SETTLED
ICICI202606043480346,161769021955,2908483,INR,2026-05-30T10:47:22.252Z,ICICI,ORD-FCF3C61AB8BA,PENDING
ICICI202606041113529,831329560135,773898,INR,2026-05-31T05:47:22.252Z,ICICI,ORD-6444F47E0A90,SETTLED
ICICI202606047331828,393184665645,2213853,INR,2026-05-30T06:47:22.252Z,ICICI,ORD-69093DBC6CE5,SETTLED
ICICI202606045012955,662584140320,4416118,INR,2026-06-01T22:47:22.252Z,ICICI,ORD-B238F87BC682,SETTLED
ICICI202606043741906,481009991350,2157011,INR,2026-06-03T13:47:22.252Z,ICICI,ORD-CE60A848B77A,SETTLED
ICICI202606042448202,992290096154,4260198,INR,2026-05-29T16:47:22.252Z,ICICI,ORD-037304CCCBFC,SETTLED
ICICI202606043039335,366573949352,2846675,INR,2026-06-01T09:47:22.252Z,ICICI,ORD-4BF31AFE6765,SETTLED
ICICI202606046610910,880532761495,1882402,INR,2026-06-03T23:47:22.252Z,ICICI,ORD-750FBC0EA54A,SETTLED
ICICI202606045290765,423163207456,1582186,INR,2026-06-01T02:47:22.252Z,ICICI,ORD-B154B6073883,PENDING
ICICI202606046658260,446223122065,2698865,INR,2026-06-02T23:47:22.252Z,ICICI,ORD-FA8945725EE7,SETTLED
ICICI202606048620208,891642199237,3835819,INR,2026-05-28T19:47:22.252Z,ICICI,ORD-9114A26A62BC,SETTLED
ICICI202606041571116,234178040908,4836286,INR,2026-06-04T06:47:22.252Z,ICICI,ORD-92FA0B0A316C,SETTLED
ICICI202606041288605,232988221453,2685668,INR,2026-06-02T05:47:22.252Z,ICICI,ORD-3D52C44C30A0,SETTLED
ICICI202606046250040,617429895550,227156,INR,2026-05-29T20:47:22.252Z,ICICI,ORD-19BF6BDC98BB,SETTLED
ICICI202606045272258,792116810739,3783504,INR,2026-06-01T17:47:22.252Z,ICICI,ORD-A26BCBA8004F,SETTLED
ICICI202606042398623,933413959752,1733255,INR,2026-05-31T15:47:22.252Z,ICICI,ORD-EB2363BF6084,SETTLED
ICICI202606049176832,885585916635,2736101,INR,2026-05-29T10:47:22.252Z,ICICI,ORD-504582F025DB,SETTLED
ICICI202606048632671,389046867048,1365408,INR,2026-06-03T17:47:22.252Z,ICICI,ORD-79F32B766F5E,SETTLED
ICICI202606044266594,117288472123,2682508,INR,2026-05-31T01:47:22.252Z,ICICI,ORD-55A268AF29C5,SETTLED
ICICI202606048118371,151803261233,781002,INR,2026-06-04T16:47:22.252Z,ICICI,ORD-E55C57DAFC5E,SETTLED
ICICI202606042950531,566597641557,2920661,INR,2026-05-31T09:47:22.252Z,ICICI,ORD-2E8BF981770A,SETTLED
ICICI202606043511610,932338157492,3627446,INR,2026-05-31T10:47:22.252Z,ICICI,ORD-E0ABD7475D52,SETTLED
ICICI202606048183211,657510012613,3008036,INR,2026-06-04T13:47:22.252Z,ICICI,ORD-2A189D830607,PENDING
ICICI202606048153221,621726067678,4466026,INR,2026-06-02T18:47:22.252Z,ICICI,ORD-AFE6B4E855D8,SETTLED
ICICI202606044892773,599468606971,1812337,INR,2026-06-04T11:47:22.252Z,ICICI,ORD-0F0F773AAA70,SETTLED
ICICI202606045282833,719359876874,1018328,INR,2026-06-03T21:47:22.252Z,ICICI,ORD-F8EBD56C44B2,SETTLED
ICICI202606046408701,609307284996,3783753,INR,2026-05-28T22:47:22.252Z,ICICI,ORD-607DB1B43697,SETTLED
ICICI202606042524435,154903041571,1421782,INR,2026-05-31T19:47:22.252Z,ICICI,ORD-821C81C78453,SETTLED
ICICI202606043563408,453192540755,1350514,INR,2026-06-03T08:47:22.252Z,ICICI,ORD-636203E581E5,PENDING
ICICI202606041319869,850945827397,4046888,INR,2026-05-31T02:47:22.252Z,ICICI,ORD-417942AC67C0,SETTLED
ICICI202606043855269,907890832777,468420,INR,2026-06-01T18:47:22.252Z,ICICI,ORD-0807685455E1,SETTLED
ICICI202606043413698,034907651755,826713,INR,2026-05-31T16:47:22.252Z,ICICI,ORD-45946A12F999,SETTLED
ICICI202606040460321,099584616244,1720249,INR,2026-06-02T11:47:22.252Z,ICICI,ORD-664F95A53E04,SETTLED
ICICI202606047208587,760692825430,1068302,INR,2026-06-01T09:47:22.252Z,ICICI,ORD-638AE05FF083,SETTLED
ICICI202606049179246,542738120051,3345852,INR,2026-06-03T12:47:22.252Z,ICICI,ORD-0FDE35B9F186,SETTLED
ICICI202606043050786,577594389331,2040179,INR,2026-06-02T16:47:22.252Z,ICICI,ORD-D72095E88584,SETTLED
ICICI202606042817431,833268020069,4781307,INR,2026-06-02T01:47:22.252Z,ICICI,ORD-9EA331600BAA,SETTLED
ICICI202606041106319,460939731835,4874684,INR,2026-06-01T03:47:22.252Z,ICICI,ORD-79441749D480,SETTLED
ICICI202606044809836,365098741239,2757465,INR,2026-05-30T05:47:22.252Z,ICICI,ORD-BBEDB5DBDD1A,SETTLED
ICICI202606047757258,097417727584,3810968,INR,2026-05-29T22:47:22.252Z,ICICI,ORD-1D8F1EEC6A34,SETTLED
ICICI202606043196985,784832630682,1217668,INR,2026-06-02T03:47:22.252Z,ICICI,ORD-A3539C33531B,SETTLED
ICICI202606047670250,548889113330,21256,INR,2026-06-01T02:47:22.252Z,ICICI,ORD-78178D8FE316,SETTLED
ICICI202606046299380,677977625636,4785201,INR,2026-06-01T05:47:22.252Z,ICICI,ORD-BA4C44FBED80,SETTLED
ICICI202606049551338,590267925789,3701505,INR,2026-05-29T00:47:22.252Z,ICICI,ORD-497BD8E73FC4,SETTLED
ICICI202606045236368,324560828945,4013630,INR,2026-06-01T09:47:22.252Z,ICICI,ORD-575596FAD255,SETTLED
ICICI202606044759682,275081089999,912433,INR,2026-05-29T04:47:22.252Z,ICICI,ORD-FB6D09C29D57,SETTLED
ICICI202606042820529,575531915934,2344782,INR,2026-06-02T07:47:22.252Z,ICICI,ORD-0266F028E91E,SETTLED
ICICI202606046267299,950682636800,227858,INR,2026-05-31T03:47:22.252Z,ICICI,ORD-B0344857DA61,SETTLED
ICICI202606046588759,561978282824,201227,INR,2026-06-01T22:47:22.252Z,ICICI,ORD-90DA73FA0732,SETTLED
ICICI202606045728135,462147523774,542680,INR,2026-06-04T17:47:22.252Z,ICICI,ORD-976D90DF5AA4,SETTLED
ICICI202606047356493,221011356073,2542688,INR,2026-06-03T05:47:22.252Z,ICICI,ORD-8066A2A7CF7C,SETTLED
ICICI202606046246016,090353312530,243286,INR,2026-05-29T19:47:22.252Z,ICICI,ORD-4F0A5A3330BE,SETTLED
ICICI202606043154338,882148144089,2130577,INR,2026-05-29T05:47:22.252Z,ICICI,ORD-B8EAAAE05DD6,SETTLED
ICICI202606041208096,895301213432,4941371,INR,2026-05-30T04:47:22.252Z,ICICI,ORD-1951BC5001E9,SETTLED
ICICI202606044605581,877176319772,4457575,INR,2026-05-30T15:47:22.252Z,ICICI,ORD-EDEFE199747B,SETTLED
ICICI202606041010027,353573758843,728277,INR,2026-05-29T09:47:22.252Z,ICICI,ORD-F9F0357BE9D1,SETTLED
ICICI202606041413785,856453363981,3948753,INR,2026-05-29T02:47:22.252Z,ICICI,ORD-4A6551F898F7,SETTLED
ICICI202606047798092,469070242170,4381034,INR,2026-05-30T20:47:22.252Z,ICICI,ORD-38865741B7C2,SETTLED
ICICI202606048517774,067519289059,436969,INR,2026-06-03T06:47:22.253Z,ICICI,ORD-ADB0D6D647FC,SETTLED
ICICI202606042408276,654673404311,2573485,INR,2026-06-01T14:47:22.253Z,ICICI,ORD-12EDD45D9778,SETTLED
ICICI202606047568588,913802056188,1836238,INR,2026-06-02T13:47:22.253Z,ICICI,ORD-3B53DD3D2061,SETTLED
ICICI202606047200205,951486864970,1780653,INR,2026-06-02T09:47:22.253Z,ICICI,ORD-77634338332A,SETTLED
ICICI202606047860133,423130624548,1484941,INR,2026-05-29T02:47:22.253Z,ICICI,ORD-8B6324A4A670,SETTLED
ICICI202606045411266,520656776559,1397405,INR,2026-05-30T00:47:22.253Z,ICICI,ORD-D31ADD7A2851,SETTLED
ICICI202606048619141,052287731141,3033773,INR,2026-05-30T00:47:22.253Z,ICICI,ORD-D5D6B621774C,SETTLED
ICICI202606048309048,877969590232,3605594,INR,2026-06-01T13:47:22.253Z,ICICI,ORD-24371E26A7C5,SETTLED
ICICI202606046155656,144375778563,1668674,INR,2026-05-31T12:47:22.253Z,ICICI,ORD-3FC19FBDE338,SETTLED
ICICI202606049355306,956348614973,4549913,INR,2026-05-30T23:47:22.253Z,ICICI,ORD-AD1CE3960619,SETTLED
ICICI202606042632106,202393352718,1110712,INR,2026-05-30T02:47:22.253Z,ICICI,ORD-6BA7FFE22D55,SETTLED
ICICI202606044587079,850383157339,1237630,INR,2026-05-28T23:47:22.253Z,ICICI,ORD-BA3FA53BD982,SETTLED
ICICI202606042296451,033334406300,1893757,INR,2026-05-31T01:47:22.253Z,ICICI,ORD-AA91ABFE7D29,SETTLED
ICICI202606046177522,196517964077,2324214,INR,2026-05-31T17:47:22.253Z,ICICI,ORD-3269A90CE8BF,SETTLED
ICICI202606042166035,471506636727,3480874,INR,2026-06-02T16:47:22.253Z,ICICI,ORD-5BB28A1BD0AB,SETTLED
ICICI202606040165300,234763265422,1002463,INR,2026-06-03T05:47:22.253Z,ICICI,ORD-5E625AFE0875,SETTLED
ICICI202606040819309,034855832730,566980,INR,2026-05-30T05:47:22.253Z,ICICI,ORD-93CCE0F1A860,SETTLED
ICICI202606046074275,472260305215,3352710,INR,2026-06-01T10:47:22.253Z,ICICI,ORD-D06819572189,SETTLED
ICICI202606040358164,173862232434,194708,INR,2026-05-30T14:47:22.253Z,ICICI,ORD-17DA1893B18D,SETTLED
ICICI202606049949194,683311536084,983832,INR,2026-06-01T14:47:22.253Z,ICICI,ORD-BB2EC17B460A,SETTLED
ICICI202606048462977,138737574406,3090261,INR,2026-06-04T14:47:22.253Z,ICICI,ORD-72282121FA35,SETTLED
ICICI202606040740656,356452040681,3563715,INR,2026-06-04T10:47:22.253Z,ICICI,ORD-1F380FB45195,SETTLED
ICICI202606048839354,933343548931,4288348,INR,2026-06-02T11:47:22.253Z,ICICI,ORD-9B013D87996F,SETTLED
ICICI202606044320775,556683210391,4455842,INR,2026-06-01T15:47:22.253Z,ICICI,ORD-E7D1B8DBF42B,SETTLED
ICICI202606040869126,438113360742,3088781,INR,2026-06-02T04:47:22.253Z,ICICI,ORD-8D1143145420,SETTLED
ICICI202606048552977,437364625239,124370,INR,2026-05-30T00:47:22.253Z,ICICI,ORD-F68C42878287,SETTLED
ICICI202606049155398,579428211171,1928085,INR,2026-06-03T03:47:22.253Z,ICICI,ORD-7C0AB3F25CF6,SETTLED
ICICI202606044941996,391344509016,235409,INR,2026-05-29T14:47:22.253Z,ICICI,ORD-E5DFD38F790E,SETTLED
ICICI202606048130196,495427198351,995700,INR,2026-06-01T03:47:22.253Z,ICICI,ORD-928745A0EBBD,SETTLED
ICICI202606047556449,919181026874,1548291,INR,2026-05-30T02:47:22.253Z,ICICI,ORD-A0C4AFC8D702,SETTLED
ICICI202606044457844,137585251755,3177579,INR,2026-05-29T09:47:22.253Z,ICICI,ORD-14FF11F70AC5,SETTLED
ICICI202606048294177,395345441940,4430233,INR,2026-06-02T17:47:22.253Z,ICICI,ORD-EB8DDE2300B2,SETTLED
ICICI202606049288716,331069598109,2949905,INR,2026-05-30T03:47:22.253Z,ICICI,ORD-4B8EDF216D83,SETTLED
ICICI202606049647894,619999480233,549891,INR,2026-05-31T06:47:22.253Z,ICICI,ORD-CDCD2A5CC6EE,SETTLED
ICICI202606043768691,104682897934,1632978,INR,2026-05-30T17:47:22.253Z,ICICI,ORD-89E33DF483CC,SETTLED
ICICI202606044524308,915670386630,430262,INR,2026-06-01T01:47:22.253Z,ICICI,ORD-C8D6229FB886,SETTLED
ICICI202606049495386,712126531835,695358,INR,2026-06-01T21:47:22.253Z,ICICI,ORD-00698B9F1B09,SETTLED
ICICI202606043835837,032181019927,1560435,INR,2026-05-29T03:47:22.253Z,ICICI,ORD-43BCD188E596,PENDING
ICICI202606046325715,099745717875,109834,INR,2026-06-02T18:47:22.253Z,ICICI,ORD-3D163FD8BD18,SETTLED
ICICI202606040957714,569001168875,2157042,INR,2026-05-31T04:47:22.253Z,ICICI,ORD-C8C16A260F3C,SETTLED
ICICI202606044814584,342939896449,2384718,INR,2026-05-31T16:47:22.253Z,ICICI,ORD-ACFEB26ED62F,SETTLED
ICICI202606047181177,907006666350,1939994,INR,2026-06-03T12:47:22.253Z,ICICI,ORD-EEF8BAA6EC2D,PENDING
ICICI202606048674746,287309478943,1927879,INR,2026-06-04T15:47:22.253Z,ICICI,ORD-5AEABDCC555D,SETTLED
ICICI202606043752154,747285948646,2313339,INR,2026-05-30T21:47:22.253Z,ICICI,ORD-57C2C9D82338,SETTLED
ICICI202606041125264,366480433823,4763341,INR,2026-06-02T21:47:22.253Z,ICICI,ORD-CF64D170A5AA,SETTLED
ICICI202606044809676,208907793521,2805805,INR,2026-05-28T19:47:22.253Z,ICICI,ORD-D0349425F586,SETTLED
ICICI202606044004991,508724629464,3869353,INR,2026-05-29T16:47:22.253Z,ICICI,ORD-6A50BDC9FBFB,SETTLED
ICICI202606042960575,511190845860,4698460,INR,2026-05-31T11:47:22.253Z,ICICI,ORD-4EFA61DEE8A9,SETTLED
ICICI202606041583174,710325462757,488839,INR,2026-06-02T03:47:22.253Z,ICICI,ORD-3A37F1F01567,SETTLED
ICICI202606040950181,556531236626,3697134,INR,2026-06-01T21:47:22.253Z,ICICI,ORD-FB9508006297,SETTLED
ICICI202606049164095,649392884928,3896266,INR,2026-06-04T08:47:22.253Z,ICICI,ORD-F7A46F51ED78,PENDING
ICICI202606043074641,628317223877,4438377,INR,2026-05-30T18:47:22.253Z,ICICI,ORD-275E7C3349C5,SETTLED
ICICI202606041143181,647774274428,3940589,INR,2026-05-31T01:47:22.253Z,ICICI,ORD-A6A97ECA0406,SETTLED
ICICI202606048566108,500601921279,2505185,INR,2026-06-01T07:47:22.253Z,ICICI,ORD-9713B9A165FF,SETTLED
ICICI202606049071964,217811909961,2054246,INR,2026-05-31T08:47:22.254Z,ICICI,ORD-42ACB851833D,SETTLED
ICICI202606043382881,650326872447,3296396,INR,2026-06-03T01:47:22.254Z,ICICI,ORD-58E7590EDB11,SETTLED
ICICI202606042926344,473481701534,1252132,INR,2026-05-28T18:47:22.254Z,ICICI,ORD-08579629BF7C,SETTLED
ICICI202606047406081,675225305689,1798322,INR,2026-06-01T05:47:22.254Z,ICICI,ORD-74E3A33F8F9D,SETTLED
ICICI202606046903936,159821928727,1465336,INR,2026-05-30T10:47:22.254Z,ICICI,ORD-3F2D4F493C62,SETTLED
ICICI202606042766068,934601073234,888110,INR,2026-06-01T03:47:22.254Z,ICICI,ORD-BD2601C54813,SETTLED
ICICI202606041691845,475980398133,3664504,INR,2026-06-03T20:47:22.254Z,ICICI,ORD-AD1D389A4209,SETTLED
ICICI202606045628807,537286016341,3543877,INR,2026-05-29T10:47:22.254Z,ICICI,ORD-B0D7531430F4,SETTLED
ICICI202606047860354,837907702073,588875,INR,2026-05-29T12:47:22.254Z,ICICI,ORD-D0F47F43DAFE,SETTLED
ICICI202606042719584,717930226688,490484,INR,2026-06-02T16:47:22.254Z,ICICI,ORD-E7FEAD3B5A7B,SETTLED
ICICI202606042474638,862400029736,1079735,INR,2026-05-31T13:47:22.254Z,ICICI,ORD-7D11B8F36128,SETTLED
ICICI202606049137220,841445003641,3065689,INR,2026-06-04T15:47:22.254Z,ICICI,ORD-57C0494221AD,SETTLED
ICICI202606042800720,766942529772,16559,INR,2026-06-03T01:47:22.254Z,ICICI,ORD-5CED69AC8069,SETTLED
ICICI202606048186073,661537192384,884060,INR,2026-05-29T17:47:22.254Z,ICICI,ORD-B55588A710A7,SETTLED
ICICI202606041904451,937730469684,2052576,INR,2026-06-03T19:47:22.254Z,ICICI,ORD-2479C5A6F956,SETTLED
ICICI202606040829564,006821870426,3018674,INR,2026-05-29T20:47:22.254Z,ICICI,ORD-10D81740D521,SETTLED
ICICI202606047070533,328867400311,2862618,INR,2026-06-02T04:47:22.254Z,ICICI,ORD-DEF8F53D0805,SETTLED
ICICI202606046049266,660657923144,3678924,INR,2026-05-31T13:47:22.254Z,ICICI,ORD-2C3F6DB50106,SETTLED
ICICI202606042237076,218659541943,1362466,INR,2026-06-03T03:47:22.254Z,ICICI,ORD-6CF5952D6E4D,SETTLED
ICICI202606045122882,620280508301,3412771,INR,2026-06-02T15:47:22.254Z,ICICI,ORD-7E2D3939D115,SETTLED
ICICI202606048786873,826419645500,549523,INR,2026-05-30T12:47:22.254Z,ICICI,ORD-33732A8BB88C,SETTLED
ICICI202606048139603,359537185197,2473964,INR,2026-05-29T18:47:22.254Z,ICICI,ORD-AAC260306D87,SETTLED
ICICI202606046615122,822675096383,332350,INR,2026-06-04T16:47:22.254Z,ICICI,ORD-44F17E334F85,SETTLED
ICICI202606045430679,828238761651,858001,INR,2026-05-31T16:47:22.254Z,ICICI,ORD-067528E2604C,SETTLED
ICICI202606042246359,550588172783,839785,INR,2026-05-30T21:47:22.254Z,ICICI,ORD-0823AF27819D,SETTLED
ICICI202606040815025,746118484145,90411,INR,2026-06-03T08:47:22.254Z,ICICI,ORD-1C8F6D5996AA,SETTLED
ICICI202606042254415,815010198163,2738002,INR,2026-05-30T19:47:22.254Z,ICICI,ORD-2C11AA6EB6AA,SETTLED
ICICI202606042878076,740149460166,3710964,INR,2026-05-29T04:47:22.254Z,ICICI,ORD-4FEC752575F0,SETTLED
ICICI202606045926042,303773325723,3052332,INR,2026-06-02T07:47:22.254Z,ICICI,ORD-B8E6CC4DE0CA,SETTLED
ICICI202606043493282,255619507409,3875348,INR,2026-05-31T06:47:22.254Z,ICICI,ORD-1CBD923754B3,SETTLED
ICICI202606048569167,709565521633,4866976,INR,2026-05-30T22:47:22.254Z,ICICI,ORD-6EE9BEBEA655,SETTLED
ICICI202606048488410,430312872298,1890584,INR,2026-05-31T22:47:22.254Z,ICICI,ORD-81DAE8282279,SETTLED
ICICI202606042561154,187864636459,4205718,INR,2026-06-02T16:47:22.254Z,ICICI,ORD-93AEA900B3D4,SETTLED
ICICI202606044288738,941030539940,4877699,INR,2026-05-31T07:47:22.254Z,ICICI,ORD-C3425DEE50CF,SETTLED
ICICI202606049222157,627714047123,1100189,INR,2026-06-04T06:47:22.254Z,ICICI,ORD-DDE73613A0E3,SETTLED
ICICI202606045429797,605258519063,3525421,INR,2026-05-31T10:47:22.254Z,ICICI,ORD-FF46AA07185E,SETTLED
ICICI202606040137129,037145315126,3557063,INR,2026-05-30T08:47:22.254Z,ICICI,ORD-940ABA2A6468,SETTLED
ICICI202606046173104,647241935717,2506617,INR,2026-06-02T23:47:22.254Z,ICICI,ORD-9D613F6FC184,SETTLED
ICICI202606048444190,205808633459,4386610,INR,2026-05-29T17:47:22.254Z,ICICI,ORD-0BAC827F9869,SETTLED
ICICI202606049475538,655535100296,1355454,INR,2026-05-29T20:47:22.254Z,ICICI,ORD-F1A14EB1E235,SETTLED
ICICI202606048372194,860929271689,1277505,INR,2026-05-31T23:47:22.254Z,ICICI,ORD-3BBFDD1E71BB,SETTLED
ICICI202606040429045,962408202360,936007,INR,2026-06-04T14:47:22.254Z,ICICI,ORD-87ADD0134057,SETTLED
ICICI202606041530364,578309431055,1820135,INR,2026-05-31T02:47:22.254Z,ICICI,ORD-D16F75C2F4A1,SETTLED
ICICI202606043266800,140312355331,2009671,INR,2026-06-03T07:47:22.254Z,ICICI,ORD-EBBACB8B1BA7,SETTLED
ICICI202606044573039,095643161266,3877338,INR,2026-05-30T18:47:22.254Z,ICICI,ORD-EE27633205C0,SETTLED
ICICI202606049075411,628997899116,1798709,INR,2026-06-03T18:47:22.254Z,ICICI,ORD-1FF043D7494E,SETTLED
ICICI202606048828256,974226582842,2184426,INR,2026-05-31T19:47:22.254Z,ICICI,ORD-D360E69B005E,SETTLED
ICICI202606046146378,314392703265,1157333,INR,2026-06-02T05:47:22.254Z,ICICI,ORD-C90ADF5B107D,SETTLED
ICICI202606042212092,877582258974,3932354,INR,2026-05-31T17:47:22.254Z,ICICI,ORD-77E8A0231EE3,PENDING
ICICI202606047158631,588509221003,1276567,INR,2026-05-28T23:47:22.254Z,ICICI,ORD-E1F8B5308DCE,SETTLED
ICICI202606048981732,749629531174,4309162,INR,2026-06-02T19:47:22.254Z,ICICI,ORD-27C53664F675,SETTLED
ICICI202606043375803,895059198577,1295031,INR,2026-06-01T04:47:22.254Z,ICICI,ORD-94392E269FBB,SETTLED
ICICI202606047394902,183160442354,1257688,INR,2026-06-04T12:47:22.254Z,ICICI,ORD-7A2B9526746D,SETTLED
ICICI202606041590116,175358803863,4849533,INR,2026-05-31T21:47:22.254Z,ICICI,ORD-E1CEEFC98614,SETTLED
ICICI202606047445466,469176666556,1358122,INR,2026-05-29T17:47:22.254Z,ICICI,ORD-0B71B6E7D01D,SETTLED
ICICI202606043028651,305770493201,900784,INR,2026-05-29T18:47:22.254Z,ICICI,ORD-7A5458ABA0CE,SETTLED
ICICI202606046449409,754512159998,2175929,INR,2026-05-30T19:47:22.254Z,ICICI,ORD-78B420DE9C6E,SETTLED
ICICI202606046304139,509016763581,2194193,INR,2026-05-31T06:47:22.254Z,ICICI,ORD-AB3F6A386CBA,SETTLED
ICICI202606049851938,771645387087,3269413,INR,2026-06-02T22:47:22.254Z,ICICI,ORD-27DFC5B8570B,PENDING
ICICI202606045264764,098714780497,2779961,INR,2026-06-01T20:47:22.254Z,ICICI,ORD-10A8357710C3,PENDING
ICICI202606042168579,728369060907,3963414,INR,2026-05-29T07:47:22.254Z,ICICI,ORD-CE7ABADC286F,SETTLED
ICICI202606042021963,377757922072,3143589,INR,2026-06-02T09:47:22.254Z,ICICI,ORD-AEE8104967B0,SETTLED
ICICI202606046806093,425551255946,2945875,INR,2026-05-30T17:47:22.254Z,ICICI,ORD-D9222C53B7E4,SETTLED
ICICI202606040755092,447091067371,3441900,INR,2026-05-31T03:47:22.254Z,ICICI,ORD-D27A6BC27D7C,SETTLED
ICICI202606043027413,949660705056,153244,INR,2026-05-29T22:47:22.254Z,ICICI,ORD-A3B87E10B206,SETTLED
ICICI202606044832774,187711916058,2987621,INR,2026-06-02T08:47:22.254Z,ICICI,ORD-6EAF7386D049,SETTLED
ICICI202606048731862,482039808524,3597517,INR,2026-05-30T15:47:22.254Z,ICICI,ORD-723E768E74E6,SETTLED
ICICI202606049950034,365267173135,2528415,INR,2026-05-30T10:47:22.254Z,ICICI,ORD-20E9FE0FADB9,SETTLED
ICICI202606045503308,519567839454,1627881,INR,2026-05-31T08:47:22.254Z,ICICI,ORD-E117486F6571,SETTLED
ICICI202606040283563,300361655224,3896094,INR,2026-05-31T17:47:22.254Z,ICICI,ORD-4D225341D22F,SETTLED
ICICI202606048040870,967123923092,2167484,INR,2026-05-29T02:47:22.254Z,ICICI,ORD-76357722F561,SETTLED
ICICI202606040181756,601567616016,2720312,INR,2026-05-29T08:47:22.254Z,ICICI,ORD-B619FD5E5AAA,SETTLED
ICICI202606045218186,548731245807,2500337,INR,2026-06-04T14:47:22.254Z,ICICI,ORD-E8BC59E28551,SETTLED
ICICI202606043369429,305189267475,1794296,INR,2026-06-01T18:47:22.254Z,ICICI,ORD-FB4D9CA62E9D,SETTLED
ICICI202606045384688,102588032561,1626771,INR,2026-06-03T02:47:22.254Z,ICICI,ORD-2F07FB3C1E06,SETTLED
ICICI202606045767792,287372557863,2858660,INR,2026-05-29T20:47:22.254Z,ICICI,ORD-D4B4EFF15DDC,SETTLED
ICICI202606040545002,998089952631,3898881,INR,2026-05-29T01:47:22.254Z,ICICI,ORD-D566A955A1D1,SETTLED
ICICI202606048147348,677573437722,132118,INR,2026-06-01T17:47:22.254Z,ICICI,ORD-BAF9AF55CC12,SETTLED
ICICI202606040995957,881953638403,687863,INR,2026-05-31T17:47:22.254Z,ICICI,ORD-8F9C260C4CB1,SETTLED
ICICI202606044648232,789660434273,1169187,INR,2026-05-31T12:47:22.254Z,ICICI,ORD-28724007F903,SETTLED
ICICI202606042593911,717714200921,455598,INR,2026-06-02T05:47:22.254Z,ICICI,ORD-8E8C7C2C4E13,SETTLED
ICICI202606049635330,819079025121,919516,INR,2026-05-30T06:47:22.254Z,ICICI,ORD-97D6C8EDE841,SETTLED
ICICI202606043549523,469266786178,2364060,INR,2026-05-31T17:47:22.254Z,ICICI,ORD-D158FB7E26C4,SETTLED
ICICI202606043992920,056426476141,3161905,INR,2026-06-02T05:47:22.254Z,ICICI,ORD-56A50FA448F9,SETTLED
ICICI202606046290245,294451486692,2764256,INR,2026-06-02T10:47:22.254Z,ICICI,ORD-9D870AFC0525,SETTLED
ICICI202606047235361,385815402332,477420,INR,2026-06-01T23:47:22.254Z,ICICI,ORD-FBAE8A69B975,SETTLED
ICICI202606043574534,925705581678,2130743,INR,2026-05-28T22:47:22.254Z,ICICI,ORD-1EB59A962CF7,SETTLED
ICICI202606042237451,215004105934,4251874,INR,2026-06-03T23:47:22.254Z,ICICI,ORD-2B73D44AC5EE,SETTLED
ICICI202606043856819,166279290206,2785306,INR,2026-06-04T13:47:22.254Z,ICICI,ORD-285CE87AEC69,SETTLED
ICICI202606041716039,535797215796,2022786,INR,2026-06-04T04:47:22.254Z,ICICI,ORD-D8C1BF7EB2B4,SETTLED
ICICI202606046230115,945666752940,80315,INR,2026-06-03T20:47:22.254Z,ICICI,ORD-B928748AD592,SETTLED
ICICI202606044754437,026381841735,3013830,INR,2026-06-03T05:47:22.254Z,ICICI,ORD-69F711519153,SETTLED
ICICI202606047425492,422528887627,906051,INR,2026-06-01T16:47:22.254Z,ICICI,ORD-A18DBB21D660,SETTLED
ICICI202606049522272,429570869525,552749,INR,2026-05-30T02:47:22.254Z,ICICI,ORD-8E3C5AFA350F,PENDING
ICICI202606041009375,087794906988,1481408,INR,2026-06-02T06:47:22.254Z,ICICI,ORD-23198D7E0473,SETTLED
ICICI202606049490472,890094253774,2289480,INR,2026-06-03T17:47:22.254Z,ICICI,ORD-A57355FC9EE2,SETTLED
ICICI202606046105411,273047420459,2493471,INR,2026-05-31T11:47:22.254Z,ICICI,ORD-017504F38FF4,SETTLED
ICICI202606043688709,503162321155,129237,INR,2026-06-03T08:47:22.254Z,ICICI,ORD-CB0008029E53,SETTLED
ICICI202606043927192,055472787166,4459066,INR,2026-05-28T19:47:22.254Z,ICICI,ORD-D5AA1F6798F9,SETTLED
ICICI202606044725411,976301063897,4794125,INR,2026-06-02T08:47:22.254Z,ICICI,ORD-072DBDA0CB0D,SETTLED
ICICI202606047401630,065055478774,1141406,INR,2026-06-03T22:47:22.254Z,ICICI,ORD-D8A5F47A6B04,SETTLED
ICICI202606044766896,996163977644,3832964,INR,2026-06-02T13:47:22.254Z,ICICI,ORD-CFD2E06C7141,SETTLED
ICICI202606043035779,578052446757,1086846,INR,2026-06-02T17:47:22.254Z,ICICI,ORD-EF1D1748809A,SETTLED
ICICI202606044577160,719606404549,2858760,INR,2026-06-02T20:47:22.254Z,ICICI,ORD-D76CA6CBA94B,SETTLED
ICICI202606045462712,306856569290,1673913,INR,2026-05-30T02:47:22.254Z,ICICI,ORD-1517FB816682,SETTLED
ICICI202606046442132,230958437915,2788005,INR,2026-05-31T22:47:22.254Z,ICICI,ORD-88E7769ED594,SETTLED
ICICI202606042074928,338546334490,4444312,INR,2026-05-29T16:47:22.254Z,ICICI,ORD-8C2EB5A04212,SETTLED
ICICI202606046789856,459019272912,816304,INR,2026-05-29T13:47:22.254Z,ICICI,ORD-CCB1AE18ACBF,SETTLED
ICICI202606040035289,872372917010,1788574,INR,2026-06-04T16:47:22.254Z,ICICI,ORD-9741B17005EE,SETTLED
ICICI202606040275534,189746842033,687342,INR,2026-06-02T08:47:22.254Z,ICICI,ORD-516293826BF8,SETTLED
ICICI202606041249906,215082482709,1034073,INR,2026-05-31T11:47:22.254Z,ICICI,ORD-749680CEF6BA,PENDING
ICICI202606043847679,135048424584,1133962,INR,2026-05-31T10:47:22.254Z,ICICI,ORD-3DB3F9AD0FEB,SETTLED
ICICI202606046877209,267548089584,3635635,INR,2026-06-02T12:47:22.254Z,ICICI,ORD-5739CAEE0F57,SETTLED
ICICI202606048213629,301065358809,3075493,INR,2026-05-30T18:47:22.254Z,ICICI,ORD-994EFFAD0284,SETTLED
ICICI202606045646889,266957410472,1162607,INR,2026-05-29T01:47:22.254Z,ICICI,ORD-152C2682B9C3,SETTLED
ICICI202606049271733,808461525570,581788,INR,2026-06-02T16:47:22.255Z,ICICI,ORD-5A5EBE7D240B,SETTLED
ICICI202606044387428,549029208287,3293925,INR,2026-06-01T01:47:22.255Z,ICICI,ORD-B4E345DF56DF,SETTLED
ICICI202606049430516,970976018274,2168771,INR,2026-06-02T04:47:22.255Z,ICICI,ORD-561AD8EB8FA9,SETTLED
ICICI202606046569176,955281728585,3896725,INR,2026-05-30T11:47:22.255Z,ICICI,ORD-9D42883DE7D1,SETTLED
ICICI202606043493625,575597302636,902837,INR,2026-06-03T23:47:22.255Z,ICICI,ORD-6FEE9080AD19,SETTLED
ICICI202606041944136,228732013040,3173554,INR,2026-06-02T08:47:22.255Z,ICICI,ORD-ECD78487F07B,SETTLED
ICICI202606049232656,794188866799,1351540,INR,2026-06-03T19:47:22.255Z,ICICI,ORD-E3B0462749B0,SETTLED
ICICI202606049404366,994646695776,3916584,INR,2026-05-30T05:47:22.255Z,ICICI,ORD-E3AD9DD73FDA,SETTLED
ICICI202606042059009,480994592936,4876844,INR,2026-06-03T07:47:22.255Z,ICICI,ORD-A0E119A483F8,SETTLED
ICICI202606043627381,513611649585,2798394,INR,2026-06-01T04:47:22.255Z,ICICI,ORD-AFA13F276077,SETTLED
ICICI202606041739668,120294060585,4114354,INR,2026-06-02T15:47:22.255Z,ICICI,ORD-5DF5EE3F8DAF,PENDING
ICICI202606042204055,956116052389,329167,INR,2026-06-04T03:47:22.255Z,ICICI,ORD-2E04DC434D06,SETTLED
ICICI202606044320608,454891331433,2899056,INR,2026-06-04T00:47:22.255Z,ICICI,ORD-2A65A4B9C1DB,SETTLED
ICICI202606046398710,499401752649,2751853,INR,2026-06-01T10:47:22.255Z,ICICI,ORD-CA28358F0C6A,SETTLED
ICICI202606047118756,340854996682,3508783,INR,2026-06-03T23:47:22.255Z,ICICI,ORD-C33644040221,SETTLED
ICICI202606046318268,436306370087,4708899,INR,2026-06-02T15:47:22.255Z,ICICI,ORD-13CBF3D9A729,SETTLED
ICICI202606043222335,493339177072,914809,INR,2026-05-29T10:47:22.255Z,ICICI,ORD-6036F9689EC4,SETTLED
ICICI202606046618335,688205881435,3442332,INR,2026-06-04T14:47:22.255Z,ICICI,ORD-ED88F2C08A01,SETTLED
ICICI202606048195327,693107754699,3142305,INR,2026-06-04T17:47:22.255Z,ICICI,ORD-A1E8992B3E39,SETTLED
ICICI202606043141543,439101529324,4807273,INR,2026-06-03T20:47:22.255Z,ICICI,ORD-DECF0BA63360,SETTLED
ICICI202606040657858,590791415040,4887000,INR,2026-05-30T04:47:22.255Z,ICICI,ORD-2CC04A3A0BC1,SETTLED
ICICI202606047449405,713983385873,2261707,INR,2026-05-31T15:47:22.255Z,ICICI,ORD-C5805AEB1927,SETTLED
ICICI202606043275327,144737526712,4597404,INR,2026-06-02T04:47:22.255Z,ICICI,ORD-A2B7DA2295CA,SETTLED
ICICI202606045056999,420635077887,1174379,INR,2026-06-04T03:47:22.255Z,ICICI,ORD-505FF862C46D,SETTLED
ICICI202606046074073,914100413282,4470997,INR,2026-05-29T10:47:22.255Z,ICICI,ORD-4E66EBB87FCC,SETTLED
ICICI202606049780055,731792230842,1320903,INR,2026-06-02T18:47:22.255Z,ICICI,ORD-4476D786FDA8,SETTLED
ICICI202606048954186,648331744726,1803491,INR,2026-06-04T13:47:22.255Z,ICICI,ORD-CEB1D722EDB1,SETTLED
ICICI202606042136074,500323649851,2158442,INR,2026-06-03T13:47:22.255Z,ICICI,ORD-0A98BA80BA90,SETTLED
ICICI202606042636573,004808666386,307272,INR,2026-05-29T13:47:22.255Z,ICICI,ORD-FE022D691C39,SETTLED
ICICI202606044183521,178805905693,695772,INR,2026-06-03T10:47:22.255Z,ICICI,ORD-FA97E6E9B04C,PENDING
ICICI202606042919454,219538622775,4997122,INR,2026-05-29T15:47:22.255Z,ICICI,ORD-143EF848FCAB,SETTLED
ICICI202606044240478,943567904572,1076899,INR,2026-05-31T19:47:22.255Z,ICICI,ORD-AB818C4153FA,SETTLED
ICICI202606041947765,920946158796,2518107,INR,2026-05-31T06:47:22.255Z,ICICI,ORD-BD68A10B2924,PENDING
ICICI202606049632002,701009668219,3925013,INR,2026-05-30T03:47:22.255Z,ICICI,ORD-D5867EADEE07,SETTLED
ICICI202606042819747,159753237126,1686206,INR,2026-06-03T02:47:22.255Z,ICICI,ORD-396BB884C0B2,SETTLED
ICICI202606042720402,966839190034,1770746,INR,2026-06-02T08:47:22.255Z,ICICI,ORD-DC8CD060ACF1,SETTLED
ICICI202606046839131,154312092427,3383204,INR,2026-05-30T11:47:22.255Z,ICICI,ORD-35E7C462CB93,SETTLED
ICICI202606049364678,861565441844,667254,INR,2026-05-30T06:47:22.255Z,ICICI,ORD-4434DD44B448,SETTLED
ICICI202606048530516,378293102870,4362597,INR,2026-05-28T20:47:22.255Z,ICICI,ORD-BE0C1A285A5C,SETTLED
ICICI202606041114605,023899918263,2751156,INR,2026-06-03T03:47:22.255Z,ICICI,ORD-02E0F20BC77D,SETTLED
ICICI202606044194662,223650088309,4312166,INR,2026-06-02T03:47:22.255Z,ICICI,ORD-B0C163472607,SETTLED
ICICI202606042487496,920800298078,839976,INR,2026-06-03T06:47:22.255Z,ICICI,ORD-A11A101EC421,SETTLED
ICICI202606047278107,142957592283,3778282,INR,2026-06-01T00:47:22.255Z,ICICI,ORD-3567B70D4778,SETTLED
ICICI202606048573773,838574209777,1780620,INR,2026-06-03T19:47:22.255Z,ICICI,ORD-99DF06D89B30,SETTLED
ICICI202606046316996,375642570405,2410793,INR,2026-05-30T09:47:22.255Z,ICICI,ORD-E919843EB88C,SETTLED
ICICI202606045952848,019677701753,3190615,INR,2026-05-30T10:47:22.255Z,ICICI,ORD-60C1B48A075F,SETTLED
ICICI202606046562046,000180895652,46969,INR,2026-06-04T11:47:22.255Z,ICICI,ORD-C90436A51F8F,SETTLED
ICICI202606048456654,488280822532,4628304,INR,2026-05-31T02:47:22.255Z,ICICI,ORD-F0C76F435411,SETTLED
ICICI202606046759106,975031991297,320213,INR,2026-06-03T20:47:22.255Z,ICICI,ORD-DB44CFCAE7E9,SETTLED
ICICI202606048067702,484575773294,4201982,INR,2026-06-02T06:47:22.255Z,ICICI,ORD-F999F45BB7F4,SETTLED
ICICI202606048885392,321770639722,1800086,INR,2026-06-01T13:47:22.255Z,ICICI,ORD-00E13A7B53C8,SETTLED
ICICI202606042793889,604800613250,3624354,INR,2026-05-30T12:47:22.255Z,ICICI,ORD-F2F10B3C56EB,SETTLED
ICICI202606048583060,722883936407,1299080,INR,2026-06-04T08:47:22.255Z,ICICI,ORD-B63F64807B26,SETTLED
ICICI202606043177543,115100830434,1539085,INR,2026-06-02T15:47:22.255Z,ICICI,ORD-A393910BCF24,SETTLED
ICICI202606049990947,233719419132,57616,INR,2026-06-04T17:47:22.255Z,ICICI,ORD-D39CC48AE073,SETTLED
ICICI202606047093091,666218430912,682930,INR,2026-05-31T04:47:22.255Z,ICICI,ORD-EEC07B223981,SETTLED
ICICI202606040165295,397291870453,54510,INR,2026-05-29T13:47:22.255Z,ICICI,ORD-4BB84548BF53,SETTLED
ICICI202606041716581,136332370949,3539306,INR,2026-05-29T15:47:22.255Z,ICICI,ORD-9C1B9180244B,SETTLED
ICICI202606042895344,216591340498,4334523,INR,2026-05-31T13:47:22.255Z,ICICI,ORD-B806CA80384D,SETTLED
ICICI202606049946930,590677752783,2994460,INR,2026-05-31T18:47:22.255Z,ICICI,ORD-C70964B52DE5,SETTLED
ICICI202606044561323,116330365964,3254311,INR,2026-05-29T20:47:22.255Z,ICICI,ORD-0F62FC4A992D,SETTLED
ICICI202606045629335,045985013849,3504911,INR,2026-05-29T08:47:22.255Z,ICICI,ORD-410CFA266524,SETTLED
ICICI202606049655569,718822598530,4435088,INR,2026-06-01T12:47:22.255Z,ICICI,ORD-13FA2D3A071C,SETTLED
ICICI202606045731714,285682716956,2288544,INR,2026-05-31T21:47:22.255Z,ICICI,ORD-801D72CFBA48,SETTLED
ICICI202606040358832,196361021505,626396,INR,2026-05-30T05:47:22.255Z,ICICI,ORD-68DCA7985C8C,SETTLED
ICICI202606041525991,699587460323,2938893,INR,2026-06-04T08:47:22.255Z,ICICI,ORD-CCE6F23EA85A,SETTLED
ICICI202606044118593,775094478976,3951258,INR,2026-06-03T06:47:22.255Z,ICICI,ORD-A7CF33537819,SETTLED
ICICI202606044126039,115641747056,3527376,INR,2026-05-30T00:47:22.255Z,ICICI,ORD-C3403A7382A3,SETTLED
ICICI202606047299695,070826216046,1450467,INR,2026-05-28T19:47:22.255Z,ICICI,ORD-122C2CA31844,SETTLED
ICICI202606043714957,905953145926,4174686,INR,2026-06-02T23:47:22.255Z,ICICI,ORD-00B812206D12,SETTLED
ICICI202606041436425,087984685393,4377277,INR,2026-06-02T11:47:22.255Z,ICICI,ORD-5A8CF8445042,SETTLED
ICICI202606048744354,128445923463,1068316,INR,2026-06-03T19:47:22.255Z,ICICI,ORD-23BCEF162EEF,SETTLED
ICICI202606041180742,293846124377,1318896,INR,2026-05-29T14:47:22.255Z,ICICI,ORD-E120D28393FD,SETTLED
ICICI202606041613489,084896108754,1831503,INR,2026-05-31T03:47:22.255Z,ICICI,ORD-8F8E9A21A495,SETTLED
ICICI202606042095560,738519149232,1488110,INR,2026-05-30T05:47:22.255Z,ICICI,ORD-BB5663D8CA1A,SETTLED
ICICI202606040473928,079616696979,1438529,INR,2026-06-02T02:47:22.255Z,ICICI,ORD-BB367D33AACF,PENDING
ICICI202606042457792,500791081236,1173302,INR,2026-05-31T21:47:22.255Z,ICICI,ORD-8BD6525FB024,SETTLED
ICICI202606040428538,965472756064,206475,INR,2026-05-31T21:47:22.255Z,ICICI,ORD-7349B1156521,SETTLED
ICICI202606042022902,359672470665,3682054,INR,2026-06-02T19:47:22.255Z,ICICI,ORD-90052998A709,SETTLED
ICICI202606048407937,448750394286,4914887,INR,2026-05-30T05:47:22.255Z,ICICI,ORD-DEB9F68F03E8,SETTLED
ICICI202606049624915,958022363747,1970470,INR,2026-06-01T09:47:22.255Z,ICICI,ORD-28915F6F7D03,SETTLED
ICICI202606042791564,838711371295,1414094,INR,2026-06-02T21:47:22.255Z,ICICI,ORD-F053F08F350F,SETTLED
ICICI202606046825375,458494136883,863491,INR,2026-05-29T06:47:22.255Z,ICICI,ORD-E87FADC1B98A,SETTLED
ICICI202606042246541,308151282757,3840907,INR,2026-06-01T15:47:22.255Z,ICICI,ORD-827EA0E27909,PENDING
ICICI202606040273996,399660755542,2686494,INR,2026-05-29T11:47:22.255Z,ICICI,ORD-F07F6F893520,SETTLED
ICICI202606045094533,049735950717,191815,INR,2026-06-02T21:47:22.255Z,ICICI,ORD-7832ACF9EC88,SETTLED
ICICI202606049840986,558445299810,4610270,INR,2026-05-29T07:47:22.255Z,ICICI,ORD-013C9A9435E2,SETTLED
ICICI202606040967126,223274143175,622621,INR,2026-05-30T09:47:22.255Z,ICICI,ORD-B1AA3B16CBD5,SETTLED
ICICI202606042530039,451469823531,1448538,INR,2026-06-03T07:47:22.255Z,ICICI,ORD-27A78E6D2506,SETTLED
ICICI202606043594244,195150179423,1712006,INR,2026-06-02T00:47:22.255Z,ICICI,ORD-13F7D79D3BCD,SETTLED
ICICI202606043197638,185868588791,1266029,INR,2026-05-29T10:47:22.255Z,ICICI,ORD-0DF447B6BE96,SETTLED
ICICI202606048456273,076976070584,1272780,INR,2026-05-29T12:47:22.255Z,ICICI,ORD-13C9B4988DD0,SETTLED
ICICI202606046597924,384937614081,4074939,INR,2026-05-30T06:47:22.255Z,ICICI,ORD-58C9998F0EF1,SETTLED
ICICI202606046455138,455536730928,491859,INR,2026-06-04T02:47:22.255Z,ICICI,ORD-409EB7BE5FEC,SETTLED
ICICI202606048393870,413057845085,2809735,INR,2026-05-31T05:47:22.255Z,ICICI,ORD-EB8F342774AD,SETTLED
ICICI202606042858838,182579813335,3750555,INR,2026-05-30T03:47:22.255Z,ICICI,ORD-4547C6EBBD5C,SETTLED
ICICI202606044387914,004774896026,3582770,INR,2026-05-31T15:47:22.255Z,ICICI,ORD-8B01384B9F3B,SETTLED
ICICI202606044263105,111284465715,2783676,INR,2026-06-02T12:47:22.255Z,ICICI,ORD-4889AC3F0390,SETTLED
ICICI202606044330283,477874154006,4670604,INR,2026-06-01T11:47:22.255Z,ICICI,ORD-BBC82B682E24,SETTLED
ICICI202606048880500,327114598610,4544470,INR,2026-05-31T05:47:22.255Z,ICICI,ORD-32C773C45326,SETTLED
ICICI202606047939065,437607817200,4293251,INR,2026-06-02T05:47:22.255Z,ICICI,ORD-6E3ACC0F450E,SETTLED
ICICI202606049160441,379309561967,209371,INR,2026-06-02T05:47:22.255Z,ICICI,ORD-30001477A7E7,SETTLED
ICICI202606045966075,038629321814,4017564,INR,2026-05-29T08:47:22.255Z,ICICI,ORD-F9001AEDADD3,SETTLED
ICICI202606041545313,904123227135,838274,INR,2026-05-31T16:47:22.255Z,ICICI,ORD-77A10B538550,SETTLED
ICICI202606047004625,146283312547,1842346,INR,2026-05-31T21:47:22.255Z,ICICI,ORD-61B8C38DC3FA,PENDING
ICICI202606042658793,280042652307,1745904,INR,2026-05-31T17:47:22.255Z,ICICI,ORD-F6113D378E72,SETTLED
ICICI202606040248239,643137212667,4969571,INR,2026-06-03T10:47:22.255Z,ICICI,ORD-9777CF1273E7,SETTLED
ICICI202606048210148,085232905341,100464,INR,2026-06-04T08:47:22.255Z,ICICI,ORD-E67A63D4C811,SETTLED
ICICI202606042826347,600821920519,3508187,INR,2026-06-02T14:47:22.255Z,ICICI,ORD-4F4E2C3522A5,SETTLED
ICICI202606045848428,998181911563,4950500,INR,2026-06-02T05:47:22.255Z,ICICI,ORD-11A299F9C234,SETTLED
ICICI202606046487484,173015581347,2760223,INR,2026-05-29T18:47:22.255Z,ICICI,ORD-28FEB487A683,SETTLED
ICICI202606046546177,796200415051,1805055,INR,2026-05-31T23:47:22.255Z,ICICI,ORD-ED0016970E1C,SETTLED
ICICI202606045286936,406944327440,1097873,INR,2026-05-31T04:47:22.255Z,ICICI,ORD-CAB46C481456,SETTLED
ICICI202606041082507,029741508562,4926895,INR,2026-06-04T12:47:22.255Z,ICICI,ORD-BDE63B888549,SETTLED
ICICI202606044624913,011603754243,2497206,INR,2026-05-30T20:47:22.255Z,ICICI,ORD-877263AD9B49,SETTLED
ICICI202606041370099,604254458374,1881575,INR,2026-06-03T22:47:22.255Z,ICICI,ORD-B2217DF073A0,SETTLED
ICICI202606047308889,352602747965,388142,INR,2026-05-29T03:47:22.256Z,ICICI,ORD-ED7EE5F79C68,SETTLED
ICICI202606045604430,236308091227,4805997,INR,2026-05-30T13:47:22.256Z,ICICI,ORD-1DFBDE5974F0,SETTLED
ICICI202606045941632,971096360520,3423393,INR,2026-05-29T10:47:22.256Z,ICICI,ORD-2AC4FD657CDF,SETTLED
ICICI202606040736597,905626442899,3389524,INR,2026-06-02T23:47:22.256Z,ICICI,ORD-A0F4228C5A1D,SETTLED
ICICI202606049781745,109903171162,1933155,INR,2026-05-29T07:47:22.256Z,ICICI,ORD-FEB99A11CF0C,SETTLED
ICICI202606046137249,244997258868,2070801,INR,2026-06-03T12:47:22.256Z,ICICI,ORD-AF69044C040F,SETTLED
ICICI202606042682230,458203828280,1959897,INR,2026-05-30T13:47:22.256Z,ICICI,ORD-68D780FF4D37,SETTLED
ICICI202606049813337,565701801639,4289808,INR,2026-05-29T01:47:22.256Z,ICICI,ORD-EE5316860955,SETTLED
ICICI202606041082663,059501122130,2037538,INR,2026-06-02T13:47:22.256Z,ICICI,ORD-132681A472C2,SETTLED
ICICI202606049252336,398189812076,3513571,INR,2026-06-04T02:47:22.256Z,ICICI,ORD-E83C11B9ECE6,SETTLED
ICICI202606048140271,406309884567,3999763,INR,2026-05-29T03:47:22.256Z,ICICI,ORD-79F74B6D44BC,SETTLED
ICICI202606049956293,868234646259,2321699,INR,2026-05-29T19:47:22.256Z,ICICI,ORD-4346F6EA0005,SETTLED
ICICI202606047830859,192732355578,3999821,INR,2026-06-02T05:47:22.256Z,ICICI,ORD-51576EDC421F,PENDING
ICICI202606043662093,689549078272,3613938,INR,2026-05-30T11:47:22.256Z,ICICI,ORD-5970465F6FD4,SETTLED
ICICI202606045940766,636156091371,1489519,INR,2026-05-30T21:47:22.256Z,ICICI,ORD-769FF1B1BA3F,SETTLED
ICICI202606043099099,415015537048,3027001,INR,2026-06-04T12:47:22.256Z,ICICI,ORD-DBD9E77D8B8E,PENDING
ICICI202606047137108,084744530756,2107872,INR,2026-05-30T03:47:22.256Z,ICICI,ORD-B6DBFDA795C8,SETTLED
ICICI202606049453431,117086375954,1855443,INR,2026-06-01T18:47:22.256Z,ICICI,ORD-1E25F7AE3594,SETTLED
ICICI202606045358436,410852810077,3738973,INR,2026-05-30T05:47:22.256Z,ICICI,ORD-45E7342B359F,SETTLED
ICICI202606043852656,433807414400,4249641,INR,2026-05-30T05:47:22.256Z,ICICI,ORD-6A347848F4A8,SETTLED
ICICI202606049444037,597212967254,341676,INR,2026-06-02T02:47:22.256Z,ICICI,ORD-82729A1938F3,SETTLED
ICICI202606049748515,159063116900,2460654,INR,2026-05-29T12:47:22.256Z,ICICI,ORD-D65BBF2B3406,SETTLED
ICICI202606047248238,707939763318,1342263,INR,2026-05-29T18:47:22.256Z,ICICI,ORD-13A9CF7E9B40,SETTLED
ICICI202606048799145,207149968475,75397,INR,2026-06-02T20:47:22.256Z,ICICI,ORD-357793C88B95,SETTLED
ICICI202606041701921,085872996592,2495473,INR,2026-05-31T09:47:22.256Z,ICICI,ORD-D064AB72CB7F,SETTLED
ICICI202606044402991,956463480038,2374110,INR,2026-06-02T14:47:22.256Z,ICICI,ORD-CBB6D70BE137,SETTLED
ICICI202606040137154,295838314183,3782387,INR,2026-06-01T00:47:22.256Z,ICICI,ORD-39BC31EC5C16,SETTLED
ICICI202606048825145,538705524709,2435211,INR,2026-06-01T05:47:22.256Z,ICICI,ORD-88C813C58641,SETTLED
ICICI202606041359665,223732379012,1163461,INR,2026-05-31T01:47:22.256Z,ICICI,ORD-FC0C7BEE1997,SETTLED
ICICI202606041710574,373479507685,3585110,INR,2026-06-03T19:47:22.256Z,ICICI,ORD-15674CAF51B0,SETTLED
ICICI202606045472805,806115404312,1851032,INR,2026-06-01T11:47:22.256Z,ICICI,ORD-A69368148BEC,SETTLED
ICICI202606047929678,143348518418,1636880,INR,2026-06-02T04:47:22.256Z,ICICI,ORD-0A2427E214E1,SETTLED
ICICI202606048786750,157234019411,4419013,INR,2026-05-29T14:47:22.256Z,ICICI,ORD-E0593257C5F0,SETTLED
ICICI202606049029399,776741005776,519936,INR,2026-06-02T22:47:22.256Z,ICICI,ORD-61F524EF8306,SETTLED
ICICI202606048442272,632424554863,4604035,INR,2026-05-29T19:47:22.256Z,ICICI,ORD-33524A10E361,SETTLED
ICICI202606042873376,316745762145,2344982,INR,2026-05-31T06:47:22.256Z,ICICI,ORD-B16049A9C71C,SETTLED
ICICI202606048586014,569344086955,2719588,INR,2026-06-02T02:47:22.256Z,ICICI,ORD-B1D3FE901977,SETTLED
ICICI202606049575247,276048682210,2814370,INR,2026-06-04T06:47:22.256Z,ICICI,ORD-E1778CE5CF3A,SETTLED
ICICI202606049963000,137413630150,3770758,INR,2026-05-30T07:47:22.256Z,ICICI,ORD-0E0325449B94,SETTLED
ICICI202606043330232,469909551375,3159985,INR,2026-06-01T01:47:22.256Z,ICICI,ORD-6D960350498A,SETTLED
ICICI202606042516996,965058602988,4189644,INR,2026-05-31T06:47:22.256Z,ICICI,ORD-B87BD006FD6B,SETTLED
ICICI202606044778691,218462162569,1958207,INR,2026-06-02T00:47:22.256Z,ICICI,ORD-14E94E6C3D2C,SETTLED
ICICI202606040037792,049828752067,4125871,INR,2026-06-01T23:47:22.256Z,ICICI,ORD-1F1268E014C2,PENDING
ICICI202606042129472,216794848822,723334,INR,2026-06-03T06:47:22.256Z,ICICI,ORD-09DC775B33FB,PENDING
ICICI202606044699537,044501598745,3172953,INR,2026-06-04T02:47:22.256Z,ICICI,ORD-3C3CEB26C685,SETTLED
ICICI202606043109008,494622631423,2750519,INR,2026-06-04T12:47:22.256Z,ICICI,ORD-A81BEE2DF9BC,SETTLED
ICICI202606047345633,589044764211,3860601,INR,2026-05-31T13:47:22.256Z,ICICI,ORD-E8DC9377955C,SETTLED
ICICI202606045627501,753215222670,2657895,INR,2026-05-30T07:47:22.256Z,ICICI,ORD-6064C954E95A,SETTLED
ICICI202606048778258,298302883526,1687314,INR,2026-05-28T23:47:22.256Z,ICICI,ORD-545C1C4ABCAE,SETTLED
ICICI202606045444580,344416009561,4725132,INR,2026-05-31T03:47:22.256Z,ICICI,ORD-3227E2957C76,PENDING
ICICI202606040226841,013515950449,2425282,INR,2026-05-30T09:47:22.256Z,ICICI,ORD-30FB86B05E0A,SETTLED
ICICI202606044334402,450245334197,3957473,INR,2026-06-04T10:47:22.256Z,ICICI,ORD-1277E300A67A,SETTLED
ICICI202606041178865,315546312112,4591145,INR,2026-05-29T15:47:22.256Z,ICICI,ORD-946D8F4ADB49,SETTLED
ICICI202606048811631,030885997440,3147176,INR,2026-06-03T08:47:22.256Z,ICICI,ORD-873C88F51265,SETTLED
ICICI202606044216002,086938460593,3262512,INR,2026-06-01T19:47:22.256Z,ICICI,ORD-D07C04A1F0B3,SETTLED
ICICI202606046937429,579137012553,608196,INR,2026-05-30T21:47:22.256Z,ICICI,ORD-A46C7D7637FC,SETTLED
ICICI202606045222550,335431683649,3332734,INR,2026-05-31T05:47:22.256Z,ICICI,ORD-E90D92F4FE81,SETTLED
ICICI202606040378492,959676630498,3255305,INR,2026-06-01T12:47:22.256Z,ICICI,ORD-E1C795FC4BCD,SETTLED
ICICI202606044803607,538310778804,1639211,INR,2026-06-01T23:47:22.256Z,ICICI,ORD-E7FBE4E7BC44,PENDING
ICICI202606044668837,025147496659,1698078,INR,2026-05-31T14:47:22.256Z,ICICI,ORD-6E23E6E35899,SETTLED
ICICI202606041600468,054968781549,2382460,INR,2026-06-02T01:47:22.256Z,ICICI,ORD-9954D6D223F5,SETTLED
ICICI202606045120625,888030918820,467050,INR,2026-06-04T13:47:22.256Z,ICICI,ORD-C80AE6455F5A,SETTLED
ICICI202606047212882,760182374838,2233790,INR,2026-05-29T02:47:22.256Z,ICICI,ORD-21599F14BAB0,SETTLED
ICICI202606040886740,141735129042,2441815,INR,2026-05-31T08:47:22.256Z,ICICI,ORD-4386B9AFF50D,SETTLED
ICICI202606040226591,400511010951,3206823,INR,2026-05-30T05:47:22.256Z,ICICI,ORD-BD752CAD05F1,SETTLED
ICICI202606042442627,523473233482,2023762,INR,2026-06-03T01:47:22.256Z,ICICI,ORD-6601094EA499,SETTLED
ICICI202606043125940,401837206698,3740782,INR,2026-05-31T17:47:22.256Z,ICICI,ORD-9D8BA8BFCB20,SETTLED
ICICI202606040296621,340965676794,124338,INR,2026-05-30T04:47:22.256Z,ICICI,ORD-2030AC335959,PENDING
ICICI202606046492399,874336062764,710109,INR,2026-05-30T16:47:22.256Z,ICICI,ORD-023778FF7662,SETTLED
ICICI202606045448583,853575811188,3965425,INR,2026-06-03T23:47:22.256Z,ICICI,ORD-5881C495C73E,SETTLED
ICICI202606048841585,282465160593,3721315,INR,2026-05-28T23:47:22.256Z,ICICI,ORD-1B2376A4E40B,SETTLED
ICICI202606048200096,037562081596,4787771,INR,2026-05-29T17:47:22.256Z,ICICI,ORD-D70241C21EB9,SETTLED
ICICI202606047150151,212324300683,2460376,INR,2026-06-03T15:47:22.256Z,ICICI,ORD-11095C963796,SETTLED
ICICI202606046818425,178374053531,115228,INR,2026-05-31T21:47:22.256Z,ICICI,ORD-91655C616C85,SETTLED
ICICI202606042718857,653856674090,3314446,INR,2026-06-03T15:47:22.256Z,ICICI,ORD-DF396A19185C,SETTLED
ICICI202606045673820,698657069941,3069315,INR,2026-05-29T14:47:22.256Z,ICICI,ORD-990D9C6FDB1F,SETTLED
ICICI202606049137730,050076206483,1020745,INR,2026-06-01T20:47:22.256Z,ICICI,ORD-E427E262712C,SETTLED
ICICI202606043390499,816385747766,1930631,INR,2026-06-04T17:47:22.256Z,ICICI,ORD-65E6C8F24CC4,SETTLED
ICICI202606044733742,945838541090,4549705,INR,2026-05-31T14:47:22.256Z,ICICI,ORD-54CBE513B88F,SETTLED
ICICI202606041090298,737091799394,4586422,INR,2026-06-03T12:47:22.256Z,ICICI,ORD-55F7BA37C52B,SETTLED
ICICI202606040113667,704271336859,2307341,INR,2026-06-01T09:47:22.256Z,ICICI,ORD-C00035E0B64C,SETTLED
ICICI202606041526471,660433860151,3688428,INR,2026-06-01T06:47:22.256Z,ICICI,ORD-50E03AE6C232,SETTLED
ICICI202606040723084,167491967706,4350027,INR,2026-05-29T04:47:22.256Z,ICICI,ORD-563658C92BF1,SETTLED
ICICI202606042209855,740667274944,2567441,INR,2026-06-04T10:47:22.256Z,ICICI,ORD-06E7EB318BCA,SETTLED
ICICI202606042866278,332470541844,44891,INR,2026-05-31T18:47:22.256Z,ICICI,ORD-854C97E0C1AC,SETTLED
ICICI202606046006521,164726602493,4676050,INR,2026-05-28T18:47:22.256Z,ICICI,ORD-6BDA48B58888,SETTLED
ICICI202606045863608,321936660591,1925543,INR,2026-05-30T23:47:22.256Z,ICICI,ORD-1F77604F1D5B,SETTLED
ICICI202606042524731,415136839437,879788,INR,2026-05-31T10:47:22.256Z,ICICI,ORD-D13A440382F4,PENDING
ICICI202606041647066,336124179361,4466116,INR,2026-05-28T18:47:22.256Z,ICICI,ORD-E919C2F63C60,SETTLED
ICICI202606048698760,766022647588,538821,INR,2026-05-29T10:47:22.256Z,ICICI,ORD-50BBBDF397D3,SETTLED
ICICI202606043191399,540032497773,4223086,INR,2026-05-30T07:47:22.256Z,ICICI,ORD-A38500297246,SETTLED
ICICI202606040924698,630509120240,1646425,INR,2026-05-30T01:47:22.256Z,ICICI,ORD-9C9062303996,SETTLED
ICICI202606043392804,451992682815,127577,INR,2026-05-31T17:47:22.256Z,ICICI,ORD-895738453F37,SETTLED
ICICI202606040709620,135094515063,1526276,INR,2026-05-29T00:47:22.256Z,ICICI,ORD-F4EC8BD9E21C,SETTLED
ICICI202606049334660,427467471131,2873559,INR,2026-05-30T13:47:22.256Z,ICICI,ORD-AD0A564BD6DF,SETTLED
ICICI202606044525232,705008943251,321139,INR,2026-06-04T12:47:22.256Z,ICICI,ORD-D665627405B1,SETTLED
ICICI202606044270332,315787814246,494837,INR,2026-06-01T10:47:22.256Z,ICICI,ORD-5DDE9FC33B34,SETTLED
ICICI202606049642862,242492273980,1236047,INR,2026-06-01T19:47:22.256Z,ICICI,ORD-EB69D62F4169,SETTLED
ICICI202606040198799,787162677486,3557132,INR,2026-06-03T05:47:22.256Z,ICICI,ORD-517E8CFB2B3D,SETTLED
ICICI202606041891316,542050215726,3627730,INR,2026-05-30T04:47:22.256Z,ICICI,ORD-EEEFDC85FE90,SETTLED
ICICI202606045007796,895577979070,3884586,INR,2026-05-31T19:47:22.256Z,ICICI,ORD-0CED1648E54F,PENDING
ICICI202606046932719,910606781213,105343,INR,2026-05-31T16:47:22.256Z,ICICI,ORD-3873C0D3E594,SETTLED
ICICI202606048085601,392208787396,3704440,INR,2026-05-29T16:47:22.256Z,ICICI,ORD-FA3724F1482A,SETTLED
ICICI202606045054425,391854415671,2589460,INR,2026-05-31T02:47:22.256Z,ICICI,ORD-6083836CE557,SETTLED
ICICI202606042227408,527956284963,4138600,INR,2026-06-02T06:47:22.256Z,ICICI,ORD-9D033B1FECDD,SETTLED
ICICI202606046335956,546103389639,734988,INR,2026-05-31T17:47:22.256Z,ICICI,ORD-5C231E62181E,SETTLED
ICICI202606044342463,318504879867,2487188,INR,2026-05-31T06:47:22.256Z,ICICI,ORD-7D06D4183B7E,SETTLED