UTR,RRN,Amount,Currency,Settlement_Date,Bank_Name,Merchant_Ref,Status
ICICI202606041432783,211355823395,426100,INR,2026-05-29T00:53:14.802Z,ICICI,ORD-988946BA341F,SETTLED
ICICI202606041791179,351808879735,1113471,INR,2026-05-28T22:53:14.802Z,ICICI,ORD-D1E399518372,SETTLED
ICICI202606040589356,399454307888,878806,INR,2026-06-02T15:53:14.803Z,ICICI,ORD-41180E9B0575,SETTLED
ICICI202606048835867,360207800969,1349891,INR,2026-05-29T14:53:14.803Z,ICICI,ORD-3916B43B4EB0,SETTLED
ICICI202606047281430,525597245906,2115352,INR,2026-05-30T23:53:14.803Z,ICICI,ORD-B131C57ECF8C,SETTLED
ICICI202606049496741,175871121247,398803,INR,2026-06-04T10:53:14.803Z,ICICI,ORD-E63539686633,SETTLED
ICICI202606047538040,161612914133,4955603,INR,2026-06-04T10:53:14.803Z,ICICI,ORD-1C10FB86AFA4,SETTLED
ICICI202606043199365,341126849949,267808,INR,2026-06-03T04:53:14.803Z,ICICI,ORD-C098FA83A4B6,SETTLED
ICICI202606046226856,216224866407,3684451,INR,2026-06-02T13:53:14.803Z,ICICI,ORD-033897B0FE5B,SETTLED
ICICI202606047123852,799686434530,1794760,INR,2026-05-29T18:53:14.803Z,ICICI,ORD-CF4F698FCE87,SETTLED
ICICI202606048968263,316375589157,2576725,INR,2026-06-02T06:53:14.803Z,ICICI,ORD-2E04E2B42405,SETTLED
ICICI202606041238022,982548810139,1880725,INR,2026-06-03T13:53:14.803Z,ICICI,ORD-8244DFA4B1E1,SETTLED
ICICI202606049002370,877794373162,1346025,INR,2026-06-04T01:53:14.803Z,ICICI,ORD-07179AD4A186,SETTLED
ICICI202606048991441,963558123433,4002109,INR,2026-06-04T07:53:14.803Z,ICICI,ORD-0DE8D049C5F9,SETTLED
ICICI202606041745185,308515140612,4466496,INR,2026-05-30T00:53:14.803Z,ICICI,ORD-F91DF42F67A5,SETTLED
ICICI202606040086949,054751934076,2864222,INR,2026-05-31T02:53:14.803Z,ICICI,ORD-965CC6FB439B,SETTLED
ICICI202606046433620,635737277941,2092946,INR,2026-06-01T10:53:14.803Z,ICICI,ORD-A61E80D1170E,SETTLED
ICICI202606045082411,629521992531,1511079,INR,2026-06-04T11:53:14.803Z,ICICI,ORD-06DD534F129C,PENDING
ICICI202606041898812,728338064334,1511041,INR,2026-06-03T06:53:14.803Z,ICICI,ORD-510D28A63FFC,SETTLED
ICICI202606043937683,717405386938,3456234,INR,2026-05-31T10:53:14.803Z,ICICI,ORD-17E86099C3FB,SETTLED
ICICI202606043074377,697557661741,1789672,INR,2026-06-02T00:53:14.803Z,ICICI,ORD-B6E5C4BCF9FF,SETTLED
ICICI202606042951258,882750568170,2973474,INR,2026-05-30T12:53:14.803Z,ICICI,ORD-383E146896F2,SETTLED
ICICI202606048677209,426998161115,14151,INR,2026-05-28T23:53:14.803Z,ICICI,ORD-596758F52A7D,SETTLED
ICICI202606044147978,666752681928,4607897,INR,2026-05-31T09:53:14.803Z,ICICI,ORD-F7ED938B29D3,SETTLED
ICICI202606047770639,616712347716,1732059,INR,2026-05-30T15:53:14.803Z,ICICI,ORD-7F7D4B6265F9,SETTLED
ICICI202606044895068,835656520717,736771,INR,2026-06-01T18:53:14.803Z,ICICI,ORD-F75654C24D17,SETTLED
ICICI202606048979448,963746963394,4994828,INR,2026-05-31T20:53:14.803Z,ICICI,ORD-4ECC053C2F3C,SETTLED
ICICI202606045692116,087728428685,211437,INR,2026-06-02T12:53:14.803Z,ICICI,ORD-E7746B8651B7,PENDING
ICICI202606044652124,086716340982,4407690,INR,2026-05-29T23:53:14.803Z,ICICI,ORD-A429DEB12DD0,SETTLED
ICICI202606047066225,034764906891,1887780,INR,2026-05-30T06:53:14.803Z,ICICI,ORD-2F41C6879CFA,SETTLED
ICICI202606047261823,649197392622,4737731,INR,2026-05-29T18:53:14.803Z,ICICI,ORD-C5EBEFB6E7E1,SETTLED
ICICI202606046734388,132118720247,2397958,INR,2026-06-01T09:53:14.803Z,ICICI,ORD-094CC5B63CD7,SETTLED
ICICI202606042896225,009252160200,655417,INR,2026-06-01T16:53:14.803Z,ICICI,ORD-E2A4D4A12F2A,SETTLED
ICICI202606046441682,955606067496,1001500,INR,2026-06-04T04:53:14.803Z,ICICI,ORD-BBE64560780A,SETTLED
ICICI202606048127805,998104753259,1041117,INR,2026-05-29T02:53:14.803Z,ICICI,ORD-DD5A456757D1,SETTLED
ICICI202606048358272,233719867744,1932679,INR,2026-05-29T21:53:14.803Z,ICICI,ORD-88B47C8D9057,SETTLED
ICICI202606040715486,758347929798,492564,INR,2026-06-02T18:53:14.803Z,ICICI,ORD-C28A45C49EA3,SETTLED
ICICI202606043813015,995506447667,4395827,INR,2026-06-02T15:53:14.803Z,ICICI,ORD-FC0307BA3E29,SETTLED
ICICI202606047665595,801602078819,3188520,INR,2026-05-30T19:53:14.803Z,ICICI,ORD-7724AE04050D,SETTLED
ICICI202606043383824,717423846435,2326031,INR,2026-06-04T07:53:14.803Z,ICICI,ORD-06DE0C14AADE,SETTLED
ICICI202606041589367,299156882420,105464,INR,2026-05-29T00:53:14.803Z,ICICI,ORD-097F65D78B8C,SETTLED
ICICI202606044956274,167987723056,487747,INR,2026-06-04T04:53:14.803Z,ICICI,ORD-3DD4E67C8519,SETTLED
ICICI202606048884944,439133750947,937813,INR,2026-06-02T18:53:14.803Z,ICICI,ORD-882D80802D1E,SETTLED
ICICI202606048359401,400647692917,123219,INR,2026-05-30T20:53:14.803Z,ICICI,ORD-574FE02440C0,SETTLED
ICICI202606045527272,131922161078,2857029,INR,2026-05-30T18:53:14.803Z,ICICI,ORD-AE878980AC8B,SETTLED
ICICI202606049764520,098753291425,889797,INR,2026-06-03T17:53:14.803Z,ICICI,ORD-8DCFC22FADC9,SETTLED
ICICI202606044964576,404464910124,1122570,INR,2026-05-31T10:53:14.803Z,ICICI,ORD-2D81D66331E8,SETTLED
ICICI202606049180351,908150807258,3657466,INR,2026-06-02T00:53:14.803Z,ICICI,ORD-F4AF43756109,SETTLED
ICICI202606045008170,354163688850,3019040,INR,2026-06-02T04:53:14.803Z,ICICI,ORD-ED05C2676148,SETTLED
ICICI202606049507420,920246776916,4374183,INR,2026-05-30T07:53:14.803Z,ICICI,ORD-911EA329FD4C,SETTLED
ICICI202606044027789,553774115736,1327630,INR,2026-05-29T20:53:14.803Z,ICICI,ORD-D28955DE4329,SETTLED
ICICI202606040864214,610469832201,2921625,INR,2026-06-03T08:53:14.803Z,ICICI,ORD-84AFEB3B1CCC,SETTLED
ICICI202606048982829,694814034705,3584249,INR,2026-06-02T07:53:14.803Z,ICICI,ORD-8D4187279315,SETTLED
ICICI202606047704037,820967478657,3626386,INR,2026-06-02T12:53:14.803Z,ICICI,ORD-A9EDD2DD98E8,SETTLED
ICICI202606041943884,221991024141,3380197,INR,2026-05-30T02:53:14.803Z,ICICI,ORD-7376B6531A61,SETTLED
ICICI202606043370891,667395320293,530114,INR,2026-05-31T16:53:14.803Z,ICICI,ORD-D5895DA5DE15,SETTLED
ICICI202606041889694,049365569864,1161431,INR,2026-05-29T03:53:14.803Z,ICICI,ORD-7B5407009D7B,SETTLED
ICICI202606043233881,513697262648,2418027,INR,2026-05-29T07:53:14.803Z,ICICI,ORD-856226569F3E,SETTLED
ICICI202606047157468,129587626825,4629377,INR,2026-05-31T04:53:14.803Z,ICICI,ORD-517A1F3935F7,SETTLED
ICICI202606040254338,714677962846,4460064,INR,2026-06-04T00:53:14.803Z,ICICI,ORD-40530F4BE93E,SETTLED
ICICI202606042969033,381880613459,3051365,INR,2026-06-04T05:53:14.803Z,ICICI,ORD-89D535010863,SETTLED
ICICI202606045140909,070165307870,3569529,INR,2026-05-30T04:53:14.803Z,ICICI,ORD-D7EDB942A3EE,SETTLED
ICICI202606043403681,583308041372,3959760,INR,2026-06-02T09:53:14.803Z,ICICI,ORD-99B010ADEB64,SETTLED
ICICI202606041625565,692367584369,2081971,INR,2026-06-02T02:53:14.803Z,ICICI,ORD-3CF1120843A8,SETTLED
ICICI202606046595857,080548497169,3082462,INR,2026-05-31T16:53:14.803Z,ICICI,ORD-A868837DB56A,SETTLED
ICICI202606044532466,147020828385,3687980,INR,2026-06-01T11:53:14.803Z,ICICI,ORD-C2EB86C1AD92,SETTLED
ICICI202606047867671,988138013923,1858947,INR,2026-05-29T16:53:14.803Z,ICICI,ORD-819AD45D4DF2,SETTLED
ICICI202606043831428,861031830301,2658485,INR,2026-05-30T01:53:14.803Z,ICICI,ORD-B82D3298CC38,SETTLED
ICICI202606047069188,463068268438,394004,INR,2026-06-03T02:53:14.803Z,ICICI,ORD-1F540673D74A,SETTLED
ICICI202606046018435,099579452440,4173101,INR,2026-05-29T08:53:14.803Z,ICICI,ORD-5D9D1B434835,SETTLED
ICICI202606041160923,219903759701,2325402,INR,2026-06-02T23:53:14.803Z,ICICI,ORD-DC2F2BA4EDBD,PENDING
ICICI202606046354693,358221763592,4370070,INR,2026-05-31T14:53:14.803Z,ICICI,ORD-965743A0A769,SETTLED
ICICI202606040227140,165913969550,3083229,INR,2026-05-31T16:53:14.803Z,ICICI,ORD-9FC0E8E547EF,SETTLED
ICICI202606048107480,327010828005,4171877,INR,2026-06-02T17:53:14.803Z,ICICI,ORD-56006E7F0E6D,SETTLED
ICICI202606049493109,953398694273,4593218,INR,2026-05-31T13:53:14.803Z,ICICI,ORD-20451B99EF26,SETTLED
ICICI202606043814634,214108526296,1932228,INR,2026-05-29T19:53:14.803Z,ICICI,ORD-5A861D6A8965,SETTLED
ICICI202606047037063,359767261333,4036914,INR,2026-06-02T09:53:14.803Z,ICICI,ORD-B356A0D6C3CC,SETTLED
ICICI202606046071384,729015840653,2746785,INR,2026-05-30T15:53:14.803Z,ICICI,ORD-2300F928075B,PENDING
ICICI202606042864642,669323792114,4289113,INR,2026-05-31T17:53:14.803Z,ICICI,ORD-A781117973F1,SETTLED
ICICI202606046434241,135243922995,3563598,INR,2026-06-03T11:53:14.803Z,ICICI,ORD-735BF60C370A,SETTLED
ICICI202606045902060,495033193342,3537014,INR,2026-06-01T01:53:14.803Z,ICICI,ORD-BAD84FD10F90,SETTLED
ICICI202606040731404,752871696567,4341846,INR,2026-05-31T14:53:14.803Z,ICICI,ORD-F00953BF1D12,SETTLED
ICICI202606047410452,343627748577,4460025,INR,2026-06-04T13:53:14.803Z,ICICI,ORD-5EBDDEAB0405,SETTLED
ICICI202606041449338,297860873743,4365995,INR,2026-05-31T16:53:14.803Z,ICICI,ORD-7C9D9859F956,SETTLED
ICICI202606048171020,317529366604,3160562,INR,2026-06-01T09:53:14.803Z,ICICI,ORD-335722569A38,SETTLED
ICICI202606043348738,284325320295,4720876,INR,2026-06-02T05:53:14.803Z,ICICI,ORD-6C076380CB24,SETTLED
ICICI202606048255385,002883094868,4160125,INR,2026-05-30T22:53:14.803Z,ICICI,ORD-AB83FC16B951,SETTLED
ICICI202606043146570,326301191581,3357721,INR,2026-06-01T22:53:14.803Z,ICICI,ORD-D31440BD785D,SETTLED
ICICI202606042473916,687489021839,2739765,INR,2026-06-01T11:53:14.803Z,ICICI,ORD-A51243D36563,SETTLED
ICICI202606041139796,171470867750,603304,INR,2026-06-03T06:53:14.803Z,ICICI,ORD-CE6078081E08,SETTLED
ICICI202606046565384,794400967506,3434678,INR,2026-05-30T15:53:14.803Z,ICICI,ORD-8839B27909C8,SETTLED
ICICI202606046961204,932401081562,3918027,INR,2026-06-01T04:53:14.803Z,ICICI,ORD-C291542626C7,SETTLED
ICICI202606040997963,912566448424,2716209,INR,2026-06-02T22:53:14.803Z,ICICI,ORD-A4919E69FAAE,SETTLED
ICICI202606045211765,611367275092,1117335,INR,2026-06-03T12:53:14.803Z,ICICI,ORD-A524161BD645,SETTLED
ICICI202606049064393,568599667979,589527,INR,2026-06-04T07:53:14.803Z,ICICI,ORD-5476034257B5,SETTLED
ICICI202606045043687,249926499498,1644361,INR,2026-05-29T12:53:14.803Z,ICICI,ORD-426F8354078B,SETTLED
ICICI202606041926888,416182095643,3820681,INR,2026-06-03T12:53:14.803Z,ICICI,ORD-56BC08E97BE5,SETTLED
ICICI202606047757901,092614731174,1366567,INR,2026-06-01T10:53:14.803Z,ICICI,ORD-7B6B1D59B981,SETTLED
ICICI202606046236061,889449153117,2129618,INR,2026-05-31T09:53:14.803Z,ICICI,ORD-CE972A10727F,SETTLED
ICICI202606044499528,514120406198,2691190,INR,2026-06-02T12:53:14.803Z,ICICI,ORD-018151B9FAB0,SETTLED
ICICI202606047217140,918196040824,374296,INR,2026-06-03T17:53:14.803Z,ICICI,ORD-C05AF515C087,SETTLED
ICICI202606047778193,060222507698,871576,INR,2026-06-01T03:53:14.803Z,ICICI,ORD-F3302FF1D657,SETTLED
ICICI202606046212917,250345585993,703785,INR,2026-06-03T10:53:14.803Z,ICICI,ORD-5BDA868ECD7B,SETTLED
ICICI202606047152128,104978698388,2362065,INR,2026-06-03T09:53:14.803Z,ICICI,ORD-A77A5C7BBEF1,SETTLED
ICICI202606049454810,794792595668,4066481,INR,2026-05-30T14:53:14.803Z,ICICI,ORD-06F7567CF426,SETTLED
ICICI202606043439132,553965365864,2304819,INR,2026-05-31T02:53:14.803Z,ICICI,ORD-6A019767FFDA,SETTLED
ICICI202606048992823,559714529844,1544157,INR,2026-06-04T14:53:14.803Z,ICICI,ORD-24188F2B3D40,SETTLED
ICICI202606042655294,321475074852,3244914,INR,2026-06-02T02:53:14.803Z,ICICI,ORD-97D1252291F3,SETTLED
ICICI202606046705326,559989813571,4776311,INR,2026-05-30T15:53:14.803Z,ICICI,ORD-B4BC6D5DF55E,SETTLED
ICICI202606042189199,087632400662,381912,INR,2026-05-30T03:53:14.803Z,ICICI,ORD-2D8FB12C676D,PENDING
ICICI202606042160118,139986886922,3270254,INR,2026-05-31T09:53:14.803Z,ICICI,ORD-49B24CB4B486,SETTLED
ICICI202606047217926,329762707719,3650179,INR,2026-06-01T23:53:14.803Z,ICICI,ORD-ADD7D53EEEE4,SETTLED
ICICI202606044791343,072482380977,2289397,INR,2026-06-01T04:53:14.803Z,ICICI,ORD-7210D30D92F7,SETTLED
ICICI202606049727600,171136948946,100778,INR,2026-06-01T12:53:14.803Z,ICICI,ORD-2E2E58CD9867,SETTLED
ICICI202606047444982,159702860846,4839861,INR,2026-06-03T09:53:14.803Z,ICICI,ORD-0092D7790549,SETTLED
ICICI202606046065208,651125307082,2714483,INR,2026-06-04T13:53:14.803Z,ICICI,ORD-9497B6539C99,SETTLED
ICICI202606046222296,303750878700,573323,INR,2026-05-29T13:53:14.803Z,ICICI,ORD-E922A00CC968,SETTLED
ICICI202606042179275,653115555912,1003946,INR,2026-05-30T16:53:14.803Z,ICICI,ORD-1D405D8D8A07,SETTLED
ICICI202606041613079,132943446805,4279031,INR,2026-06-01T13:53:14.803Z,ICICI,ORD-142A5757CFA7,SETTLED
ICICI202606043830681,160149407352,4170715,INR,2026-05-30T10:53:14.803Z,ICICI,ORD-D19794018ECF,SETTLED
ICICI202606041908730,147446885739,1492936,INR,2026-05-30T10:53:14.803Z,ICICI,ORD-3FD887537572,SETTLED
ICICI202606044956979,728434305975,4678037,INR,2026-06-02T12:53:14.803Z,ICICI,ORD-BB15E4CD00E4,SETTLED
ICICI202606041679737,056567196527,1768731,INR,2026-06-03T06:53:14.803Z,ICICI,ORD-B5316928B717,SETTLED
ICICI202606043167091,364265013108,120228,INR,2026-05-30T19:53:14.803Z,ICICI,ORD-84A0E72288FC,SETTLED
ICICI202606041757592,134425532353,2822195,INR,2026-05-31T10:53:14.803Z,ICICI,ORD-6A33DB63F718,SETTLED
ICICI202606049495650,630815724717,2927102,INR,2026-06-04T06:53:14.803Z,ICICI,ORD-B24304B937C4,SETTLED
ICICI202606041667439,143428642588,1592337,INR,2026-06-03T05:53:14.803Z,ICICI,ORD-DC1842C0D390,SETTLED
ICICI202606047326826,247107915677,2770794,INR,2026-05-31T03:53:14.803Z,ICICI,ORD-43366F94C793,SETTLED
ICICI202606043574228,308331878769,4352429,INR,2026-05-31T07:53:14.803Z,ICICI,ORD-DBE127A0EE8D,SETTLED
ICICI202606042099038,768003792741,2947391,INR,2026-06-02T17:53:14.803Z,ICICI,ORD-980AC67B0A49,SETTLED
ICICI202606046984962,783895058295,111652,INR,2026-05-31T01:53:14.803Z,ICICI,ORD-3ADA4DB89A02,SETTLED
ICICI202606046674303,058111722492,2256918,INR,2026-06-02T08:53:14.803Z,ICICI,ORD-E86A9FAC04EF,SETTLED
ICICI202606044944946,560192834431,1230870,INR,2026-06-04T10:53:14.803Z,ICICI,ORD-3C9830B12730,SETTLED
ICICI202606040661857,643960546923,3693267,INR,2026-06-01T13:53:14.803Z,ICICI,ORD-2E6EF76CC939,PENDING
ICICI202606046139551,225790458587,3357353,INR,2026-06-01T01:53:14.803Z,ICICI,ORD-6B35815CA6A5,PENDING
ICICI202606049607337,119309530903,3285888,INR,2026-05-28T22:53:14.803Z,ICICI,ORD-C1C4503B5295,SETTLED
ICICI202606047007441,965699885174,2837378,INR,2026-06-01T21:53:14.803Z,ICICI,ORD-12A9A2FB8040,SETTLED
ICICI202606044831099,999991740581,2951993,INR,2026-06-01T06:53:14.803Z,ICICI,ORD-3C577B4A81DE,SETTLED
ICICI202606046440618,774200448644,4407525,INR,2026-06-02T10:53:14.803Z,ICICI,ORD-2F8E953EE20F,SETTLED
ICICI202606045369893,748167561462,4249134,INR,2026-06-03T17:53:14.803Z,ICICI,ORD-463ED54AB821,SETTLED
ICICI202606049094785,002188221020,2251318,INR,2026-05-31T11:53:14.803Z,ICICI,ORD-72D18C85CFCA,SETTLED
ICICI202606044819163,935379438328,1415864,INR,2026-05-29T08:53:14.803Z,ICICI,ORD-6E93082AA75C,SETTLED
ICICI202606045558011,223956883231,2448014,INR,2026-05-30T10:53:14.803Z,ICICI,ORD-282C9DD2AF3C,SETTLED
ICICI202606048940595,070839686477,331766,INR,2026-06-03T02:53:14.803Z,ICICI,ORD-7CB9AF2BE849,SETTLED
ICICI202606040449180,557241085306,2286683,INR,2026-06-03T12:53:14.803Z,ICICI,ORD-042A7A6BB63E,SETTLED
ICICI202606048230908,489354889256,4556815,INR,2026-06-04T13:53:14.803Z,ICICI,ORD-F06829FDCC99,SETTLED
ICICI202606049895388,639851748753,3284999,INR,2026-06-02T22:53:14.803Z,ICICI,ORD-2961264D74B0,SETTLED
ICICI202606048468578,741983448669,1919835,INR,2026-05-29T01:53:14.803Z,ICICI,ORD-012EC08E8CB7,SETTLED
ICICI202606049742028,838115908893,3011267,INR,2026-06-01T07:53:14.803Z,ICICI,ORD-0506D4697428,SETTLED
ICICI202606047143091,387415326751,1708600,INR,2026-06-01T05:53:14.803Z,ICICI,ORD-FEB99711E62B,SETTLED
ICICI202606047091581,243435757693,4758704,INR,2026-06-04T02:53:14.803Z,ICICI,ORD-392D82C5FFAC,SETTLED
ICICI202606049880692,512839678431,3890494,INR,2026-05-29T11:53:14.803Z,ICICI,ORD-A228B3741F89,SETTLED
ICICI202606040527522,392192052841,683932,INR,2026-05-29T09:53:14.803Z,ICICI,ORD-6C23BA7B276E,SETTLED
ICICI202606043508189,712520458273,3212763,INR,2026-05-29T21:53:14.803Z,ICICI,ORD-E1F1F0CFDD04,SETTLED
ICICI202606049313760,668321160865,4686513,INR,2026-05-29T01:53:14.803Z,ICICI,ORD-CA58E8754278,SETTLED
ICICI202606040500777,748880801462,2887518,INR,2026-05-31T23:53:14.803Z,ICICI,ORD-FB219D15293E,SETTLED
ICICI202606047171925,302301819769,2591713,INR,2026-06-03T11:53:14.803Z,ICICI,ORD-7500983EFA4C,SETTLED
ICICI202606044257009,494271559544,492991,INR,2026-05-31T12:53:14.803Z,ICICI,ORD-5D1DC1A9A7A7,SETTLED
ICICI202606049125994,119585075498,433298,INR,2026-05-29T21:53:14.803Z,ICICI,ORD-FFFB77EDB667,SETTLED
ICICI202606040695482,804076951719,2742816,INR,2026-06-04T14:53:14.803Z,ICICI,ORD-C7C74AB040F3,SETTLED
ICICI202606046320490,398985658047,2190237,INR,2026-06-03T06:53:14.803Z,ICICI,ORD-201D69F003E9,SETTLED
ICICI202606040480663,166250606064,1596103,INR,2026-06-03T04:53:14.803Z,ICICI,ORD-47C567A09A7B,SETTLED
ICICI202606049200534,151345744890,2428059,INR,2026-05-29T12:53:14.803Z,ICICI,ORD-9558A66F2389,SETTLED
ICICI202606046492816,129599771669,535217,INR,2026-05-30T04:53:14.803Z,ICICI,ORD-EED981FAF628,SETTLED
ICICI202606048835085,121321420805,4995692,INR,2026-05-31T15:53:14.803Z,ICICI,ORD-FEB782F502FF,SETTLED
ICICI202606041120377,892140320118,1249308,INR,2026-05-31T00:53:14.803Z,ICICI,ORD-53C42BACAABE,SETTLED
ICICI202606048672952,544677573989,4010893,INR,2026-06-04T01:53:14.803Z,ICICI,ORD-5360BFDF9FEF,SETTLED
ICICI202606049414999,849557650762,2844235,INR,2026-06-01T16:53:14.803Z,ICICI,ORD-377315C20CE3,PENDING
ICICI202606046100142,822395952744,4469485,INR,2026-05-30T05:53:14.803Z,ICICI,ORD-52C63D0F23B6,SETTLED
ICICI202606041254421,525052104499,842271,INR,2026-06-04T01:53:14.803Z,ICICI,ORD-11FB975255F5,SETTLED
ICICI202606042389160,638352669812,2307813,INR,2026-05-31T11:53:14.803Z,ICICI,ORD-0CBC6C911EB6,SETTLED
ICICI202606040318216,408660854272,2382058,INR,2026-06-04T07:53:14.803Z,ICICI,ORD-32D3F1F57861,PENDING
ICICI202606049613406,215392322451,1333079,INR,2026-06-04T03:53:14.803Z,ICICI,ORD-D1A15BD57AD4,SETTLED
ICICI202606047037593,725532436939,3544095,INR,2026-05-28T22:53:14.803Z,ICICI,ORD-410E7008354B,SETTLED
ICICI202606047055678,459269076063,4437862,INR,2026-06-04T14:53:14.803Z,ICICI,ORD-D043927B2F2B,SETTLED
ICICI202606040193526,349878186897,1838949,INR,2026-05-31T13:53:14.803Z,ICICI,ORD-E243A582046A,SETTLED
ICICI202606048803065,560438715230,1787762,INR,2026-06-03T18:53:14.803Z,ICICI,ORD-C3ED45396B50,SETTLED
ICICI202606041463588,915461681143,4878840,INR,2026-05-30T04:53:14.804Z,ICICI,ORD-E4C46ECCCCEA,SETTLED
ICICI202606040975588,902413295262,1427782,INR,2026-05-30T02:53:14.804Z,ICICI,ORD-3D37B882C62A,SETTLED
ICICI202606047696753,602496812890,2985897,INR,2026-06-03T02:53:14.804Z,ICICI,ORD-ED127DC20394,SETTLED
ICICI202606047902042,484825081040,4537616,INR,2026-06-04T13:53:14.804Z,ICICI,ORD-335594A7D9F5,SETTLED
ICICI202606042787197,716268837491,4355142,INR,2026-05-30T19:53:14.804Z,ICICI,ORD-6FB1D86FDE8B,SETTLED
ICICI202606042798167,736037863234,3682172,INR,2026-06-02T10:53:14.804Z,ICICI,ORD-EAA4D386155B,SETTLED
ICICI202606040208692,024876391296,3939413,INR,2026-06-04T03:53:14.804Z,ICICI,ORD-2BB1D41195D5,SETTLED
ICICI202606043246832,022153517351,2312868,INR,2026-05-31T10:53:14.804Z,ICICI,ORD-5940E2B86F4A,PENDING
ICICI202606042960492,637751807415,4493322,INR,2026-06-03T14:53:14.804Z,ICICI,ORD-E168ED0E129F,SETTLED
ICICI202606042214501,151745765571,2224746,INR,2026-06-04T03:53:14.804Z,ICICI,ORD-0219126F1BAF,SETTLED
ICICI202606047114137,474953919058,4913603,INR,2026-06-02T03:53:14.804Z,ICICI,ORD-450B14A284C1,SETTLED
ICICI202606040163678,892172900883,1847034,INR,2026-05-29T16:53:14.804Z,ICICI,ORD-DBFC9AF4ECF0,SETTLED
ICICI202606047783814,195364793309,4991949,INR,2026-06-03T10:53:14.804Z,ICICI,ORD-3AAFED06902F,SETTLED
ICICI202606048515757,396852972434,1029651,INR,2026-05-31T09:53:14.804Z,ICICI,ORD-7B7F4E9B26CD,SETTLED
ICICI202606048593898,244694796661,4926522,INR,2026-06-01T05:53:14.804Z,ICICI,ORD-6D147835D8C1,SETTLED
ICICI202606046951717,790295042772,3753380,INR,2026-06-03T01:53:14.804Z,ICICI,ORD-C8EEDBC29D32,SETTLED
ICICI202606046904816,081600144396,2691645,INR,2026-06-04T09:53:14.804Z,ICICI,ORD-BB6AF4B5C7FE,SETTLED
ICICI202606043504141,499687311423,1200680,INR,2026-06-04T04:53:14.804Z,ICICI,ORD-27B464E63D45,SETTLED
ICICI202606048792618,827445811420,1387317,INR,2026-05-28T22:53:14.804Z,ICICI,ORD-437A60370BF9,SETTLED
ICICI202606042742670,809476109966,2787769,INR,2026-05-29T02:53:14.804Z,ICICI,ORD-B222FE4BB3E5,SETTLED
ICICI202606044927720,157200130350,4092066,INR,2026-06-03T15:53:14.804Z,ICICI,ORD-A33F5C4059F5,SETTLED
ICICI202606040882839,276414663045,4431500,INR,2026-05-31T02:53:14.804Z,ICICI,ORD-39A2C36CED96,SETTLED
ICICI202606049319340,383723374849,3788730,INR,2026-06-02T02:53:14.804Z,ICICI,ORD-CE2CF2AE071B,SETTLED
ICICI202606048507249,231256301918,2875294,INR,2026-05-29T01:53:14.804Z,ICICI,ORD-F10F0DBE6321,SETTLED
ICICI202606049750010,072647770356,292511,INR,2026-06-03T03:53:14.804Z,ICICI,ORD-7EC751299CE4,SETTLED
ICICI202606046404947,678543013939,3390871,INR,2026-05-30T13:53:14.804Z,ICICI,ORD-30365860342A,PENDING
ICICI202606040041549,319165029852,1087702,INR,2026-05-28T23:53:14.804Z,ICICI,ORD-12137CAE17F3,SETTLED
ICICI202606042091784,979526908205,3775610,INR,2026-06-02T11:53:14.804Z,ICICI,ORD-3AB736F61092,SETTLED
ICICI202606046192247,552101868404,3532874,INR,2026-05-31T11:53:14.804Z,ICICI,ORD-E679696A11A9,SETTLED
ICICI202606042252793,169871446440,4870899,INR,2026-06-02T15:53:14.804Z,ICICI,ORD-23FF607D6AE1,SETTLED
ICICI202606045566478,802243077446,4321995,INR,2026-06-03T01:53:14.804Z,ICICI,ORD-79EB57C0E18A,SETTLED
ICICI202606049553708,670784140930,2975430,INR,2026-05-30T08:53:14.804Z,ICICI,ORD-C2AED34C9E77,SETTLED
ICICI202606049957204,787351451603,338492,INR,2026-06-02T16:53:14.804Z,ICICI,ORD-40EECA1A30EC,SETTLED
ICICI202606044325718,914243801411,4963272,INR,2026-06-03T15:53:14.804Z,ICICI,ORD-82ABA3C86C31,SETTLED
ICICI202606047289400,334139808447,4427928,INR,2026-05-29T23:53:14.804Z,ICICI,ORD-CFB06B1681C1,SETTLED
ICICI202606049068313,868268277547,1773297,INR,2026-05-30T08:53:14.804Z,ICICI,ORD-AFAFC7E62847,SETTLED
ICICI202606049360761,693968986349,1795167,INR,2026-05-29T05:53:14.804Z,ICICI,ORD-30880C3AD882,SETTLED
ICICI202606045349032,702077410106,1563880,INR,2026-06-01T03:53:14.804Z,ICICI,ORD-D1F15C72B91B,SETTLED
ICICI202606047564802,470056521957,4515550,INR,2026-06-04T09:53:14.804Z,ICICI,ORD-24F6123B97FF,SETTLED
ICICI202606044422606,336746673327,3233361,INR,2026-05-30T14:53:14.804Z,ICICI,ORD-FFE0AD1E5235,SETTLED
ICICI202606048406974,271592952067,4393197,INR,2026-06-01T09:53:14.804Z,ICICI,ORD-64320D6572CA,SETTLED
ICICI202606046771953,811808788194,1075452,INR,2026-05-28T18:53:14.804Z,ICICI,ORD-B269C469CB1E,SETTLED
ICICI202606045920927,825546391942,2847484,INR,2026-05-30T14:53:14.804Z,ICICI,ORD-4AEBCB508AC7,SETTLED
ICICI202606042303079,544798176421,376756,INR,2026-06-02T15:53:14.804Z,ICICI,ORD-4C48973B5E89,SETTLED
ICICI202606046913353,716712062403,4207707,INR,2026-05-31T04:53:14.804Z,ICICI,ORD-B55A386A0DD7,SETTLED
ICICI202606044577398,743768825367,1354291,INR,2026-06-01T12:53:14.804Z,ICICI,ORD-CA97E75BF475,SETTLED
ICICI202606040904271,419769184316,1683092,INR,2026-05-30T03:53:14.804Z,ICICI,ORD-9D610263A847,SETTLED
ICICI202606042096856,154670881394,4810045,INR,2026-06-02T05:53:14.804Z,ICICI,ORD-F0EE7EF00463,SETTLED
ICICI202606040350657,766145208121,2698439,INR,2026-05-31T15:53:14.804Z,ICICI,ORD-010902AF708A,SETTLED
ICICI202606042135247,337299412784,798734,INR,2026-06-03T10:53:14.804Z,ICICI,ORD-FB97A9C3075F,SETTLED
ICICI202606047946297,696308579812,1529129,INR,2026-06-01T00:53:14.804Z,ICICI,ORD-9E6996D1979F,SETTLED
ICICI202606041640422,729310807657,4289337,INR,2026-06-01T03:53:14.804Z,ICICI,ORD-28E871469639,SETTLED
ICICI202606045250918,310619535259,2714327,INR,2026-05-28T22:53:14.804Z,ICICI,ORD-7F2B905BBB3E,PENDING
ICICI202606041912415,287207898328,716383,INR,2026-05-31T06:53:14.804Z,ICICI,ORD-EF7BCEFC1749,SETTLED
ICICI202606043408358,082017305201,4976739,INR,2026-05-31T17:53:14.804Z,ICICI,ORD-737944B464D5,SETTLED
ICICI202606040691117,475216056935,3911403,INR,2026-06-02T07:53:14.804Z,ICICI,ORD-CE60568CA58A,SETTLED
ICICI202606042619990,314209069857,3959060,INR,2026-05-30T11:53:14.804Z,ICICI,ORD-1D0012FC7919,SETTLED
ICICI202606045354494,161809083510,1191149,INR,2026-06-03T03:53:14.804Z,ICICI,ORD-281F8F1C8BC4,SETTLED
ICICI202606049710720,465188671988,2280719,INR,2026-05-31T15:53:14.804Z,ICICI,ORD-AB5AD66E1810,SETTLED
ICICI202606049580922,206111447708,1709508,INR,2026-05-31T20:53:14.804Z,ICICI,ORD-BE891D4FCDC4,SETTLED
ICICI202606048577649,779940824958,35142,INR,2026-05-30T11:53:14.804Z,ICICI,ORD-06F8E76A4A59,SETTLED
ICICI202606041039026,739010031328,393639,INR,2026-06-03T12:53:14.804Z,ICICI,ORD-863BD5FBD191,SETTLED
ICICI202606043159253,428416569404,1003129,INR,2026-05-29T19:53:14.804Z,ICICI,ORD-507E2576B57F,SETTLED
ICICI202606049260394,526458228593,3244090,INR,2026-05-31T13:53:14.804Z,ICICI,ORD-0D8D915C6106,SETTLED
ICICI202606048534780,425267741380,1612866,INR,2026-05-29T13:53:14.804Z,ICICI,ORD-BB1CD2E4E718,SETTLED
ICICI202606041150384,046359294779,4945236,INR,2026-06-04T08:53:14.804Z,ICICI,ORD-12F42EEC8B8C,PENDING
ICICI202606042313862,388343378689,2018196,INR,2026-06-01T04:53:14.804Z,ICICI,ORD-CF3A6CD70BB5,SETTLED
ICICI202606041919295,725868111837,4725198,INR,2026-05-29T13:53:14.804Z,ICICI,ORD-5661EC02392F,SETTLED
ICICI202606040907663,534954668087,917651,INR,2026-06-03T18:53:14.804Z,ICICI,ORD-DA82E248FE88,SETTLED
ICICI202606048128071,480521371072,474390,INR,2026-06-03T01:53:14.804Z,ICICI,ORD-1A49D7630372,SETTLED
ICICI202606044342246,945234069660,1868594,INR,2026-06-01T07:53:14.804Z,ICICI,ORD-9F3CE82DDE6B,SETTLED
ICICI202606042715047,213449733061,597988,INR,2026-06-01T05:53:14.804Z,ICICI,ORD-89FF8A5A4F65,SETTLED
ICICI202606044568579,402019110624,40755,INR,2026-06-04T04:53:14.804Z,ICICI,ORD-589961017A78,SETTLED
ICICI202606044667748,297482493243,2631603,INR,2026-06-04T06:53:14.804Z,ICICI,ORD-DA51690A8265,SETTLED
ICICI202606041719975,973970059912,893994,INR,2026-06-02T14:53:14.804Z,ICICI,ORD-AE1F98C0B7C1,SETTLED
ICICI202606049946174,847509146936,848089,INR,2026-06-03T01:53:14.804Z,ICICI,ORD-5D0F89FC2994,SETTLED
ICICI202606043520082,319348176794,2338054,INR,2026-06-04T13:53:14.804Z,ICICI,ORD-71ECB74074FA,SETTLED
ICICI202606046084420,502298456627,1674860,INR,2026-05-30T07:53:14.804Z,ICICI,ORD-C85799364DEB,SETTLED
ICICI202606049682259,988496841367,4742056,INR,2026-06-01T16:53:14.804Z,ICICI,ORD-2CAEF44828D0,SETTLED
ICICI202606043304094,990330461733,4025830,INR,2026-05-30T02:53:14.804Z,ICICI,ORD-61CEE72ACADD,SETTLED
ICICI202606042269694,586662310199,4937003,INR,2026-05-29T19:53:14.804Z,ICICI,ORD-60E3C7572C75,SETTLED
ICICI202606044770555,558707082754,741389,INR,2026-05-31T00:53:14.804Z,ICICI,ORD-7B083ECDEF15,SETTLED
ICICI202606040153797,850923728035,2195944,INR,2026-05-31T00:53:14.804Z,ICICI,ORD-67022115D4C4,PENDING
ICICI202606041803586,413336429333,4380314,INR,2026-05-31T19:53:14.804Z,ICICI,ORD-8DD1FD3CF45E,SETTLED
ICICI202606041553328,072077296646,2288654,INR,2026-05-28T23:53:14.804Z,ICICI,ORD-3672393D50FB,SETTLED
ICICI202606047925392,462994005370,4778502,INR,2026-06-02T11:53:14.804Z,ICICI,ORD-E44E611E7A1E,SETTLED
ICICI202606049542372,565178403564,67671,INR,2026-05-31T20:53:14.804Z,ICICI,ORD-C5881947725C,SETTLED
ICICI202606048022863,133690075779,1964948,INR,2026-05-30T16:53:14.804Z,ICICI,ORD-C70EC0A9344F,SETTLED
ICICI202606044040868,174824730054,3626846,INR,2026-05-30T21:53:14.804Z,ICICI,ORD-EDC33439B5E6,SETTLED
ICICI202606045546238,989359299118,4174575,INR,2026-05-31T16:53:14.804Z,ICICI,ORD-7005B51D5EB2,SETTLED
ICICI202606041274421,899265046005,1740570,INR,2026-05-30T11:53:14.804Z,ICICI,ORD-59B917D7B1AC,SETTLED
ICICI202606042651906,367741773056,3114397,INR,2026-05-31T09:53:14.804Z,ICICI,ORD-288F418A991F,SETTLED
ICICI202606042909284,593781102552,1826120,INR,2026-05-29T02:53:14.804Z,ICICI,ORD-36A4225531F5,SETTLED
ICICI202606047010640,683417369309,4515300,INR,2026-06-04T11:53:14.804Z,ICICI,ORD-F818C6E5DB71,SETTLED
ICICI202606041846913,658129286591,1511021,INR,2026-06-03T02:53:14.804Z,ICICI,ORD-B57E6CCBFDD5,SETTLED
ICICI202606049370738,702265033129,1922522,INR,2026-05-31T18:53:14.804Z,ICICI,ORD-5CA7D875620F,SETTLED
ICICI202606042057901,544804724167,2244831,INR,2026-05-28T18:53:14.804Z,ICICI,ORD-72EB161518F7,SETTLED
ICICI202606048823927,832488582789,3417346,INR,2026-06-02T05:53:14.804Z,ICICI,ORD-AD45D9384B28,SETTLED
ICICI202606044100138,388210437988,4832739,INR,2026-05-30T11:53:14.804Z,ICICI,ORD-A01FF104D985,SETTLED
ICICI202606047603028,374343296350,636992,INR,2026-05-30T12:53:14.804Z,ICICI,ORD-3C52D0F36452,PENDING
ICICI202606048980324,364662139141,2023537,INR,2026-06-01T02:53:14.804Z,ICICI,ORD-D6EAF0096D94,SETTLED
ICICI202606042528065,167669494194,3901067,INR,2026-05-29T03:53:14.804Z,ICICI,ORD-5519F160AE64,SETTLED
ICICI202606040031713,544513108784,3729132,INR,2026-06-04T14:53:14.804Z,ICICI,ORD-E5C7B6376D65,SETTLED
ICICI202606044276024,332004519645,4322025,INR,2026-05-31T14:53:14.804Z,ICICI,ORD-1B841AA059E1,SETTLED
ICICI202606042570531,673016523421,138531,INR,2026-05-29T06:53:14.804Z,ICICI,ORD-92DA0B12E4DF,SETTLED
ICICI202606045028565,209464733192,3280583,INR,2026-06-01T21:53:14.804Z,ICICI,ORD-3F3232C60675,SETTLED
ICICI202606048816804,630801310144,2093876,INR,2026-05-31T21:53:14.804Z,ICICI,ORD-2AF9D4356A0A,SETTLED
ICICI202606046399039,150285854003,667880,INR,2026-05-30T16:53:14.804Z,ICICI,ORD-022C9C90670D,SETTLED
ICICI202606043461346,793649155239,1720563,INR,2026-06-02T20:53:14.804Z,ICICI,ORD-A82088A30C5A,SETTLED
ICICI202606044235250,795966675641,730487,INR,2026-06-01T15:53:14.804Z,ICICI,ORD-1F53CCFA834F,SETTLED
ICICI202606049070028,045386928148,3386478,INR,2026-05-29T03:53:14.804Z,ICICI,ORD-E0CCE8AD092C,SETTLED
ICICI202606049141284,263709288692,812868,INR,2026-05-30T09:53:14.804Z,ICICI,ORD-370030538959,SETTLED
ICICI202606048065735,263714490783,1988869,INR,2026-05-30T05:53:14.804Z,ICICI,ORD-9AE35E85F220,SETTLED
ICICI202606043976490,780392407761,105415,INR,2026-06-03T13:53:14.804Z,ICICI,ORD-32DA54F7FCA3,SETTLED
ICICI202606044260893,417915393522,4593696,INR,2026-06-02T06:53:14.804Z,ICICI,ORD-E65A5ABABC28,SETTLED
ICICI202606043230612,009811420875,3199554,INR,2026-06-01T21:53:14.804Z,ICICI,ORD-7B242C2ACC7D,PENDING
ICICI202606042203393,343866278566,1291572,INR,2026-05-31T18:53:14.804Z,ICICI,ORD-5D68400FA1E9,SETTLED
ICICI202606042683713,625200214222,103747,INR,2026-05-30T22:53:14.804Z,ICICI,ORD-D82F9EA38089,SETTLED
ICICI202606040091536,959388677973,2688916,INR,2026-06-01T10:53:14.804Z,ICICI,ORD-710C9D7C7403,SETTLED
ICICI202606041481034,246538003801,3878209,INR,2026-06-04T09:53:14.804Z,ICICI,ORD-3D5F031723D7,SETTLED
ICICI202606045281080,753226113575,499698,INR,2026-05-29T16:53:14.804Z,ICICI,ORD-52F580EB03BE,SETTLED
ICICI202606049874469,503129274790,2551378,INR,2026-05-29T10:53:14.804Z,ICICI,ORD-466477F4C3F7,SETTLED
ICICI202606048658286,183780790121,2276176,INR,2026-06-01T10:53:14.804Z,ICICI,ORD-CD45B0192BAA,SETTLED
ICICI202606047129649,045571095504,4306023,INR,2026-05-31T07:53:14.804Z,ICICI,ORD-D46854562BFA,SETTLED
ICICI202606041188981,089834398270,2810325,INR,2026-05-29T05:53:14.804Z,ICICI,ORD-178C9DBDB924,SETTLED
ICICI202606043971739,712285941302,2844488,INR,2026-05-31T18:53:14.804Z,ICICI,ORD-2F64E9E28F35,SETTLED
ICICI202606047093736,185571675591,1634263,INR,2026-06-02T21:53:14.804Z,ICICI,ORD-035426DC493B,SETTLED
ICICI202606049239035,812469342841,2358790,INR,2026-05-29T23:53:14.804Z,ICICI,ORD-7B7D05150A83,SETTLED
ICICI202606046539370,859015945822,974073,INR,2026-05-29T23:53:14.804Z,ICICI,ORD-0CD08A769C98,SETTLED
ICICI202606043734504,306878398739,820080,INR,2026-05-29T01:53:14.804Z,ICICI,ORD-BE48FDBF460D,SETTLED
ICICI202606042011586,463804906947,767093,INR,2026-06-01T07:53:14.804Z,ICICI,ORD-C6506B78A67C,SETTLED
ICICI202606043423854,110516865864,981204,INR,2026-06-01T17:53:14.804Z,ICICI,ORD-EEF37AC77BDD,PENDING
ICICI202606045171750,492736339206,2925561,INR,2026-05-29T00:53:14.804Z,ICICI,ORD-3486D301B85C,PENDING
ICICI202606046284110,248797011011,3767092,INR,2026-05-30T19:53:14.804Z,ICICI,ORD-BA8E4A1D511A,SETTLED
ICICI202606049283688,344847429684,4600181,INR,2026-06-02T11:53:14.804Z,ICICI,ORD-6CFA3648ECE8,SETTLED
ICICI202606048271931,054930590315,122726,INR,2026-06-02T15:53:14.804Z,ICICI,ORD-775420EA91B2,SETTLED
ICICI202606048848020,392678557361,4849822,INR,2026-06-03T13:53:14.804Z,ICICI,ORD-5771CA709306,SETTLED
ICICI202606046322993,020246451111,914004,INR,2026-06-02T09:53:14.804Z,ICICI,ORD-ED91A35517CC,SETTLED
ICICI202606049830961,180599142677,1150640,INR,2026-05-30T12:53:14.804Z,ICICI,ORD-A478CDE180CB,SETTLED
ICICI202606041673552,605873633053,867762,INR,2026-06-01T09:53:14.804Z,ICICI,ORD-2E14FC518F0A,SETTLED
ICICI202606041417688,423428227825,823812,INR,2026-05-29T04:53:14.804Z,ICICI,ORD-F6EE41912F59,SETTLED
ICICI202606048357789,646964027666,4749658,INR,2026-05-29T02:53:14.804Z,ICICI,ORD-2C121D930FCF,SETTLED
ICICI202606042950117,876668004537,3465492,INR,2026-06-04T03:53:14.804Z,ICICI,ORD-B8C1B72DB1A0,PENDING
ICICI202606040875018,860400649972,3449032,INR,2026-05-31T06:53:14.804Z,ICICI,ORD-C092C6288034,SETTLED
ICICI202606049692849,505387524134,1054064,INR,2026-06-03T07:53:14.804Z,ICICI,ORD-EAE5CC7BDC67,SETTLED
ICICI202606048814490,384736795409,4532407,INR,2026-05-28T18:53:14.804Z,ICICI,ORD-C4069D985DDD,SETTLED
ICICI202606048216053,201631847773,787625,INR,2026-05-28T18:53:14.804Z,ICICI,ORD-FD4773F52891,SETTLED
ICICI202606042879699,417808281801,1607880,INR,2026-06-03T20:53:14.805Z,ICICI,ORD-5931E795D3D1,SETTLED
ICICI202606044359481,028991401564,680493,INR,2026-05-30T04:53:14.805Z,ICICI,ORD-F7101F43FFE1,SETTLED
ICICI202606044024969,858583921371,3431807,INR,2026-05-30T10:53:14.805Z,ICICI,ORD-0DCBB8B09F47,SETTLED
ICICI202606049699124,209022048425,1765203,INR,2026-06-04T03:53:14.805Z,ICICI,ORD-E98BD347E161,PENDING
ICICI202606041457470,789255725865,1937097,INR,2026-05-31T11:53:14.805Z,ICICI,ORD-8DEC3527DA8E,SETTLED
ICICI202606048342071,700754438461,718241,INR,2026-06-01T03:53:14.805Z,ICICI,ORD-4D1539E2F1A1,PENDING
ICICI202606047213862,239887896055,2472079,INR,2026-06-04T05:53:14.805Z,ICICI,ORD-6BA44EB5D08E,SETTLED
ICICI202606040958797,592128907095,2227023,INR,2026-06-01T01:53:14.805Z,ICICI,ORD-51DE7987E45E,SETTLED
ICICI202606042115304,649892618977,4055679,INR,2026-06-03T17:53:14.805Z,ICICI,ORD-1AB319877381,SETTLED
ICICI202606040404613,387285821133,2214724,INR,2026-05-29T02:53:14.805Z,ICICI,ORD-54DFE54E80EF,SETTLED
ICICI202606041545288,167413279736,1601301,INR,2026-05-29T15:53:14.805Z,ICICI,ORD-737A98446209,PENDING
ICICI202606040972781,109375363541,1601618,INR,2026-06-04T15:53:14.805Z,ICICI,ORD-556869E3D146,SETTLED
ICICI202606044747182,370345086455,1313096,INR,2026-05-30T19:53:14.805Z,ICICI,ORD-39AD0514FD12,SETTLED
ICICI202606049796659,372550540493,1919236,INR,2026-06-01T09:53:14.805Z,ICICI,ORD-8C81B380FB14,SETTLED
ICICI202606049275446,019551757194,2484941,INR,2026-05-30T06:53:14.805Z,ICICI,ORD-D041CA518D04,SETTLED
ICICI202606048537089,295912058631,4590541,INR,2026-06-03T22:53:14.805Z,ICICI,ORD-065A833DEBBF,SETTLED
ICICI202606041205332,464792590483,3341482,INR,2026-06-01T14:53:14.805Z,ICICI,ORD-32E16AED916D,SETTLED
ICICI202606042115438,171810365402,164394,INR,2026-06-01T03:53:14.805Z,ICICI,ORD-7E7A588D381B,SETTLED
ICICI202606049296281,613000778934,3537423,INR,2026-06-01T01:53:14.805Z,ICICI,ORD-86EF22AB0C34,SETTLED
ICICI202606046503359,702506904579,3203311,INR,2026-06-02T06:53:14.805Z,ICICI,ORD-5C2CED53216C,SETTLED
ICICI202606045345372,025260056317,4059001,INR,2026-06-03T13:53:14.805Z,ICICI,ORD-76B3FB5BBE9C,SETTLED
ICICI202606042880021,044142061466,3219302,INR,2026-06-04T17:53:14.805Z,ICICI,ORD-29420FA01638,SETTLED
ICICI202606040383310,306844358199,3520593,INR,2026-06-02T14:53:14.805Z,ICICI,ORD-AAD20C2A3051,SETTLED
ICICI202606040342062,939048676196,4748762,INR,2026-05-31T08:53:14.805Z,ICICI,ORD-AC2FFF921149,SETTLED
ICICI202606042844383,371136768029,393427,INR,2026-06-03T00:53:14.805Z,ICICI,ORD-C4FDE81011E5,SETTLED
ICICI202606043737833,509242468549,3303463,INR,2026-05-29T05:53:14.805Z,ICICI,ORD-E01E41D8C951,SETTLED
ICICI202606046905324,408062711688,1642660,INR,2026-05-30T17:53:14.805Z,ICICI,ORD-B3D28FAEF2FA,SETTLED
ICICI202606040585396,645416175280,567388,INR,2026-05-29T09:53:14.805Z,ICICI,ORD-9A771F2A6F0A,SETTLED
ICICI202606043474405,586002675100,3515149,INR,2026-06-01T07:53:14.805Z,ICICI,ORD-312BFA0164BF,SETTLED
ICICI202606041163174,084230771289,1402178,INR,2026-06-02T07:53:14.805Z,ICICI,ORD-C328199ADE43,SETTLED
ICICI202606049060456,835311872814,603484,INR,2026-06-01T21:53:14.805Z,ICICI,ORD-127D71AD745A,PENDING
ICICI202606047375435,594894902747,4461632,INR,2026-06-01T14:53:14.805Z,ICICI,ORD-0A882A5C2F13,SETTLED
ICICI202606041321078,497558671399,253600,INR,2026-06-03T22:53:14.805Z,ICICI,ORD-CFFFB5D40575,SETTLED
ICICI202606043241563,577834552290,1264985,INR,2026-06-03T16:53:14.805Z,ICICI,ORD-3D2199FBE85F,SETTLED
ICICI202606048997605,502369877103,1628789,INR,2026-06-01T12:53:14.805Z,ICICI,ORD-CDC1B94A1C79,SETTLED
ICICI202606044897820,692172112121,1855144,INR,2026-06-02T05:53:14.805Z,ICICI,ORD-9A00BB5D1B62,SETTLED
ICICI202606041665466,486594884879,4171247,INR,2026-05-31T08:53:14.805Z,ICICI,ORD-0FFA41060863,SETTLED
ICICI202606043423381,627165330103,1407385,INR,2026-06-03T21:53:14.805Z,ICICI,ORD-E0FC12F125A3,SETTLED
ICICI202606045098360,725859078868,2608722,INR,2026-05-29T13:53:14.805Z,ICICI,ORD-96CC85F0E113,SETTLED
ICICI202606045114546,513338752544,2933038,INR,2026-06-01T01:53:14.805Z,ICICI,ORD-2B34C6B3B7F9,SETTLED
ICICI202606045505662,929347488261,4130719,INR,2026-06-02T19:53:14.805Z,ICICI,ORD-C3821E1E8143,SETTLED
ICICI202606043517055,524502189029,461122,INR,2026-06-01T04:53:14.805Z,ICICI,ORD-AD6681BB47A5,SETTLED
ICICI202606040204721,643950493440,3748396,INR,2026-05-30T19:53:14.805Z,ICICI,ORD-196F4FF2871D,SETTLED
ICICI202606044046242,772284304909,3987722,INR,2026-06-02T07:53:14.805Z,ICICI,ORD-D2AF11142A70,SETTLED
ICICI202606047916288,777249435827,3443891,INR,2026-05-31T01:53:14.805Z,ICICI,ORD-FE7C861632DB,SETTLED
ICICI202606048608089,422858760290,3137627,INR,2026-06-01T02:53:14.805Z,ICICI,ORD-479BD3423556,SETTLED
ICICI202606045163912,001692708619,4531371,INR,2026-06-02T00:53:14.805Z,ICICI,ORD-590BC02AF27B,SETTLED
ICICI202606049545758,243763591778,3405681,INR,2026-05-29T22:53:14.805Z,ICICI,ORD-10690680D5E2,SETTLED
ICICI202606048409242,481836174142,2913283,INR,2026-05-30T12:53:14.805Z,ICICI,ORD-AAA71FAB5CD7,SETTLED
ICICI202606043383492,364464576833,3188598,INR,2026-05-31T08:53:14.805Z,ICICI,ORD-25C6EE753B18,SETTLED
ICICI202606046908116,912718313038,3249604,INR,2026-05-31T18:53:14.805Z,ICICI,ORD-806B1E9E33C9,SETTLED
ICICI202606045603247,382685694562,2306192,INR,2026-06-04T01:53:14.805Z,ICICI,ORD-596D14772049,SETTLED
ICICI202606047177341,364701818844,1029235,INR,2026-05-31T05:53:14.805Z,ICICI,ORD-351EAAB60172,SETTLED
ICICI202606048644211,780072393199,2113559,INR,2026-06-04T03:53:14.805Z,ICICI,ORD-DDDF2E375CD5,SETTLED
ICICI202606041510235,040726104615,2005100,INR,2026-05-29T17:53:14.805Z,ICICI,ORD-81A3A0BE261C,SETTLED
ICICI202606040902196,688481122090,2299430,INR,2026-06-04T05:53:14.805Z,ICICI,ORD-F48A8A7B626C,SETTLED
ICICI202606048395546,816172345106,2841843,INR,2026-05-29T01:53:14.805Z,ICICI,ORD-2BE88FF1A5D5,SETTLED
ICICI202606043171701,288852309206,788828,INR,2026-06-04T04:53:14.805Z,ICICI,ORD-68EE182CC958,SETTLED
ICICI202606044354704,015251975082,3072336,INR,2026-05-30T14:53:14.805Z,ICICI,ORD-CA675CD35AEA,SETTLED
ICICI202606048203158,873625681807,2725263,INR,2026-05-31T10:53:14.805Z,ICICI,ORD-9374088BF453,SETTLED
ICICI202606048938265,507139056695,3081977,INR,2026-05-30T02:53:14.805Z,ICICI,ORD-C07E641B8957,SETTLED
ICICI202606048448657,533185243802,2616085,INR,2026-06-02T06:53:14.805Z,ICICI,ORD-8C9128AF0516,SETTLED
ICICI202606043205118,860388994574,3937184,INR,2026-05-29T00:53:14.805Z,ICICI,ORD-EF5D12566692,SETTLED
ICICI202606042073429,053576542229,3753806,INR,2026-05-31T10:53:14.805Z,ICICI,ORD-871F8DF97E1F,SETTLED
ICICI202606046182342,256402765172,527714,INR,2026-05-31T19:53:14.805Z,ICICI,ORD-5EBFE93C6B09,SETTLED
ICICI202606044661770,433854681300,1591467,INR,2026-06-01T17:53:14.805Z,ICICI,ORD-6F5195D19C35,SETTLED
ICICI202606045083323,615974268237,142628,INR,2026-06-03T18:53:14.805Z,ICICI,ORD-977877FAE30E,SETTLED
ICICI202606044751403,265980825327,4849481,INR,2026-06-04T13:53:14.805Z,ICICI,ORD-014CC182546B,SETTLED
ICICI202606043839355,949834961270,498704,INR,2026-06-04T08:53:14.805Z,ICICI,ORD-D277974F2B59,SETTLED
ICICI202606040172258,806857355869,1690134,INR,2026-05-31T11:53:14.805Z,ICICI,ORD-B0B201ED9F6E,SETTLED
ICICI202606048150933,627586385818,4133604,INR,2026-05-28T19:53:14.805Z,ICICI,ORD-0A4FC9D8D667,SETTLED
ICICI202606043184486,839205474080,2579371,INR,2026-05-29T22:53:14.805Z,ICICI,ORD-5F26FE33FC71,SETTLED
ICICI202606047365257,906183031528,1073463,INR,2026-06-02T13:53:14.805Z,ICICI,ORD-10BA4DCA9863,SETTLED
ICICI202606041287883,398023900416,2861572,INR,2026-05-29T20:53:14.805Z,ICICI,ORD-22F14805A16D,SETTLED
ICICI202606041116234,113446064118,2025099,INR,2026-06-04T05:53:14.805Z,ICICI,ORD-6FE14F503538,SETTLED
ICICI202606043721355,456403792723,1179359,INR,2026-06-02T05:53:14.805Z,ICICI,ORD-FC70D137EC80,SETTLED
ICICI202606045828752,477792040866,146835,INR,2026-05-29T05:53:14.805Z,ICICI,ORD-43279FEB75C3,SETTLED
ICICI202606045223118,344108840998,3812751,INR,2026-05-30T09:53:14.805Z,ICICI,ORD-6AA0C9F5AC1E,PENDING
ICICI202606049342317,870842124900,2135631,INR,2026-05-30T06:53:14.805Z,ICICI,ORD-70C7610B6D14,SETTLED
ICICI202606042796479,608919972470,1650301,INR,2026-05-30T13:53:14.805Z,ICICI,ORD-4655DCA7996D,SETTLED
ICICI202606042393899,444517789914,3991771,INR,2026-06-04T11:53:14.805Z,ICICI,ORD-A25F1CAE7BB9,SETTLED
ICICI202606043930887,586229985069,4473865,INR,2026-05-30T15:53:14.805Z,ICICI,ORD-6008ED8E9948,SETTLED
ICICI202606046356689,281956077559,2788685,INR,2026-05-31T15:53:14.805Z,ICICI,ORD-B0E68ADD32CF,SETTLED
ICICI202606043252498,274580404065,4486788,INR,2026-06-03T05:53:14.805Z,ICICI,ORD-5212BC0BAC01,SETTLED
ICICI202606049425202,596352900736,721797,INR,2026-06-02T23:53:14.805Z,ICICI,ORD-6F5E2FF2F23F,SETTLED
ICICI202606041863643,286729014018,1271289,INR,2026-06-01T05:53:14.805Z,ICICI,ORD-E419ED7CBDCF,SETTLED
ICICI202606045847013,717126752561,2021156,INR,2026-05-29T20:53:14.805Z,ICICI,ORD-B9571858E8B4,SETTLED
ICICI202606049459488,033188797875,1339367,INR,2026-06-01T22:53:14.805Z,ICICI,ORD-A0050EB00CF6,SETTLED
ICICI202606046214795,872148938212,1802829,INR,2026-05-31T19:53:14.805Z,ICICI,ORD-8A21093086BB,SETTLED
ICICI202606048924910,815173219053,2747027,INR,2026-06-01T21:53:14.805Z,ICICI,ORD-6CB646903A7C,SETTLED
ICICI202606044649857,680853119986,1790630,INR,2026-05-30T19:53:14.805Z,ICICI,ORD-758F4CEE1B42,SETTLED
ICICI202606044974702,771358848412,3682231,INR,2026-06-03T14:53:14.805Z,ICICI,ORD-6D16E3C2E7D9,SETTLED
ICICI202606047579351,560071972654,2577147,INR,2026-05-30T05:53:14.805Z,ICICI,ORD-03A215D5A031,SETTLED
ICICI202606049586173,305578686805,3517537,INR,2026-06-02T23:53:14.805Z,ICICI,ORD-4071FFDD140E,SETTLED
ICICI202606049318283,968770250404,2951771,INR,2026-06-04T07:53:14.805Z,ICICI,ORD-0246380F28B8,SETTLED
ICICI202606040745223,714353178034,3485855,INR,2026-06-04T02:53:14.805Z,ICICI,ORD-7593FAB7CDE5,SETTLED
ICICI202606049735556,069333932518,1582408,INR,2026-06-04T12:53:14.805Z,ICICI,ORD-FEE7D3BB37C7,SETTLED
ICICI202606042068908,198751563014,2199760,INR,2026-05-30T16:53:14.805Z,ICICI,ORD-717F266F8FF1,SETTLED
ICICI202606041180327,827543683689,1170416,INR,2026-05-30T18:53:14.805Z,ICICI,ORD-5BEDABE2651F,SETTLED
ICICI202606041547076,812435480615,2162545,INR,2026-06-03T21:53:14.805Z,ICICI,ORD-2500B1C57311,SETTLED
ICICI202606041881121,707335016300,3813759,INR,2026-05-31T02:53:14.805Z,ICICI,ORD-0DAFA2310511,SETTLED
ICICI202606044747421,382437578553,3810671,INR,2026-05-31T15:53:14.805Z,ICICI,ORD-428F1AB98A33,SETTLED
ICICI202606048083199,394099815405,4730869,INR,2026-06-02T22:53:14.805Z,ICICI,ORD-601348726668,SETTLED
ICICI202606049100912,572205340205,1001838,INR,2026-05-31T13:53:14.805Z,ICICI,ORD-9014A33A27A6,SETTLED
ICICI202606045376735,038749685640,3436202,INR,2026-05-31T05:53:14.805Z,ICICI,ORD-8C80BDCD316A,SETTLED
ICICI202606042454850,481338777685,4267782,INR,2026-06-02T00:53:14.805Z,ICICI,ORD-1FFD8058C4F2,SETTLED
ICICI202606049126167,442530253216,110966,INR,2026-05-29T16:53:14.805Z,ICICI,ORD-DEDA7C0D6097,SETTLED
ICICI202606046082143,704487518843,2214643,INR,2026-06-01T11:53:14.805Z,ICICI,ORD-B909D29C12CB,SETTLED
ICICI202606046792178,757763586353,2116817,INR,2026-06-03T01:53:14.805Z,ICICI,ORD-530393FE7D16,SETTLED
ICICI202606046315766,906480016959,446298,INR,2026-05-31T18:53:14.805Z,ICICI,ORD-9D9F1DD30C2F,SETTLED
ICICI202606040988820,185149268273,298903,INR,2026-05-31T15:53:14.805Z,ICICI,ORD-FD195FD4B214,SETTLED
ICICI202606043226499,312930300789,2873754,INR,2026-05-29T11:53:14.805Z,ICICI,ORD-FAF30109A768,SETTLED
ICICI202606042960060,919406357612,938070,INR,2026-05-30T16:53:14.805Z,ICICI,ORD-071AB80D7337,SETTLED
ICICI202606044469536,852392355852,466629,INR,2026-05-30T02:53:14.805Z,ICICI,ORD-A0E2604C0700,SETTLED
ICICI202606049091523,651654021469,1846665,INR,2026-06-02T16:53:14.805Z,ICICI,ORD-8532CFCDD80B,SETTLED
ICICI202606047756338,440917927292,1032783,INR,2026-06-02T17:53:14.805Z,ICICI,ORD-23DD002D4B3C,SETTLED
ICICI202606048181692,627258311152,4660780,INR,2026-06-04T16:53:14.805Z,ICICI,ORD-6B68900816CE,SETTLED
ICICI202606047599384,268198047124,2374870,INR,2026-05-29T18:53:14.805Z,ICICI,ORD-8248BFD2BD5D,SETTLED
ICICI202606045703220,890647118276,3666408,INR,2026-05-30T19:53:14.805Z,ICICI,ORD-4BD90656B33D,PENDING
ICICI202606048076291,104222993172,3083152,INR,2026-05-30T13:53:14.805Z,ICICI,ORD-48C8CB372918,SETTLED
ICICI202606042194086,493628112317,4918452,INR,2026-05-29T01:53:14.805Z,ICICI,ORD-EA7D763E314C,SETTLED
ICICI202606042405734,784919177462,832920,INR,2026-05-31T06:53:14.805Z,ICICI,ORD-E8A38DE7F17F,SETTLED
ICICI202606045333205,956408460214,4619798,INR,2026-06-02T09:53:14.805Z,ICICI,ORD-214A99A36601,SETTLED
ICICI202606040042857,174645557231,374441,INR,2026-05-30T03:53:14.805Z,ICICI,ORD-13E7DDA4D01A,SETTLED
ICICI202606044895920,019905286615,4012139,INR,2026-06-01T17:53:14.805Z,ICICI,ORD-B1FE48C08D73,SETTLED
ICICI202606042665000,930310393225,3100708,INR,2026-05-31T05:53:14.805Z,ICICI,ORD-1823785E41ED,PENDING
ICICI202606042097240,013993883381,3769826,INR,2026-06-02T12:53:14.805Z,ICICI,ORD-DF8F77C6F048,SETTLED
ICICI202606041662410,166428239710,1470205,INR,2026-06-02T15:53:14.805Z,ICICI,ORD-CE9B57D5DB9D,SETTLED
ICICI202606049303328,327205351940,57332,INR,2026-06-01T18:53:14.805Z,ICICI,ORD-7FCF49806399,SETTLED
ICICI202606044055899,524445136766,1761437,INR,2026-05-28T23:53:14.805Z,ICICI,ORD-A944E5926EEE,SETTLED
ICICI202606043774722,469822566553,3375050,INR,2026-05-31T04:53:14.805Z,ICICI,ORD-40B176DEC239,SETTLED
ICICI202606040671502,315702937529,901109,INR,2026-05-30T01:53:14.805Z,ICICI,ORD-B86DEDAFBEBA,SETTLED
ICICI202606048238825,057772103806,4403558,INR,2026-06-02T13:53:14.805Z,ICICI,ORD-5993A460F1F8,SETTLED
ICICI202606047772708,064661886582,2265866,INR,2026-05-31T23:53:14.805Z,ICICI,ORD-F2E6F28BF65A,SETTLED
ICICI202606046768874,891665780555,3665877,INR,2026-06-04T00:53:14.805Z,ICICI,ORD-10DE6B04A6FC,SETTLED
ICICI202606040823379,522192216120,4047774,INR,2026-06-03T23:53:14.805Z,ICICI,ORD-A4C25B895A04,SETTLED
ICICI202606048864557,734775082823,915284,INR,2026-05-31T08:53:14.805Z,ICICI,ORD-B4A059501500,SETTLED
ICICI202606041482876,553323525349,865919,INR,2026-06-02T03:53:14.805Z,ICICI,ORD-BC37A07C71F4,SETTLED
ICICI202606041380638,609377129090,4857178,INR,2026-06-04T16:53:14.805Z,ICICI,ORD-EFE9FC22B021,SETTLED
ICICI202606046131871,012113389586,4042397,INR,2026-05-31T04:53:14.805Z,ICICI,ORD-9B13700CFD11,SETTLED
ICICI202606042920517,903449220280,4669622,INR,2026-06-01T08:53:14.805Z,ICICI,ORD-066E97A8E583,SETTLED
ICICI202606049677348,589295859122,1860449,INR,2026-06-02T16:53:14.805Z,ICICI,ORD-AE82A3EA5559,SETTLED
ICICI202606048294225,980100575296,2333389,INR,2026-05-31T02:53:14.805Z,ICICI,ORD-EA99F9D46E8E,SETTLED
ICICI202606043151877,130522855326,1079437,INR,2026-06-03T04:53:14.805Z,ICICI,ORD-4625115862E8,SETTLED
ICICI202606046546137,267573737421,2321333,INR,2026-05-29T18:53:14.805Z,ICICI,ORD-E777E332D6A7,PENDING
ICICI202606044861176,113858033377,4469710,INR,2026-06-04T17:53:14.805Z,ICICI,ORD-EE7D1F6F2389,SETTLED
ICICI202606045901232,233908461576,1120150,INR,2026-06-03T00:53:14.805Z,ICICI,ORD-02520E4B6FDF,SETTLED
ICICI202606043166162,885604904082,2753418,INR,2026-06-03T09:53:14.805Z,ICICI,ORD-BA432E13BA8E,SETTLED
ICICI202606047920847,779477464412,925991,INR,2026-05-29T09:53:14.805Z,ICICI,ORD-EB1206D76C8F,SETTLED
ICICI202606047412620,647917252301,614303,INR,2026-06-01T12:53:14.805Z,ICICI,ORD-38FFB3D2CA17,SETTLED
ICICI202606049431965,740288157982,3230732,INR,2026-06-02T15:53:14.805Z,ICICI,ORD-4322F4B09D22,SETTLED
ICICI202606041222591,896247354073,4415308,INR,2026-06-03T15:53:14.805Z,ICICI,ORD-9167131E2599,SETTLED
ICICI202606041230996,054165853341,1605365,INR,2026-06-01T19:53:14.805Z,ICICI,ORD-DFB4DA330C5B,SETTLED
ICICI202606046901020,668371711189,659776,INR,2026-05-29T02:53:14.805Z,ICICI,ORD-8E77D70428CB,SETTLED
ICICI202606041991888,867474838270,4320771,INR,2026-06-03T21:53:14.805Z,ICICI,ORD-1549761E6A7D,SETTLED
ICICI202606042417364,943455124693,4279307,INR,2026-06-01T11:53:14.805Z,ICICI,ORD-0BC68035CCEA,SETTLED
ICICI202606049878718,991380340767,4833173,INR,2026-05-31T06:53:14.805Z,ICICI,ORD-2A37D5576EB7,SETTLED
ICICI202606045036445,396122103955,2628556,INR,2026-05-31T10:53:14.805Z,ICICI,ORD-7F157326004A,SETTLED
ICICI202606040835157,269396301085,4347970,INR,2026-05-29T23:53:14.805Z,ICICI,ORD-BA4F1ECA2E25,SETTLED
ICICI202606043001944,668571323535,4712547,INR,2026-06-01T10:53:14.805Z,ICICI,ORD-0CABE0D87047,SETTLED
ICICI202606047495636,057992753348,1339350,INR,2026-05-29T23:53:14.805Z,ICICI,ORD-D831A8DEEB30,SETTLED
ICICI202606046533477,985604756166,1708843,INR,2026-06-02T21:53:14.805Z,ICICI,ORD-350C55042BBB,SETTLED
ICICI202606046036581,005760523727,268892,INR,2026-05-29T12:53:14.805Z,ICICI,ORD-A088ABC96E83,SETTLED
ICICI202606043983858,367959985564,2891013,INR,2026-06-01T21:53:14.805Z,ICICI,ORD-03AF9FD28BF8,SETTLED
ICICI202606049889293,820349539348,1579708,INR,2026-06-01T09:53:14.805Z,ICICI,ORD-E84E884C443D,SETTLED
ICICI202606048494356,604865145205,3015151,INR,2026-05-29T08:53:14.805Z,ICICI,ORD-13A91C3F0C29,SETTLED
ICICI202606043678812,230210454583,2072309,INR,2026-06-04T00:53:14.805Z,ICICI,ORD-772B5CD1E58E,SETTLED
ICICI202606040087778,856648831008,4027421,INR,2026-05-30T20:53:14.805Z,ICICI,ORD-144BD60AF330,SETTLED
ICICI202606043592302,181986693877,3657825,INR,2026-06-03T12:53:14.805Z,ICICI,ORD-05BED5FD3213,SETTLED
ICICI202606049163024,979445748637,2425951,INR,2026-05-31T01:53:14.805Z,ICICI,ORD-E8105883FEA8,SETTLED
ICICI202606041861906,970682052964,3384030,INR,2026-05-29T08:53:14.805Z,ICICI,ORD-AE8E97A12223,SETTLED
ICICI202606047294900,982418352987,322226,INR,2026-05-29T10:53:14.805Z,ICICI,ORD-7BAA3F0C176B,SETTLED
ICICI202606044359740,817866193609,1960834,INR,2026-06-01T23:53:14.805Z,ICICI,ORD-8428EF383E14,SETTLED
ICICI202606044592885,476526985029,3513410,INR,2026-06-02T16:53:14.805Z,ICICI,ORD-95805E2634CE,SETTLED
ICICI202606045249605,193468884046,4743058,INR,2026-06-01T15:53:14.805Z,ICICI,ORD-13DD5103C7D3,SETTLED
ICICI202606043562996,449971892389,3746536,INR,2026-06-02T15:53:14.805Z,ICICI,ORD-8E6244977D20,SETTLED
ICICI202606045960046,702497167758,2324063,INR,2026-06-01T17:53:14.805Z,ICICI,ORD-5CEDD27568C0,SETTLED
ICICI202606043415313,462580500112,4379755,INR,2026-05-29T06:53:14.806Z,ICICI,ORD-25F5A19A70CB,SETTLED
ICICI202606040588129,166022867414,4691230,INR,2026-05-29T05:53:14.806Z,ICICI,ORD-FA62EBEF7987,SETTLED
ICICI202606042184981,833240326349,1044657,INR,2026-06-02T16:53:14.806Z,ICICI,ORD-89C367D2FC07,SETTLED
ICICI202606040174760,308008032614,2228272,INR,2026-06-03T03:53:14.806Z,ICICI,ORD-DA6E71A6EE5D,SETTLED
ICICI202606048676678,498792589443,4908166,INR,2026-05-31T16:53:14.806Z,ICICI,ORD-E44DD3C76585,SETTLED
ICICI202606042820598,077365372019,2892598,INR,2026-06-03T09:53:14.806Z,ICICI,ORD-648339CC5F01,SETTLED
ICICI202606049852325,446046238152,1223703,INR,2026-06-04T09:53:14.806Z,ICICI,ORD-37AB970DB3C5,SETTLED
ICICI202606044891123,901428566157,4922217,INR,2026-06-02T14:53:14.806Z,ICICI,ORD-FACCA79C227A,SETTLED
ICICI202606046243319,424360789783,4583889,INR,2026-06-01T21:53:14.806Z,ICICI,ORD-FBF9952D2900,SETTLED
ICICI202606047252705,069870708464,2104194,INR,2026-06-01T12:53:14.806Z,ICICI,ORD-BAC4023D72C3,SETTLED
ICICI202606046462444,022784478311,1045832,INR,2026-05-30T13:53:14.806Z,ICICI,ORD-A7492B0D030E,SETTLED
ICICI202606048754096,547795353316,2301818,INR,2026-06-02T12:53:14.806Z,ICICI,ORD-34ADB99DB4BA,SETTLED
ICICI202606049958755,146043826900,2585376,INR,2026-05-29T22:53:14.806Z,ICICI,ORD-9BCDED4C3214,SETTLED
ICICI202606047683798,165389657877,1621723,INR,2026-05-30T17:53:14.806Z,ICICI,ORD-B4E7790E8CD8,SETTLED
ICICI202606048293485,522313096179,1335342,INR,2026-05-29T20:53:14.806Z,ICICI,ORD-875E55F82392,SETTLED
ICICI202606045030955,145778827411,4319458,INR,2026-05-29T11:53:14.806Z,ICICI,ORD-564B5F40EAA1,SETTLED
ICICI202606046909267,889606861658,934667,INR,2026-05-30T10:53:14.806Z,ICICI,ORD-16BA26C8B63C,SETTLED
ICICI202606042264808,773012511302,3529552,INR,2026-05-29T16:53:14.806Z,ICICI,ORD-3FE224A74DFD,SETTLED
ICICI202606049636626,599240979976,774121,INR,2026-06-02T06:53:14.806Z,ICICI,ORD-1E42ECF070F0,SETTLED
ICICI202606042688401,503557097834,2159677,INR,2026-06-04T09:53:14.806Z,ICICI,ORD-216D3AD6E5B6,SETTLED
ICICI202606043817741,230443685290,2517195,INR,2026-05-29T07:53:14.806Z,ICICI,ORD-686AAC362435,SETTLED
ICICI202606046402457,475958914830,240554,INR,2026-05-31T00:53:14.806Z,ICICI,ORD-401636AD0380,SETTLED
ICICI202606044439940,247791430635,1332736,INR,2026-05-29T09:53:14.806Z,ICICI,ORD-DF1AD8289CF3,SETTLED
ICICI202606040345071,252571728597,4619871,INR,2026-05-30T00:53:14.806Z,ICICI,ORD-164BC51BB7D0,SETTLED
ICICI202606040830177,485028378929,2647441,INR,2026-06-01T13:53:14.806Z,ICICI,ORD-D6CACBB38184,SETTLED
ICICI202606049201446,397177001939,2178831,INR,2026-06-01T15:53:14.806Z,ICICI,ORD-95A15DA0801D,PENDING
ICICI202606045967509,305603722285,149984,INR,2026-06-03T06:53:14.806Z,ICICI,ORD-511ACBBDF982,SETTLED
ICICI202606043365162,387842634835,2375562,INR,2026-06-04T16:53:14.806Z,ICICI,ORD-190FE0C1BB27,SETTLED
ICICI202606049240845,328951181416,3012780,INR,2026-05-30T16:53:14.806Z,ICICI,ORD-7EAC3DF71C79,SETTLED
ICICI202606040388385,118962580716,3710995,INR,2026-06-04T03:53:14.806Z,ICICI,ORD-97BAB0169432,SETTLED
ICICI202606048099459,889439180657,4378829,INR,2026-06-02T10:53:14.806Z,ICICI,ORD-84E0417C440A,SETTLED
ICICI202606046205831,833370740381,4339322,INR,2026-05-31T10:53:14.806Z,ICICI,ORD-C7FB8883F924,SETTLED
ICICI202606046082723,636306403629,3726744,INR,2026-06-03T15:53:14.806Z,ICICI,ORD-C8C2650882ED,SETTLED
ICICI202606046250498,708443144702,3536941,INR,2026-06-03T02:53:14.806Z,ICICI,ORD-5652B9838481,SETTLED
ICICI202606048552242,845739458569,4893352,INR,2026-06-03T06:53:14.806Z,ICICI,ORD-F0F16B32A661,SETTLED
ICICI202606044712773,550765717798,2142233,INR,2026-06-04T05:53:14.806Z,ICICI,ORD-4C48D08660E4,SETTLED
ICICI202606049315711,944610288928,2311003,INR,2026-06-04T04:53:14.806Z,ICICI,ORD-B224C8AF4FA1,SETTLED
ICICI202606047826446,931791360357,2881643,INR,2026-05-30T10:53:14.806Z,ICICI,ORD-52511C39E19C,SETTLED
ICICI202606043448052,796264910675,4535634,INR,2026-06-03T05:53:14.806Z,ICICI,ORD-9106C750C834,SETTLED
ICICI202606041987522,917774398579,2051042,INR,2026-05-28T19:53:14.806Z,ICICI,ORD-1AD3812D1351,SETTLED
ICICI202606042795539,165396109973,3523805,INR,2026-06-01T20:53:14.806Z,ICICI,ORD-77DCB818A5CC,SETTLED
ICICI202606046932949,741835025020,4221565,INR,2026-05-30T03:53:14.806Z,ICICI,ORD-11B6D761FD61,SETTLED
ICICI202606045607387,640769969593,2320169,INR,2026-05-30T14:53:14.806Z,ICICI,ORD-3E42815504F1,SETTLED
ICICI202606042299061,102396524522,1290192,INR,2026-05-28T18:53:14.806Z,ICICI,ORD-99BD20525CA7,SETTLED
ICICI202606044050915,105538058092,4229051,INR,2026-06-02T04:53:14.806Z,ICICI,ORD-9A951207A550,SETTLED
ICICI202606042752338,259317977148,4591517,INR,2026-05-31T04:53:14.806Z,ICICI,ORD-B3DD95321E32,SETTLED
ICICI202606046668061,346548058411,2192578,INR,2026-06-01T09:53:14.806Z,ICICI,ORD-DC92F5B1750A,SETTLED
ICICI202606047096904,153342219598,1448355,INR,2026-05-30T18:53:14.806Z,ICICI,ORD-E8E3EDC7FE1A,SETTLED
ICICI202606043002681,198062592074,1364811,INR,2026-06-02T20:53:14.806Z,ICICI,ORD-0E4A84A22CA7,SETTLED
ICICI202606040624095,581687243094,4844051,INR,2026-06-03T10:53:14.806Z,ICICI,ORD-B905B1E32056,SETTLED
ICICI202606040038167,651829196760,1222132,INR,2026-06-02T19:53:14.806Z,ICICI,ORD-53E5621EF654,SETTLED
ICICI202606043918427,454741099125,4484762,INR,2026-05-28T20:53:14.806Z,ICICI,ORD-553181F58A61,SETTLED
ICICI202606043404996,035729562283,3621500,INR,2026-05-31T21:53:14.806Z,ICICI,ORD-E86105BAC6C2,SETTLED
ICICI202606044604750,607580988075,2793125,INR,2026-06-02T12:53:14.806Z,ICICI,ORD-D5ED8A743968,SETTLED
ICICI202606042328221,678861339611,3639974,INR,2026-06-02T16:53:14.806Z,ICICI,ORD-DBC6A61DF320,PENDING
ICICI202606048429689,211306681707,500080,INR,2026-05-29T01:53:14.806Z,ICICI,ORD-8E017CAB9EF6,SETTLED
ICICI202606049610383,887242779331,3954948,INR,2026-05-30T13:53:14.806Z,ICICI,ORD-214ECDB393E4,SETTLED
ICICI202606043692928,062637892393,2994801,INR,2026-05-29T21:53:14.806Z,ICICI,ORD-A9A8EBC86EB8,SETTLED
ICICI202606043770681,600840665952,910018,INR,2026-06-02T21:53:14.806Z,ICICI,ORD-117C75990E91,SETTLED
ICICI202606047723195,662324338249,1392543,INR,2026-06-04T12:53:14.806Z,ICICI,ORD-801D46FBAEB4,SETTLED
ICICI202606041876420,386493703902,4021782,INR,2026-06-03T19:53:14.806Z,ICICI,ORD-A8BBCF1A738A,SETTLED
ICICI202606046094742,113080756216,183766,INR,2026-06-03T01:53:14.806Z,ICICI,ORD-B1286788654B,SETTLED
ICICI202606049600982,981271837438,506124,INR,2026-05-31T04:53:14.806Z,ICICI,ORD-6E930D3CE1B3,SETTLED
ICICI202606041248658,405968776301,4146094,INR,2026-05-31T03:53:14.806Z,ICICI,ORD-89B79FEAF88B,SETTLED
ICICI202606042866946,696580508071,2086198,INR,2026-05-31T16:53:14.806Z,ICICI,ORD-A29259F64653,SETTLED
ICICI202606045082569,418851588116,1189662,INR,2026-05-29T02:53:14.806Z,ICICI,ORD-24B17FFCA0B8,SETTLED
ICICI202606048832165,579652343441,3170218,INR,2026-05-31T07:53:14.806Z,ICICI,ORD-192D76E15E39,SETTLED
ICICI202606040933691,757274344718,3433832,INR,2026-06-03T22:53:14.806Z,ICICI,ORD-EFF325FF8AB0,SETTLED
ICICI202606048536911,895801365120,2167590,INR,2026-06-02T08:53:14.806Z,ICICI,ORD-C6DE9F434336,SETTLED
ICICI202606045486784,218737329379,3529495,INR,2026-06-02T10:53:14.806Z,ICICI,ORD-240A4F491AB3,SETTLED
ICICI202606048578178,840094561608,52608,INR,2026-05-31T10:53:14.806Z,ICICI,ORD-6359E213C6FF,SETTLED
ICICI202606049442814,594220907759,27321,INR,2026-06-03T11:53:14.806Z,ICICI,ORD-62CF03B420CE,SETTLED
ICICI202606045937665,318198354679,302816,INR,2026-05-30T23:53:14.806Z,ICICI,ORD-B05EA5A75936,SETTLED
ICICI202606044246851,903032118891,931630,INR,2026-06-04T05:53:14.806Z,ICICI,ORD-847C1DE642A0,SETTLED
ICICI202606048525950,101067918241,3021408,INR,2026-05-31T02:53:14.806Z,ICICI,ORD-FEBC98DDDF3C,SETTLED
ICICI202606041360956,239756423237,4431622,INR,2026-06-04T16:53:14.806Z,ICICI,ORD-B8C194D132BC,SETTLED
ICICI202606045827191,567407077876,4370792,INR,2026-06-03T12:53:14.806Z,ICICI,ORD-E886EF598CFE,SETTLED
ICICI202606048783614,987390824387,3514094,INR,2026-06-03T13:53:14.806Z,ICICI,ORD-4747CE88F302,SETTLED
ICICI202606045871088,578070369615,4600039,INR,2026-06-04T06:53:14.806Z,ICICI,ORD-71A419C08477,SETTLED
ICICI202606047376387,600852972000,4733127,INR,2026-05-28T19:53:14.806Z,ICICI,ORD-345423765898,SETTLED
ICICI202606044108041,068411112988,735732,INR,2026-05-28T18:53:14.806Z,ICICI,ORD-61C24A8E10A9,SETTLED
ICICI202606042136244,295098309808,423960,INR,2026-06-03T02:53:14.806Z,ICICI,ORD-482248C19D70,SETTLED
ICICI202606048727448,195613368841,1011785,INR,2026-06-04T03:53:14.806Z,ICICI,ORD-959576F693EA,SETTLED
ICICI202606043105262,590521138527,4932265,INR,2026-05-29T16:53:14.806Z,ICICI,ORD-A4F8B1C0DEF4,PENDING
ICICI202606049608319,472395961374,4346170,INR,2026-05-31T12:53:14.806Z,ICICI,ORD-5639F88F1C74,PENDING
ICICI202606048593234,643555220055,1745245,INR,2026-06-01T23:53:14.806Z,ICICI,ORD-0E6AC90F4A38,SETTLED
ICICI202606040179485,684374226777,2567277,INR,2026-05-30T11:53:14.806Z,ICICI,ORD-6735B02E2719,SETTLED
ICICI202606044221643,297577071749,3655040,INR,2026-06-02T17:53:14.806Z,ICICI,ORD-1055BCEC3CED,SETTLED
ICICI202606049965332,904791261445,3626332,INR,2026-06-01T12:53:14.806Z,ICICI,ORD-8C59A71124B7,SETTLED
ICICI202606041962878,643577377713,3353000,INR,2026-06-02T04:53:14.806Z,ICICI,ORD-81ADEB31308C,SETTLED
ICICI202606042731983,766214424976,3594818,INR,2026-05-29T00:53:14.806Z,ICICI,ORD-ADC3114916AA,PENDING
ICICI202606049666663,159086092127,809273,INR,2026-05-29T09:53:14.806Z,ICICI,ORD-07B4DDF91A70,PENDING
ICICI202606047042993,043455213159,3700364,INR,2026-06-04T09:53:14.806Z,ICICI,ORD-BDC97CDB1348,SETTLED
ICICI202606042879664,926115454977,3215477,INR,2026-06-01T16:53:14.807Z,ICICI,ORD-0B2733823650,SETTLED
ICICI202606048885078,636406829601,1500546,INR,2026-06-03T07:53:14.807Z,ICICI,ORD-1F70E621514D,SETTLED
ICICI202606047467302,960622715206,3946678,INR,2026-06-03T10:53:14.807Z,ICICI,ORD-17133E20A192,SETTLED
ICICI202606042949376,226228317483,2841933,INR,2026-05-31T11:53:14.807Z,ICICI,ORD-F67F924FB1AF,SETTLED
ICICI202606042746361,550315597469,3063851,INR,2026-05-28T23:53:14.807Z,ICICI,ORD-C3777C4EB508,SETTLED
ICICI202606048674329,777566300549,3852986,INR,2026-06-02T15:53:14.807Z,ICICI,ORD-336817C068A6,SETTLED
ICICI202606048607196,761675647553,3256454,INR,2026-06-02T07:53:14.807Z,ICICI,ORD-6021DC681A53,SETTLED
ICICI202606043823512,785845030593,3790460,INR,2026-05-31T21:53:14.807Z,ICICI,ORD-30F8D46A4290,SETTLED
ICICI202606049690061,917065615180,3480472,INR,2026-06-04T07:53:14.807Z,ICICI,ORD-E3977003857C,SETTLED
ICICI202606047018365,828250189959,4399775,INR,2026-05-31T20:53:14.807Z,ICICI,ORD-A54D25E0404B,SETTLED
ICICI202606046772747,461141915251,1132300,INR,2026-05-28T18:53:14.807Z,ICICI,ORD-2887CECD3D7D,PENDING
ICICI202606046224912,306001522857,3832994,INR,2026-05-29T00:53:14.807Z,ICICI,ORD-5CC3B1768123,SETTLED
ICICI202606044988844,849117693601,351663,INR,2026-05-31T15:53:14.807Z,ICICI,ORD-8FE458680674,SETTLED
ICICI202606043692440,325971926318,3200747,INR,2026-06-01T17:53:14.807Z,ICICI,ORD-AE5EF8B9C458,SETTLED
ICICI202606040737770,520408701457,4301410,INR,2026-05-29T17:53:14.807Z,ICICI,ORD-AC3B0CB4984E,SETTLED
ICICI202606046813500,958083722080,4595784,INR,2026-05-30T18:53:14.807Z,ICICI,ORD-7FA9AC844155,SETTLED
ICICI202606040349227,081745270098,851786,INR,2026-06-01T05:53:14.807Z,ICICI,ORD-A8E7C23A46E4,SETTLED
ICICI202606049609372,192065170896,4566772,INR,2026-05-29T11:53:14.807Z,ICICI,ORD-2353E7891E20,SETTLED
ICICI202606043503178,578472957861,1400537,INR,2026-05-30T15:53:14.807Z,ICICI,ORD-4ECD4FE0A158,SETTLED
ICICI202606041570759,165906219368,324824,INR,2026-06-03T06:53:14.807Z,ICICI,ORD-679A4FB2F509,SETTLED
ICICI202606041601827,555273531762,2926808,INR,2026-06-04T04:53:14.807Z,ICICI,ORD-AFB309B8F041,SETTLED
ICICI202606045652881,982733325820,4366385,INR,2026-05-31T14:53:14.807Z,ICICI,ORD-44E70C434569,SETTLED
ICICI202606045518983,510033127127,3904243,INR,2026-05-29T10:53:14.807Z,ICICI,ORD-BCCCA5DB87E0,SETTLED
ICICI202606042177214,001925238728,4957426,INR,2026-05-30T02:53:14.807Z,ICICI,ORD-5BB19C818057,SETTLED
ICICI202606043438840,401221547762,948873,INR,2026-05-28T20:53:14.807Z,ICICI,ORD-EBE1AC7C7C54,SETTLED
ICICI202606042640350,469825978512,2962952,INR,2026-06-04T10:53:14.807Z,ICICI,ORD-0971FCE3DCA7,SETTLED
ICICI202606044350823,867483467058,3319846,INR,2026-06-04T03:53:14.807Z,ICICI,ORD-3BED43AF0964,PENDING
ICICI202606041507085,953932145027,3623477,INR,2026-06-01T22:53:14.807Z,ICICI,ORD-D2093C4DD436,SETTLED
ICICI202606040538305,695967870400,701253,INR,2026-05-31T02:53:14.807Z,ICICI,ORD-316764F698D0,SETTLED
ICICI202606048043707,017606655176,2029240,INR,2026-05-28T22:53:14.807Z,ICICI,ORD-3D52DC63770C,SETTLED
ICICI202606046246940,248007810849,3772876,INR,2026-05-29T19:53:14.807Z,ICICI,ORD-E07C1D01D84A,SETTLED
ICICI202606045155700,114038054189,3300262,INR,2026-06-02T00:53:14.807Z,ICICI,ORD-A79D6A9F3419,SETTLED
ICICI202606047032575,376030527062,3898181,INR,2026-05-28T18:53:14.807Z,ICICI,ORD-8655DB860A89,SETTLED
ICICI202606046291021,940029334427,933398,INR,2026-06-01T14:53:14.807Z,ICICI,ORD-CE62F2B7763E,SETTLED
ICICI202606041829265,550993245522,2096066,INR,2026-05-28T21:53:14.807Z,ICICI,ORD-B2ACEF69E8F9,SETTLED
ICICI202606044168571,641817905848,418831,INR,2026-06-01T01:53:14.807Z,ICICI,ORD-7CF98EA95ECE,SETTLED
ICICI202606041226239,582961131967,1076745,INR,2026-06-03T08:53:14.807Z,ICICI,ORD-F20B12CA631D,SETTLED
ICICI202606045328522,505146283702,2234131,INR,2026-06-01T17:53:14.807Z,ICICI,ORD-B69E5EBFDA0F,SETTLED
ICICI202606041049928,741217491056,3990268,INR,2026-06-02T00:53:14.807Z,ICICI,ORD-9908A10872CD,SETTLED
ICICI202606042182702,556115293789,901093,INR,2026-06-03T00:53:14.807Z,ICICI,ORD-23BDFF2B801D,SETTLED
ICICI202606049533943,592624386894,1719070,INR,2026-06-03T19:53:14.807Z,ICICI,ORD-1536D6371A68,SETTLED
ICICI202606047332795,876881687333,2131716,INR,2026-05-31T11:53:14.807Z,ICICI,ORD-34539FF4F13A,SETTLED
ICICI202606043407401,944552982027,1846885,INR,2026-05-31T10:53:14.807Z,ICICI,ORD-8BABA3B20E2C,SETTLED
ICICI202606045122652,212682447757,4367847,INR,2026-06-02T21:53:14.807Z,ICICI,ORD-B7D4A0F16508,PENDING
ICICI202606044973318,260628725641,924908,INR,2026-06-01T14:53:14.807Z,ICICI,ORD-A0E3BA1C1FF4,SETTLED
ICICI202606049952503,637567699016,863335,INR,2026-05-29T08:53:14.807Z,ICICI,ORD-B55610596A52,SETTLED
ICICI202606044049892,333011063336,4795158,INR,2026-06-04T05:53:14.807Z,ICICI,ORD-418A1572ED28,SETTLED
ICICI202606049912301,346200914242,4724482,INR,2026-05-30T05:53:14.807Z,ICICI,ORD-62BE5B262A49,SETTLED
ICICI202606043119090,786362322054,3224184,INR,2026-06-03T18:53:14.807Z,ICICI,ORD-D98625A9EDF2,PENDING
ICICI202606048091129,965612792480,3064527,INR,2026-05-30T00:53:14.807Z,ICICI,ORD-618948FDCC57,SETTLED
ICICI202606045681151,535793851893,2673215,INR,2026-05-30T07:53:14.807Z,ICICI,ORD-840D26114F78,SETTLED
ICICI202606049758906,097824784910,2572971,INR,2026-05-29T06:53:14.807Z,ICICI,ORD-35A6A4971859,SETTLED
ICICI202606044650797,886697036290,4912142,INR,2026-05-30T17:53:14.807Z,ICICI,ORD-424FFA746165,SETTLED
ICICI202606040833892,236143919239,1917721,INR,2026-05-31T19:53:14.807Z,ICICI,ORD-EB0FF964F641,SETTLED
ICICI202606047699602,766377662201,820007,INR,2026-06-02T03:53:14.807Z,ICICI,ORD-9C42ED81A178,SETTLED
ICICI202606048087823,976039057338,1426027,INR,2026-06-03T12:53:14.807Z,ICICI,ORD-FE7855AE4391,SETTLED
ICICI202606049077318,005130600150,1067894,INR,2026-05-29T15:53:14.807Z,ICICI,ORD-C45845CD76B9,SETTLED
ICICI202606041785260,261697320177,2631512,INR,2026-05-30T18:53:14.807Z,ICICI,ORD-C5FA77B56553,SETTLED
ICICI202606048895863,471924160046,251772,INR,2026-06-01T13:53:14.807Z,ICICI,ORD-377897A246C4,SETTLED
ICICI202606042864313,224675042124,2923173,INR,2026-06-03T14:53:14.807Z,ICICI,ORD-17F20533352B,SETTLED
ICICI202606048819787,966200120363,3277639,INR,2026-06-03T10:53:14.807Z,ICICI,ORD-9597F8C22781,SETTLED
ICICI202606040418653,976187301735,1474142,INR,2026-05-30T19:53:14.807Z,ICICI,ORD-0FCFA50B4699,SETTLED
ICICI202606045546157,288184196143,2799404,INR,2026-06-03T12:53:14.807Z,ICICI,ORD-43B0F749BA04,SETTLED
ICICI202606040200071,785020618044,2514130,INR,2026-06-03T05:53:14.807Z,ICICI,ORD-5C890679F5DF,SETTLED
ICICI202606041883347,150567683176,2939752,INR,2026-06-03T01:53:14.807Z,ICICI,ORD-CDDF463A13C0,SETTLED
ICICI202606044219450,045847202264,1912542,INR,2026-06-02T08:53:14.807Z,ICICI,ORD-A6CBC979181A,SETTLED
ICICI202606042802294,049523752889,940413,INR,2026-05-31T12:53:14.807Z,ICICI,ORD-ECD1B04DBCC1,PENDING
ICICI202606040652030,388006505383,2291165,INR,2026-05-30T08:53:14.807Z,ICICI,ORD-469F56A5BECE,SETTLED
ICICI202606045847267,393640592289,3474286,INR,2026-06-03T22:53:14.807Z,ICICI,ORD-B74A33EE392E,SETTLED
ICICI202606046755569,098406534791,3366607,INR,2026-05-29T01:53:14.807Z,ICICI,ORD-34D9DF8CDE85,SETTLED
ICICI202606047186556,303577452671,2364458,INR,2026-05-28T23:53:14.807Z,ICICI,ORD-9D7560C5246E,SETTLED
ICICI202606045442152,240420993733,4569463,INR,2026-05-31T15:53:14.807Z,ICICI,ORD-E3ED4FE474C8,SETTLED
ICICI202606044887164,899104713239,274573,INR,2026-06-04T03:53:14.807Z,ICICI,ORD-9F37426994D3,SETTLED
ICICI202606046019674,842849500622,275531,INR,2026-06-01T08:53:14.807Z,ICICI,ORD-082B2AAC838C,SETTLED
ICICI202606041854636,041011974240,209990,INR,2026-05-31T07:53:14.807Z,ICICI,ORD-4936DF368C1E,SETTLED
ICICI202606049267835,261982273971,2649672,INR,2026-05-30T20:53:14.807Z,ICICI,ORD-C139847A689B,SETTLED
ICICI202606049897747,341486884017,3596632,INR,2026-05-29T17:53:14.807Z,ICICI,ORD-8E22247846CB,SETTLED
ICICI202606042742528,131129036417,3926829,INR,2026-06-02T06:53:14.807Z,ICICI,ORD-1C81F6B63D5B,SETTLED
ICICI202606041843676,400675982554,2427823,INR,2026-06-01T21:53:14.807Z,ICICI,ORD-1E810F50220C,SETTLED
ICICI202606043977214,118186789204,4396572,INR,2026-06-04T06:53:14.807Z,ICICI,ORD-B3CAEA183410,SETTLED
ICICI202606042636563,824319174912,2903463,INR,2026-06-03T19:53:14.807Z,ICICI,ORD-59F5D0C5D0A6,SETTLED
ICICI202606044279661,624604520546,3670608,INR,2026-05-29T04:53:14.807Z,ICICI,ORD-812C8DC9C265,SETTLED
ICICI202606042479053,184127166337,2941944,INR,2026-05-31T07:53:14.807Z,ICICI,ORD-9DA300957AFD,SETTLED
ICICI202606047734715,165698852189,2415206,INR,2026-06-02T02:53:14.807Z,ICICI,ORD-A226016D2087,SETTLED
ICICI202606040215573,855958393614,3340178,INR,2026-06-02T23:53:14.807Z,ICICI,ORD-F6D4CB90D9ED,SETTLED
ICICI202606041237548,847118493053,2875054,INR,2026-06-03T13:53:14.807Z,ICICI,ORD-7AAC58E58493,SETTLED
ICICI202606044933651,154124658278,1199134,INR,2026-05-29T18:53:14.807Z,ICICI,ORD-5519E785499C,SETTLED
ICICI202606047156855,198892136390,3392192,INR,2026-06-01T05:53:14.807Z,ICICI,ORD-4E215B64F437,SETTLED
ICICI202606048912685,704292717561,1836605,INR,2026-05-31T13:53:14.807Z,ICICI,ORD-EFFD1012C393,SETTLED
ICICI202606048422495,979993132724,1780670,INR,2026-06-04T10:53:14.807Z,ICICI,ORD-AACACC279B37,SETTLED
ICICI202606049721178,677656481429,2011244,INR,2026-06-01T10:53:14.807Z,ICICI,ORD-8F9A9330B9F7,SETTLED
ICICI202606046669338,442058478256,156383,INR,2026-05-31T10:53:14.807Z,ICICI,ORD-26288507F284,SETTLED
ICICI202606041740258,581486821214,1142017,INR,2026-06-04T14:53:14.807Z,ICICI,ORD-5A3172FF4303,SETTLED
ICICI202606043397079,656721058054,4161792,INR,2026-05-30T11:53:14.807Z,ICICI,ORD-2658064C2A51,SETTLED
ICICI202606043866097,507437046038,3318455,INR,2026-06-03T12:53:14.807Z,ICICI,ORD-C82C319AA3B8,SETTLED
ICICI202606046151318,171903213742,3970968,INR,2026-06-03T09:53:14.807Z,ICICI,ORD-D3F2AA498C8A,SETTLED
ICICI202606048027237,097142705519,150888,INR,2026-06-03T01:53:14.807Z,ICICI,ORD-8E7BEC4591F5,SETTLED
ICICI202606040826191,953915068985,1146476,INR,2026-06-01T07:53:14.807Z,ICICI,ORD-DCB80F5DA712,SETTLED
ICICI202606047303443,346949601143,2119750,INR,2026-06-01T16:53:14.807Z,ICICI,ORD-B0160A1A1C9F,SETTLED
ICICI202606046921864,148660461066,4104689,INR,2026-06-04T05:53:14.807Z,ICICI,ORD-1B17C49D986B,SETTLED
ICICI202606047705467,291407396920,1606339,INR,2026-05-29T15:53:14.807Z,ICICI,ORD-2FE4AC7E2711,SETTLED
ICICI202606042098713,045608683380,4593648,INR,2026-05-30T00:53:14.807Z,ICICI,ORD-C1B44D40BD10,SETTLED
ICICI202606046969064,549367357763,1381370,INR,2026-05-31T11:53:14.807Z,ICICI,ORD-C523B28E75F6,SETTLED
ICICI202606048881099,924403204670,3008650,INR,2026-05-31T05:53:14.807Z,ICICI,ORD-1D9F92E5FDA1,SETTLED
ICICI202606049622774,752383482426,894521,INR,2026-06-02T22:53:14.807Z,ICICI,ORD-FB97056294E9,SETTLED
ICICI202606049428742,468249958229,1832488,INR,2026-05-30T16:53:14.807Z,ICICI,ORD-9AC93358FEB2,SETTLED
ICICI202606047289523,720134082781,1644663,INR,2026-06-04T05:53:14.807Z,ICICI,ORD-04E4E0CAB89F,SETTLED
ICICI202606044213076,498250441358,2097821,INR,2026-05-31T13:53:14.807Z,ICICI,ORD-C4E9B279F262,SETTLED
ICICI202606044597343,645300649920,2170990,INR,2026-05-29T15:53:14.807Z,ICICI,ORD-EDAB3649B5F5,SETTLED
ICICI202606042937061,870497946334,785595,INR,2026-06-01T00:53:14.807Z,ICICI,ORD-CBE12B9A9CAC,SETTLED
ICICI202606042931195,630104094633,1831867,INR,2026-05-31T00:53:14.807Z,ICICI,ORD-0735B63F88FF,SETTLED
ICICI202606040869429,631228397352,124145,INR,2026-05-29T11:53:14.807Z,ICICI,ORD-1028286A6420,SETTLED
ICICI202606043481069,683670197323,1107346,INR,2026-05-31T12:53:14.807Z,ICICI,ORD-7CEB13109E6E,SETTLED
ICICI202606040506377,691130137307,1111097,INR,2026-05-29T06:53:14.807Z,ICICI,ORD-DA1F37BEF7DC,SETTLED
ICICI202606049703236,064147330158,4267354,INR,2026-06-03T02:53:14.807Z,ICICI,ORD-8A371451C20C,SETTLED
ICICI202606041188534,774412690293,407992,INR,2026-06-02T21:53:14.807Z,ICICI,ORD-CFCD9E64B00C,SETTLED
ICICI202606044777663,296778007970,2139693,INR,2026-06-04T17:53:14.807Z,ICICI,ORD-F088159E6F8C,SETTLED
ICICI202606040933781,802889042472,3665900,INR,2026-06-02T07:53:14.807Z,ICICI,ORD-0BCDA5D6943E,SETTLED
ICICI202606040109329,774506563484,2177203,INR,2026-05-29T03:53:14.807Z,ICICI,ORD-26E03A8E434F,SETTLED
ICICI202606044340007,542148891742,2300503,INR,2026-05-31T04:53:14.807Z,ICICI,ORD-8B08C6F1B82C,SETTLED
ICICI202606041083706,771231933148,3889349,INR,2026-05-30T22:53:14.807Z,ICICI,ORD-D273F1431828,SETTLED
ICICI202606046538799,504175996499,3048043,INR,2026-05-29T08:53:14.807Z,ICICI,ORD-181D9B0AF026,SETTLED
ICICI202606040928892,221212436490,3593811,INR,2026-05-28T23:53:14.807Z,ICICI,ORD-A452CEA6BD00,SETTLED
ICICI202606042957941,126484003609,638395,INR,2026-05-31T15:53:14.807Z,ICICI,ORD-90C24516C2DA,SETTLED
ICICI202606043130424,129285070597,2756059,INR,2026-05-29T03:53:14.807Z,ICICI,ORD-D19D7A13136C,SETTLED
ICICI202606041372252,669262850770,102770,INR,2026-06-01T20:53:14.807Z,ICICI,ORD-CCEFAEFC1E52,SETTLED
ICICI202606047734931,137104873877,4725044,INR,2026-05-29T08:53:14.807Z,ICICI,ORD-0B8F3D627286,PENDING
ICICI202606047806998,835357793230,1631391,INR,2026-06-04T13:53:14.807Z,ICICI,ORD-7493A96F9E67,SETTLED
ICICI202606046421250,841911628011,3909529,INR,2026-05-29T15:53:14.807Z,ICICI,ORD-9619A2C26F15,SETTLED
ICICI202606041602209,020258913877,2517658,INR,2026-06-04T00:53:14.807Z,ICICI,ORD-822C8E521423,SETTLED
ICICI202606049656873,492500867603,3315425,INR,2026-06-04T14:53:14.807Z,ICICI,ORD-0BB218C112ED,SETTLED
ICICI202606047065767,119996042887,3641733,INR,2026-06-01T02:53:14.807Z,ICICI,ORD-BA2B219B3E36,SETTLED
ICICI202606049329238,473636465097,3842606,INR,2026-05-31T19:53:14.807Z,ICICI,ORD-0CB9AB5395BB,SETTLED
ICICI202606045830596,652219566161,679068,INR,2026-06-01T08:53:14.807Z,ICICI,ORD-6916B3E26C1F,SETTLED
ICICI202606045120538,234874270802,1045322,INR,2026-05-29T22:53:14.807Z,ICICI,ORD-249F7C1FC8AB,PENDING
ICICI202606042534724,095365567750,2640390,INR,2026-06-04T12:53:14.807Z,ICICI,ORD-601ADAD053A4,SETTLED
ICICI202606047520098,229985290813,3912950,INR,2026-05-31T20:53:14.807Z,ICICI,ORD-64DF327FC207,PENDING
ICICI202606047371712,545553471121,881125,INR,2026-05-31T22:53:14.807Z,ICICI,ORD-B63A8920FC22,SETTLED
ICICI202606044438323,279471469967,4017916,INR,2026-06-03T03:53:14.807Z,ICICI,ORD-60E4BFED4AC2,SETTLED
ICICI202606047730357,934094104619,2532662,INR,2026-05-30T16:53:14.807Z,ICICI,ORD-7F33C248D4AF,SETTLED
ICICI202606046782646,366901444126,2911721,INR,2026-05-29T18:53:14.807Z,ICICI,ORD-1E57A187E775,PENDING
ICICI202606040527093,971114152474,3224435,INR,2026-05-30T15:53:14.807Z,ICICI,ORD-FC2EDF63267D,SETTLED
ICICI202606048294950,318728885650,4592902,INR,2026-05-31T21:53:14.807Z,ICICI,ORD-DF78592F913D,SETTLED
ICICI202606041651817,884135017816,2309481,INR,2026-05-29T09:53:14.807Z,ICICI,ORD-4260681E9D7B,SETTLED
ICICI202606042433298,288673478059,2710219,INR,2026-06-01T15:53:14.807Z,ICICI,ORD-4256494C2596,SETTLED
ICICI202606047975221,004159471160,3876020,INR,2026-05-30T10:53:14.807Z,ICICI,ORD-673D882EEFCA,SETTLED
ICICI202606044891242,740545252829,3080880,INR,2026-05-31T02:53:14.807Z,ICICI,ORD-39538CD9417F,SETTLED
ICICI202606043993847,826841591739,2423801,INR,2026-06-03T00:53:14.807Z,ICICI,ORD-83BA630FB57E,SETTLED
ICICI202606044243309,348760648092,1034106,INR,2026-05-31T21:53:14.807Z,ICICI,ORD-F7E4AC2A2451,SETTLED
ICICI202606044122835,585438134973,3420928,INR,2026-06-04T07:53:14.807Z,ICICI,ORD-8DA7DDDB0F57,SETTLED
ICICI202606045407826,853710822097,4398378,INR,2026-06-04T12:53:14.807Z,ICICI,ORD-B826606F0FA7,SETTLED
ICICI202606048867331,646668837192,4697751,INR,2026-06-01T07:53:14.807Z,ICICI,ORD-BE9B8D403C8F,SETTLED
ICICI202606046948803,766809770121,1095803,INR,2026-05-31T07:53:14.807Z,ICICI,ORD-B5C19282E1ED,SETTLED
ICICI202606040024986,047340211324,2902330,INR,2026-06-03T21:53:14.807Z,ICICI,ORD-A4D8D276F113,SETTLED
ICICI202606043709599,629012968184,205807,INR,2026-06-04T09:53:14.807Z,ICICI,ORD-1618CC338833,SETTLED
ICICI202606049248907,917144049809,3617773,INR,2026-06-03T15:53:14.807Z,ICICI,ORD-30D4CF1C5A2B,SETTLED
ICICI202606042303488,300385252158,4373814,INR,2026-06-01T10:53:14.807Z,ICICI,ORD-18DD7A711011,SETTLED
ICICI202606048760928,087693875421,3013087,INR,2026-05-28T18:53:14.807Z,ICICI,ORD-724E67322237,SETTLED
ICICI202606046576538,970410084720,2459024,INR,2026-06-03T03:53:14.807Z,ICICI,ORD-640FE0277042,SETTLED
ICICI202606041343734,383975270441,4665782,INR,2026-06-04T07:53:14.807Z,ICICI,ORD-5AF065C50281,SETTLED
ICICI202606044819597,469725925990,1702503,INR,2026-06-02T11:53:14.807Z,ICICI,ORD-35C979ADD0D7,SETTLED
ICICI202606046816816,781273725686,977621,INR,2026-05-30T16:53:14.807Z,ICICI,ORD-D3BD6E8FE85C,SETTLED
ICICI202606043387433,696055731605,3604044,INR,2026-05-31T22:53:14.807Z,ICICI,ORD-8646FAA0EDB7,SETTLED
ICICI202606045919916,210145203836,4156211,INR,2026-06-04T16:53:14.807Z,ICICI,ORD-E9B85A527652,SETTLED
ICICI202606041982269,586445669842,3272838,INR,2026-05-29T13:53:14.807Z,ICICI,ORD-8E85481A73C6,SETTLED
ICICI202606048297557,642033783255,1457766,INR,2026-05-31T17:53:14.807Z,ICICI,ORD-6CAD72866914,SETTLED
ICICI202606045733408,936740843940,4549486,INR,2026-06-01T08:53:14.807Z,ICICI,ORD-C1F2D9A6D263,SETTLED
ICICI202606040832852,014580248521,2968114,INR,2026-06-01T08:53:14.807Z,ICICI,ORD-1E818AAFE522,SETTLED
ICICI202606043874741,018293536770,1162309,INR,2026-06-01T02:53:14.807Z,ICICI,ORD-5FDAB0E78D17,SETTLED
ICICI202606049024828,507251586111,163350,INR,2026-05-30T16:53:14.807Z,ICICI,ORD-220D4740F6EE,SETTLED
ICICI202606043061989,963186330060,3612405,INR,2026-05-29T03:53:14.807Z,ICICI,ORD-0606A1E67578,SETTLED
ICICI202606044787005,061117037774,3969114,INR,2026-06-02T07:53:14.807Z,ICICI,ORD-55890F59A335,SETTLED
ICICI202606040559961,174493236117,902765,INR,2026-05-30T15:53:14.807Z,ICICI,ORD-6382A8B9E07B,SETTLED
ICICI202606043808210,264877069810,236024,INR,2026-06-03T21:53:14.807Z,ICICI,ORD-2C59EEBB7258,SETTLED
ICICI202606047437205,051505692874,4355624,INR,2026-06-01T23:53:14.807Z,ICICI,ORD-76D01FA559D7,SETTLED
ICICI202606041218569,881957674955,2066928,INR,2026-06-03T21:53:14.807Z,ICICI,ORD-127FF9FAAA28,SETTLED
ICICI202606045039403,311954678372,4162630,INR,2026-06-02T19:53:14.807Z,ICICI,ORD-654264F64560,SETTLED
ICICI202606040063694,001524032865,1136156,INR,2026-05-31T21:53:14.807Z,ICICI,ORD-C148240ED310,SETTLED
ICICI202606042791185,962138186893,4822105,INR,2026-06-02T22:53:14.807Z,ICICI,ORD-0E779951E970,SETTLED
ICICI202606049179196,368006031173,912797,INR,2026-05-30T23:53:14.807Z,ICICI,ORD-9AF65DB325FB,SETTLED
ICICI202606041007734,732494079742,4251213,INR,2026-06-03T16:53:14.807Z,ICICI,ORD-35098912E0C4,SETTLED
ICICI202606043479961,559264807661,2699521,INR,2026-06-02T06:53:14.807Z,ICICI,ORD-93E24E574342,SETTLED
ICICI202606047166687,989990113356,160249,INR,2026-05-30T23:53:14.807Z,ICICI,ORD-2FE752CF0B36,SETTLED
ICICI202606048176777,314030047773,90175,INR,2026-05-31T18:53:14.807Z,ICICI,ORD-233725599AA8,SETTLED
ICICI202606046720787,875442827131,3348815,INR,2026-05-30T22:53:14.807Z,ICICI,ORD-D4869BE77FC5,SETTLED
ICICI202606044086186,271810954447,1413903,INR,2026-05-29T18:53:14.807Z,ICICI,ORD-CB712B7838D3,SETTLED
ICICI202606044440031,606823305747,2849446,INR,2026-06-03T19:53:14.807Z,ICICI,ORD-1475A4555171,SETTLED
ICICI202606045526138,111299982654,522758,INR,2026-06-02T15:53:14.807Z,ICICI,ORD-58044687A37D,SETTLED
ICICI202606041962533,348312434910,2826901,INR,2026-06-04T14:53:14.807Z,ICICI,ORD-6C0312EFEEA9,SETTLED
ICICI202606045960908,323992564996,1874137,INR,2026-06-02T13:53:14.807Z,ICICI,ORD-0344C615CD75,SETTLED
ICICI202606049919771,470866736911,1523854,INR,2026-05-29T18:53:14.807Z,ICICI,ORD-A4D5A2242900,SETTLED
ICICI202606043036457,656252953045,4395316,INR,2026-06-01T11:53:14.807Z,ICICI,ORD-55BA87065191,SETTLED
ICICI202606045511852,039048133496,2123895,INR,2026-05-29T02:53:14.807Z,ICICI,ORD-6ABFAB9C4ECB,SETTLED
ICICI202606044547021,978194463749,262074,INR,2026-06-01T09:53:14.807Z,ICICI,ORD-2DB70AFDB341,SETTLED
ICICI202606042047101,475506939191,4109638,INR,2026-05-31T23:53:14.807Z,ICICI,ORD-C6343668BBEF,SETTLED
ICICI202606040266948,719502184391,384581,INR,2026-06-03T07:53:14.807Z,ICICI,ORD-100FCC63E8A2,SETTLED
ICICI202606046295287,334553649348,308769,INR,2026-06-01T11:53:14.807Z,ICICI,ORD-A974F82575A1,SETTLED
ICICI202606046352071,281989268024,4477458,INR,2026-06-03T15:53:14.807Z,ICICI,ORD-39348A14F31F,SETTLED
ICICI202606040468489,854470262694,420159,INR,2026-05-30T14:53:14.807Z,ICICI,ORD-B8A5D9F6CCD8,SETTLED
ICICI202606046257508,797963300186,497718,INR,2026-06-02T13:53:14.807Z,ICICI,ORD-AAC6492C6CC1,SETTLED
ICICI202606042414338,206919846656,4812994,INR,2026-05-31T12:53:14.808Z,ICICI,ORD-747CC81D2A15,SETTLED
ICICI202606041384344,797989577915,4094418,INR,2026-05-31T14:53:14.808Z,ICICI,ORD-2D25A87D6814,SETTLED
ICICI202606049153635,499576393281,1247754,INR,2026-05-30T04:53:14.808Z,ICICI,ORD-F44F74DEDDEA,SETTLED
ICICI202606043600823,587361022333,4269606,INR,2026-05-30T17:53:14.808Z,ICICI,ORD-A7D29DE35BC5,SETTLED
ICICI202606043161343,123295979003,3967510,INR,2026-06-03T23:53:14.808Z,ICICI,ORD-774BFC8159F1,SETTLED
ICICI202606048340186,509576730944,1161883,INR,2026-05-31T16:53:14.808Z,ICICI,ORD-D86EA8EC072E,SETTLED
ICICI202606042756383,892716398503,2008345,INR,2026-06-03T13:53:14.808Z,ICICI,ORD-1ABA9B294555,SETTLED
ICICI202606048721881,412483697925,4021301,INR,2026-05-30T23:53:14.808Z,ICICI,ORD-CD7A3DFB18AC,SETTLED
ICICI202606049642637,615628128077,3261405,INR,2026-05-28T19:53:14.808Z,ICICI,ORD-E79D97A66DB5,SETTLED
ICICI202606048467778,587095131951,4234122,INR,2026-05-30T06:53:14.808Z,ICICI,ORD-0210B7CB8B1F,SETTLED
ICICI202606041774079,126158484175,4540154,INR,2026-06-04T03:53:14.808Z,ICICI,ORD-BB134E775672,SETTLED
ICICI202606044551993,322087732717,4899561,INR,2026-06-02T03:53:14.808Z,ICICI,ORD-0EA72D09C426,SETTLED
ICICI202606047866943,022183717418,575347,INR,2026-06-03T08:53:14.808Z,ICICI,ORD-F2AC900B5106,SETTLED
ICICI202606044045646,014371910866,3511950,INR,2026-05-29T06:53:14.808Z,ICICI,ORD-1301756D72E9,SETTLED
ICICI202606043362961,875939066610,1486123,INR,2026-06-02T04:53:14.808Z,ICICI,ORD-203DDAADAEA9,SETTLED
ICICI202606045982259,678891471822,807573,INR,2026-06-03T06:53:14.808Z,ICICI,ORD-E03E49AB9BB4,PENDING
ICICI202606042271769,401147409030,3196356,INR,2026-05-30T21:53:14.808Z,ICICI,ORD-86D133323DF1,SETTLED
ICICI202606043839875,505904037381,4433353,INR,2026-06-01T06:53:14.808Z,ICICI,ORD-6F65F1D20B07,SETTLED
ICICI202606040960402,486542951922,1432633,INR,2026-06-04T16:53:14.808Z,ICICI,ORD-7D7607A59703,SETTLED
ICICI202606040020047,780379746478,2635653,INR,2026-05-29T13:53:14.808Z,ICICI,ORD-7B710CB85AF4,SETTLED
ICICI202606041438663,069474396679,1451555,INR,2026-05-29T23:53:14.808Z,ICICI,ORD-DC832D49C15F,SETTLED
ICICI202606047372098,765455412441,3748355,INR,2026-06-04T13:53:14.808Z,ICICI,ORD-C23267817493,SETTLED
ICICI202606041107922,165761453577,1593748,INR,2026-05-28T21:53:14.808Z,ICICI,ORD-1AC76D83DCFA,SETTLED
ICICI202606043199784,761460241847,1157159,INR,2026-06-03T13:53:14.808Z,ICICI,ORD-24460F723074,SETTLED
ICICI202606043734540,409527304303,1715068,INR,2026-06-03T23:53:14.808Z,ICICI,ORD-37A13A4F6B55,SETTLED
ICICI202606046964707,466171823337,3336541,INR,2026-06-03T11:53:14.808Z,ICICI,ORD-1749C68914D0,SETTLED
ICICI202606042268060,033243616230,4920358,INR,2026-05-30T18:53:14.808Z,ICICI,ORD-020426C4EB2A,SETTLED
ICICI202606047380957,084710959801,3809252,INR,2026-05-29T07:53:14.808Z,ICICI,ORD-E37F0BEBEE3A,PENDING
ICICI202606047079172,806096252305,3815244,INR,2026-06-01T05:53:14.808Z,ICICI,ORD-6D8FBC1D73B2,SETTLED
ICICI202606040243939,815237870256,4033348,INR,2026-05-30T04:53:14.808Z,ICICI,ORD-0F5BF13F9752,SETTLED
ICICI202606042676837,397073239531,4086897,INR,2026-05-31T00:53:14.808Z,ICICI,ORD-540212D7D5D7,SETTLED
ICICI202606042775195,125197294454,2948913,INR,2026-06-03T06:53:14.808Z,ICICI,ORD-5C6A7DF6AF66,SETTLED
ICICI202606044594855,263596616987,4323323,INR,2026-06-01T14:53:14.808Z,ICICI,ORD-F531AF49E10A,SETTLED
ICICI202606040743798,937977350689,3556932,INR,2026-05-30T21:53:14.808Z,ICICI,ORD-36BAA1F7DB95,SETTLED
ICICI202606041160932,865000429597,1493956,INR,2026-05-31T03:53:14.808Z,ICICI,ORD-69296DE61643,SETTLED
ICICI202606042651466,365054657453,4145319,INR,2026-06-03T13:53:14.808Z,ICICI,ORD-ECBF5D87CF7E,SETTLED
ICICI202606040738769,355203553573,4852502,INR,2026-05-30T10:53:14.808Z,ICICI,ORD-2C048253B91F,SETTLED
ICICI202606044100347,662463036225,1826815,INR,2026-06-03T05:53:14.808Z,ICICI,ORD-0AA1947B623A,SETTLED
ICICI202606043341225,658341599376,3907680,INR,2026-05-28T20:53:14.808Z,ICICI,ORD-2732908BEB2B,SETTLED
ICICI202606045558120,505816751898,4230189,INR,2026-05-30T06:53:14.808Z,ICICI,ORD-76CDEAF66411,PENDING
ICICI202606043301058,208550741051,4889844,INR,2026-06-04T03:53:14.808Z,ICICI,ORD-B1CB99F1F9EF,SETTLED
ICICI202606045799608,714520910418,1878258,INR,2026-05-30T09:53:14.808Z,ICICI,ORD-24E34DBF675D,SETTLED
ICICI202606046094089,950481845085,2395674,INR,2026-06-02T22:53:14.808Z,ICICI,ORD-56AB67D8DA77,SETTLED
ICICI202606049200867,009069921599,3750562,INR,2026-05-29T14:53:14.808Z,ICICI,ORD-545CDC291E1B,SETTLED
ICICI202606048941684,445290323590,1183573,INR,2026-06-04T11:53:14.808Z,ICICI,ORD-519940052A47,SETTLED
ICICI202606048406040,690931348816,1728495,INR,2026-06-02T08:53:14.808Z,ICICI,ORD-03D717C4652F,SETTLED
ICICI202606044965807,722620173292,4234483,INR,2026-05-29T16:53:14.808Z,ICICI,ORD-8D95359F8843,SETTLED
ICICI202606046894659,957779508436,2219613,INR,2026-06-03T09:53:14.808Z,ICICI,ORD-5D6036CEA3E9,SETTLED
ICICI202606045160330,766400574480,1315059,INR,2026-06-02T12:53:14.808Z,ICICI,ORD-7D6BFEB4E16E,SETTLED
ICICI202606045005432,840123419283,1895382,INR,2026-06-01T11:53:14.808Z,ICICI,ORD-06E96BCAEF33,SETTLED
ICICI202606045125854,997970070539,2020441,INR,2026-05-29T06:53:14.808Z,ICICI,ORD-018133FC51F8,SETTLED
ICICI202606047275872,462710828410,1939859,INR,2026-05-29T22:53:14.808Z,ICICI,ORD-3DC6793C94C1,SETTLED
ICICI202606043124666,189375530417,3504232,INR,2026-05-30T02:53:14.808Z,ICICI,ORD-3FE34118448D,SETTLED
ICICI202606048085735,239929427872,3729158,INR,2026-05-28T20:53:14.808Z,ICICI,ORD-24441F3D8B88,SETTLED
ICICI202606042555554,616609055180,2130444,INR,2026-05-30T13:53:14.808Z,ICICI,ORD-EEBF9DADE07F,SETTLED
ICICI202606044831020,310077987468,2730167,INR,2026-06-03T10:53:14.808Z,ICICI,ORD-6CA6823D8E7C,SETTLED
ICICI202606046223710,088708767168,506419,INR,2026-06-02T04:53:14.808Z,ICICI,ORD-3199F3E3D0B0,SETTLED
ICICI202606045842863,916051386558,289751,INR,2026-06-04T03:53:14.808Z,ICICI,ORD-ACF19F194DA4,SETTLED
ICICI202606041685209,346691246502,1430827,INR,2026-06-03T09:53:14.808Z,ICICI,ORD-3EA393AE99D4,SETTLED
ICICI202606043981526,573067598167,725576,INR,2026-06-02T13:53:14.808Z,ICICI,ORD-89FD01A6E3E5,SETTLED
ICICI202606041634008,136619694766,3365790,INR,2026-06-04T00:53:14.808Z,ICICI,ORD-200B99C45840,SETTLED
ICICI202606045351043,112477476268,4396944,INR,2026-06-03T07:53:14.808Z,ICICI,ORD-38C6D67CABDD,SETTLED
ICICI202606042444941,576499533115,1516142,INR,2026-05-30T20:53:14.808Z,ICICI,ORD-A7B4CB1A1F98,SETTLED
ICICI202606040969067,477534290822,824544,INR,2026-05-31T00:53:14.808Z,ICICI,ORD-E654ED04407B,SETTLED
ICICI202606044253048,448686578420,3424451,INR,2026-05-30T06:53:14.808Z,ICICI,ORD-358BD9A9E395,SETTLED
ICICI202606040593231,969567800979,3997879,INR,2026-05-30T01:53:14.808Z,ICICI,ORD-92FE25131652,SETTLED
ICICI202606044509619,168280587499,1155401,INR,2026-06-01T09:53:14.808Z,ICICI,ORD-1325C71AA37C,SETTLED
ICICI202606049879948,650165888425,1023811,INR,2026-06-03T14:53:14.808Z,ICICI,ORD-D3FA4E79CC81,SETTLED
ICICI202606043030853,323887968767,40714,INR,2026-05-31T17:53:14.808Z,ICICI,ORD-C9535594811D,SETTLED
ICICI202606044927001,091762157869,100031,INR,2026-06-03T14:53:14.808Z,ICICI,ORD-248B03AA798F,SETTLED
ICICI202606046169192,755574762254,408625,INR,2026-05-29T09:53:14.808Z,ICICI,ORD-9092AA63EA80,SETTLED
ICICI202606047119923,747704026275,4604592,INR,2026-05-31T18:53:14.808Z,ICICI,ORD-AD546E045C93,SETTLED
ICICI202606049519310,610857722943,693467,INR,2026-06-04T01:53:14.808Z,ICICI,ORD-0BC3E80ED447,SETTLED
ICICI202606044238292,707313951559,4262653,INR,2026-06-02T04:53:14.808Z,ICICI,ORD-64FD4E5E1B40,SETTLED
ICICI202606040908320,502414918836,3132370,INR,2026-06-01T07:53:14.808Z,ICICI,ORD-AED98C388DFF,SETTLED
ICICI202606047061128,149372157195,1254219,INR,2026-05-31T00:53:14.808Z,ICICI,ORD-DB5895EAE7E3,SETTLED
ICICI202606049934539,119825257904,2523265,INR,2026-06-02T16:53:14.808Z,ICICI,ORD-DF913ADA35DF,SETTLED
ICICI202606041976438,678340353580,2378706,INR,2026-05-29T02:53:14.808Z,ICICI,ORD-D30BDB4555CD,SETTLED
ICICI202606046825378,559142209642,439201,INR,2026-06-03T14:53:14.808Z,ICICI,ORD-2D55C20C86AD,SETTLED
ICICI202606048462872,877251547236,2120212,INR,2026-06-03T03:53:14.808Z,ICICI,ORD-9C2F169B5004,SETTLED
ICICI202606048572540,544076192517,3033978,INR,2026-06-03T02:53:14.808Z,ICICI,ORD-4378184091DF,SETTLED
ICICI202606046450064,867494170492,1265024,INR,2026-06-03T15:53:14.808Z,ICICI,ORD-60B42174D942,SETTLED
ICICI202606044380581,242299954973,2403622,INR,2026-06-02T15:53:14.808Z,ICICI,ORD-664B8BC216E5,SETTLED
ICICI202606040548019,605175547754,3160088,INR,2026-05-28T22:53:14.808Z,ICICI,ORD-69E896BB6FD1,SETTLED
ICICI202606044229697,776012753087,1907990,INR,2026-06-02T04:53:14.808Z,ICICI,ORD-11C3F2DC03C1,SETTLED
ICICI202606041657503,699192942607,4482864,INR,2026-06-03T07:53:14.808Z,ICICI,ORD-087A1AE67D9D,SETTLED
ICICI202606049101380,248777814026,987465,INR,2026-05-30T00:53:14.808Z,ICICI,ORD-4997F5BD0452,SETTLED
ICICI202606041582566,781090015206,798503,INR,2026-05-31T13:53:14.808Z,ICICI,ORD-193386B7458D,SETTLED
ICICI202606044124896,323479424159,4077882,INR,2026-06-03T14:53:14.808Z,ICICI,ORD-D5DFD21C8687,SETTLED
ICICI202606047874719,038255585440,1866824,INR,2026-06-02T00:53:14.808Z,ICICI,ORD-65EE8EC02C8B,SETTLED
ICICI202606047542530,979798722263,793194,INR,2026-05-29T01:53:14.808Z,ICICI,ORD-8CDB2C2F52D7,SETTLED
ICICI202606044976064,955394620563,324445,INR,2026-05-30T01:53:14.808Z,ICICI,ORD-11DC5F7AD7F2,SETTLED
ICICI202606044870862,336942281823,805885,INR,2026-05-30T03:53:14.808Z,ICICI,ORD-770C4A934D16,SETTLED
ICICI202606047917357,246550726346,3540496,INR,2026-06-03T12:53:14.808Z,ICICI,ORD-3E5E48144998,SETTLED
ICICI202606045134058,168063135509,4677884,INR,2026-05-30T16:53:14.808Z,ICICI,ORD-FA1D425E010B,SETTLED
ICICI202606046710748,936928822002,2185225,INR,2026-06-03T01:53:14.808Z,ICICI,ORD-3D1560A5B40C,SETTLED
ICICI202606048277584,378824359623,51285,INR,2026-06-03T19:53:14.808Z,ICICI,ORD-B6A2878103C7,SETTLED
ICICI202606042322472,334742538859,3955161,INR,2026-06-03T10:53:14.808Z,ICICI,ORD-053EDB930054,SETTLED
ICICI202606042267740,959965309335,4482966,INR,2026-05-31T23:53:14.808Z,ICICI,ORD-1A42A0E88217,SETTLED
ICICI202606043576675,131916260943,2617973,INR,2026-05-28T18:53:14.808Z,ICICI,ORD-80A26D536E97,SETTLED
ICICI202606040639038,993582441077,4251042,INR,2026-06-04T09:53:14.808Z,ICICI,ORD-E9B2E70E6784,SETTLED
ICICI202606043002213,232373835033,3873651,INR,2026-06-01T06:53:14.808Z,ICICI,ORD-2882F75AE5C4,SETTLED
ICICI202606045752877,055354673120,3426411,INR,2026-05-29T09:53:14.808Z,ICICI,ORD-8467DEF815DC,SETTLED
ICICI202606040694151,819333233150,206256,INR,2026-06-01T20:53:14.808Z,ICICI,ORD-4B01D606D883,SETTLED
ICICI202606049589409,964412841076,2939812,INR,2026-05-29T20:53:14.808Z,ICICI,ORD-A552A71C9EB5,SETTLED
ICICI202606046541463,733405515693,1626659,INR,2026-06-03T04:53:14.808Z,ICICI,ORD-484D1FB4BD2C,SETTLED
ICICI202606040915946,640385805703,360965,INR,2026-06-03T23:53:14.808Z,ICICI,ORD-0F0F24ADF073,SETTLED
ICICI202606046493176,551838446414,4809312,INR,2026-05-30T20:53:14.808Z,ICICI,ORD-836F2E2EB472,SETTLED
ICICI202606049414669,371197425703,566851,INR,2026-06-01T13:53:14.808Z,ICICI,ORD-DF87E57120AD,SETTLED
ICICI202606048708450,300051935812,2444137,INR,2026-06-01T11:53:14.808Z,ICICI,ORD-73F2679C1F71,SETTLED
ICICI202606046952236,278085130642,2961763,INR,2026-05-31T07:53:14.808Z,ICICI,ORD-B2760CF4DB58,SETTLED
ICICI202606043203118,057693308783,4307201,INR,2026-06-04T06:53:14.808Z,ICICI,ORD-13325C467A32,SETTLED
ICICI202606048406140,217128589072,4714581,INR,2026-05-29T06:53:14.808Z,ICICI,ORD-64116FD76B21,SETTLED
ICICI202606041110589,933564509162,3061896,INR,2026-05-30T00:53:14.808Z,ICICI,ORD-F1FAB2B75895,SETTLED
ICICI202606046239923,222076250779,1954782,INR,2026-06-01T03:53:14.808Z,ICICI,ORD-9110E800A92B,SETTLED
ICICI202606045792468,406880664185,626981,INR,2026-06-04T02:53:14.808Z,ICICI,ORD-7A923E375F31,SETTLED
ICICI202606048195336,429259533431,2704222,INR,2026-05-30T05:53:14.808Z,ICICI,ORD-863423623121,SETTLED
ICICI202606048636699,478154870333,703326,INR,2026-05-30T19:53:14.808Z,ICICI,ORD-350B82C5E8A5,SETTLED
ICICI202606040542904,992710764306,4243111,INR,2026-06-03T16:53:14.808Z,ICICI,ORD-40DBC7DED324,SETTLED
ICICI202606043147493,412644403902,4156786,INR,2026-06-04T05:53:14.808Z,ICICI,ORD-EC017F56BF4B,SETTLED
ICICI202606041280161,850861696096,1658046,INR,2026-06-02T14:53:14.808Z,ICICI,ORD-24899E1181A8,SETTLED
ICICI202606042186347,978846081637,3309682,INR,2026-06-03T14:53:14.808Z,ICICI,ORD-EBE2FB4D4F59,SETTLED
ICICI202606044653932,653751882606,3106024,INR,2026-06-04T15:53:14.808Z,ICICI,ORD-6D7E999C40AE,SETTLED
ICICI202606043345267,387023368662,4180892,INR,2026-05-29T02:53:14.808Z,ICICI,ORD-7F607114DB34,SETTLED
ICICI202606041323244,216410534785,1187014,INR,2026-05-31T09:53:14.808Z,ICICI,ORD-2C84A690FF89,SETTLED
ICICI202606040290687,006707918388,653816,INR,2026-06-04T05:53:14.808Z,ICICI,ORD-C22174386BC1,SETTLED
ICICI202606044641291,136325312833,4357601,INR,2026-06-02T22:53:14.808Z,ICICI,ORD-4CB1B5A30E59,SETTLED
ICICI202606041808783,894628271933,761254,INR,2026-06-04T08:53:14.808Z,ICICI,ORD-751EC7CDE933,SETTLED
ICICI202606044050965,211551756708,4728518,INR,2026-05-29T20:53:14.808Z,ICICI,ORD-3923B9D7FE61,SETTLED
ICICI202606047008653,449756726851,2462344,INR,2026-05-31T14:53:14.808Z,ICICI,ORD-4526BBF40789,SETTLED
ICICI202606045121386,522922067919,3081871,INR,2026-06-03T15:53:14.808Z,ICICI,ORD-9F13FC7BEAFE,SETTLED
ICICI202606049159552,722626436563,4505922,INR,2026-06-02T21:53:14.808Z,ICICI,ORD-6440AF030F45,SETTLED
ICICI202606047406720,449112765525,2795923,INR,2026-06-01T10:53:14.808Z,ICICI,ORD-F671AAFD3641,SETTLED
ICICI202606048481580,718096624920,2042511,INR,2026-06-02T13:53:14.808Z,ICICI,ORD-AB3E81817A82,SETTLED
ICICI202606046596983,541342511427,1687243,INR,2026-05-30T10:53:14.808Z,ICICI,ORD-922EB74CFA37,SETTLED
ICICI202606041402895,465563928372,1065441,INR,2026-06-01T21:53:14.808Z,ICICI,ORD-A7A521463783,SETTLED
ICICI202606046887520,754682211834,1271566,INR,2026-06-04T04:53:14.808Z,ICICI,ORD-298DBE427DA5,SETTLED
ICICI202606043168511,084134238619,4417050,INR,2026-06-02T22:53:14.808Z,ICICI,ORD-2F7A1964B90F,SETTLED
ICICI202606041601776,031865087997,58175,INR,2026-05-30T05:53:14.808Z,ICICI,ORD-0A0B2D667836,SETTLED
ICICI202606043143897,336417679630,4518068,INR,2026-06-01T23:53:14.808Z,ICICI,ORD-DC1AA87F65E3,SETTLED
ICICI202606048833509,488981126327,2187739,INR,2026-05-31T20:53:14.808Z,ICICI,ORD-221D42CF4479,SETTLED
ICICI202606047092741,202211792942,1681751,INR,2026-05-30T18:53:14.808Z,ICICI,ORD-8AC042A3E193,SETTLED
ICICI202606046572415,363008384506,2764619,INR,2026-05-31T03:53:14.808Z,ICICI,ORD-14804ABC0955,SETTLED
ICICI202606048722626,035804832937,1610947,INR,2026-06-03T00:53:14.808Z,ICICI,ORD-FF9EC22E8F53,SETTLED
ICICI202606048729827,020257362659,66453,INR,2026-06-02T22:53:14.808Z,ICICI,ORD-2AED94E63C9D,SETTLED
ICICI202606042932777,454086820671,3545927,INR,2026-05-31T20:53:14.808Z,ICICI,ORD-C110FCD27BBE,SETTLED
ICICI202606049088812,611250501346,231349,INR,2026-06-01T01:53:14.808Z,ICICI,ORD-6A737C77E9F5,SETTLED
ICICI202606041766301,948685861086,2464562,INR,2026-06-04T02:53:14.808Z,ICICI,ORD-370DE6013F9F,SETTLED
ICICI202606043931475,253137931484,813368,INR,2026-06-03T09:53:14.808Z,ICICI,ORD-9AC12ED20BD0,SETTLED
ICICI202606040779450,008332074818,1189444,INR,2026-05-30T21:53:14.808Z,ICICI,ORD-117A726DECB0,SETTLED
ICICI202606047894978,819340983963,186659,INR,2026-06-01T11:53:14.808Z,ICICI,ORD-A619ED9BE84E,SETTLED
ICICI202606041003997,260375925767,1457024,INR,2026-05-30T19:53:14.808Z,ICICI,ORD-0B2364C85225,SETTLED
ICICI202606047854785,541158577176,2451657,INR,2026-06-02T10:53:14.808Z,ICICI,ORD-9C98ABB924DF,PENDING
ICICI202606041367975,558626613333,4151519,INR,2026-05-30T05:53:14.808Z,ICICI,ORD-322854ABA3D6,SETTLED
ICICI202606049067016,863466630566,2454655,INR,2026-05-31T01:53:14.808Z,ICICI,ORD-57387A57FA52,SETTLED
ICICI202606047261730,257638471058,4419978,INR,2026-05-29T13:53:14.808Z,ICICI,ORD-700339597088,SETTLED
ICICI202606044664729,062884955598,1700532,INR,2026-05-30T19:53:14.808Z,ICICI,ORD-A63B9BEFD6B2,SETTLED
ICICI202606047377828,469406755939,883901,INR,2026-05-30T13:53:14.808Z,ICICI,ORD-572168824090,SETTLED
ICICI202606047689997,918073380910,4369364,INR,2026-06-03T06:53:14.808Z,ICICI,ORD-2301DB81495F,SETTLED
ICICI202606042462471,064263767370,980616,INR,2026-06-02T17:53:14.808Z,ICICI,ORD-354B4C1D6C4B,SETTLED
ICICI202606045217216,383757946574,1954864,INR,2026-06-04T13:53:14.808Z,ICICI,ORD-A251C7B21901,SETTLED
ICICI202606040684275,200112844836,3139404,INR,2026-06-01T06:53:14.808Z,ICICI,ORD-493610890504,SETTLED
ICICI202606047336854,072428008954,487284,INR,2026-06-01T12:53:14.808Z,ICICI,ORD-AC7EB2948B5C,SETTLED
ICICI202606042191208,224404079813,1621971,INR,2026-05-30T03:53:14.808Z,ICICI,ORD-9FCB1E7E0783,SETTLED
ICICI202606041153253,368434734530,2420761,INR,2026-06-03T02:53:14.808Z,ICICI,ORD-62D47023711E,SETTLED
ICICI202606049957899,573393408766,2082127,INR,2026-06-03T11:53:14.808Z,ICICI,ORD-DB156E6148DE,PENDING
ICICI202606044659007,373414536349,4196947,INR,2026-06-01T20:53:14.808Z,ICICI,ORD-6664DB25B8B9,SETTLED
ICICI202606043579042,633472908264,617558,INR,2026-05-31T07:53:14.808Z,ICICI,ORD-8C1BDA7C99DB,SETTLED
ICICI202606047958892,280073503856,1239431,INR,2026-05-29T08:53:14.808Z,ICICI,ORD-0397C127C17A,SETTLED
ICICI202606049745673,470741701267,4912386,INR,2026-06-03T13:53:14.808Z,ICICI,ORD-D27D0E10B384,SETTLED
ICICI202606043806418,561290503529,281721,INR,2026-06-02T15:53:14.808Z,ICICI,ORD-874BB6986DB8,SETTLED
ICICI202606040107529,609890113098,2578046,INR,2026-05-29T05:53:14.808Z,ICICI,ORD-379BA9E8B31B,SETTLED
ICICI202606042984130,128436868028,1160951,INR,2026-05-30T11:53:14.808Z,ICICI,ORD-4396F988AD3C,SETTLED
ICICI202606046730943,817886240020,3857999,INR,2026-06-01T03:53:14.808Z,ICICI,ORD-319DFF5BDCDF,SETTLED
ICICI202606048756516,067960954947,3800389,INR,2026-06-01T10:53:14.808Z,ICICI,ORD-8CA5D48B1EF0,SETTLED
ICICI202606041035200,500620349716,1887686,INR,2026-06-04T07:53:14.808Z,ICICI,ORD-3561C30A3A72,SETTLED
ICICI202606041778883,063648721376,4421757,INR,2026-05-30T16:53:14.808Z,ICICI,ORD-AE8E85D98502,SETTLED
ICICI202606049352060,718308050102,4776203,INR,2026-06-01T22:53:14.808Z,ICICI,ORD-876069D0F4CA,SETTLED
ICICI202606042349897,276457185505,4797332,INR,2026-05-31T21:53:14.808Z,ICICI,ORD-644DEC8BF1ED,SETTLED
ICICI202606042571128,236914010168,4416989,INR,2026-05-29T18:53:14.808Z,ICICI,ORD-E913013BFD02,SETTLED
ICICI202606040059702,585250792233,1342345,INR,2026-06-03T07:53:14.808Z,ICICI,ORD-5653863F5C8B,SETTLED
ICICI202606040559356,377273971219,904009,INR,2026-05-31T16:53:14.808Z,ICICI,ORD-D88868FDEBA3,SETTLED
ICICI202606048597768,656268733021,712511,INR,2026-06-01T20:53:14.808Z,ICICI,ORD-D3530E0BFB01,SETTLED
ICICI202606049700991,257104505370,2501295,INR,2026-05-31T11:53:14.808Z,ICICI,ORD-15009E7B752A,SETTLED
ICICI202606041583955,020828094798,638702,INR,2026-05-31T18:53:14.808Z,ICICI,ORD-6A66BC26C635,SETTLED
ICICI202606043433623,214137012011,1593744,INR,2026-05-29T15:53:14.808Z,ICICI,ORD-179170A2EBA6,SETTLED
ICICI202606040012596,537758402979,2862092,INR,2026-06-03T00:53:14.808Z,ICICI,ORD-637B869EA6D4,SETTLED
ICICI202606042275007,270549721418,3825367,INR,2026-06-04T14:53:14.808Z,ICICI,ORD-71888617A828,SETTLED
ICICI202606040597125,626971474069,3128659,INR,2026-06-02T02:53:14.808Z,ICICI,ORD-B21C9FC3C45B,SETTLED
ICICI202606047179345,540249367702,4635767,INR,2026-05-29T20:53:14.808Z,ICICI,ORD-2528798F4EDE,SETTLED
ICICI202606040609384,021772812101,1492465,INR,2026-06-02T08:53:14.808Z,ICICI,ORD-1795DEEEC39C,PENDING
ICICI202606042887966,820028855476,4794470,INR,2026-06-02T00:53:14.808Z,ICICI,ORD-84D0338E9D76,SETTLED
ICICI202606049938359,570260085060,2837512,INR,2026-05-31T06:53:14.808Z,ICICI,ORD-A1BCBF01F81D,PENDING
ICICI202606041334433,449961583064,3458108,INR,2026-06-01T18:53:14.808Z,ICICI,ORD-A99CC9EB1EF3,SETTLED
ICICI202606045526388,361192418963,2038346,INR,2026-05-29T12:53:14.808Z,ICICI,ORD-095E8F6207D2,SETTLED
ICICI202606043974231,912339549896,851518,INR,2026-06-04T14:53:14.808Z,ICICI,ORD-B34265FC5467,SETTLED
ICICI202606041388668,543451816360,3225310,INR,2026-05-29T19:53:14.808Z,ICICI,ORD-8BC278B6F130,PENDING
ICICI202606043447673,641706258836,1169020,INR,2026-05-31T13:53:14.808Z,ICICI,ORD-A9DFC72FECD8,SETTLED
ICICI202606043948113,546957695445,4827150,INR,2026-05-31T10:53:14.808Z,ICICI,ORD-DE50A46B7118,SETTLED
ICICI202606041697107,498022065213,1393219,INR,2026-05-31T08:53:14.808Z,ICICI,ORD-031FB8993617,SETTLED
ICICI202606043392674,806921036650,229511,INR,2026-05-29T11:53:14.808Z,ICICI,ORD-F23B038586F7,SETTLED
ICICI202606048481181,810265623232,3869059,INR,2026-05-31T09:53:14.808Z,ICICI,ORD-D236000F70B8,SETTLED
ICICI202606040120253,503226159125,898755,INR,2026-05-29T10:53:14.808Z,ICICI,ORD-7C64BD124451,SETTLED
ICICI202606048962553,329286782226,4167058,INR,2026-05-29T23:53:14.809Z,ICICI,ORD-8734D194A65F,SETTLED
ICICI202606047454284,718720856943,1271937,INR,2026-06-04T03:53:14.809Z,ICICI,ORD-59C227231EF3,SETTLED
ICICI202606048913592,112393893156,3795197,INR,2026-05-30T22:53:14.809Z,ICICI,ORD-37F57E78A07D,SETTLED