UTR,RRN,Amount,Currency,Settlement_Date,Bank_Name,Merchant_Ref,Status
KOTAK202606041100035,775811580438,2839860,INR,2026-05-30T05:00:46.276Z,KOTAK,ORD-41EB0E349809,SETTLED
KOTAK202606046337157,180700201316,3401437,INR,2026-05-29T23:00:46.276Z,KOTAK,ORD-F7580ED8E89A,SETTLED
KOTAK202606043517947,832333326184,2588761,INR,2026-06-03T16:00:46.276Z,KOTAK,ORD-7CAB9C9D04E5,SETTLED
KOTAK202606041024285,492378839211,3540010,INR,2026-06-04T02:00:46.276Z,KOTAK,ORD-3B39255B8B1A,SETTLED
KOTAK202606046696061,501192256369,1237729,INR,2026-06-01T21:00:46.276Z,KOTAK,ORD-0E2C5E7A9FF3,SETTLED
KOTAK202606048163600,451616443378,1945795,INR,2026-06-04T13:00:46.276Z,KOTAK,ORD-57C89A7C8558,PENDING
KOTAK202606040597557,071396003953,1762038,INR,2026-06-02T12:00:46.276Z,KOTAK,ORD-00A8FC67850B,SETTLED
KOTAK202606049112249,102471850657,1413017,INR,2026-06-03T08:00:46.276Z,KOTAK,ORD-E465F85B317E,SETTLED
KOTAK202606048670425,941852409974,4912283,INR,2026-06-04T00:00:46.276Z,KOTAK,ORD-431AEACDCFDC,SETTLED
KOTAK202606048552573,906378454957,4663465,INR,2026-05-29T22:00:46.276Z,KOTAK,ORD-C2883470EABD,SETTLED
KOTAK202606048048681,648234047297,3132034,INR,2026-05-28T19:00:46.276Z,KOTAK,ORD-22E668A98ACB,SETTLED
KOTAK202606040107582,108067038020,3232895,INR,2026-05-28T19:00:46.276Z,KOTAK,ORD-EEEAB3A72807,SETTLED
KOTAK202606048962433,030044826004,2513011,INR,2026-06-01T11:00:46.276Z,KOTAK,ORD-8AA4F0D8D2AE,SETTLED
KOTAK202606044593842,713998575707,2408896,INR,2026-05-29T16:00:46.276Z,KOTAK,ORD-32C2FF5A23C2,SETTLED
KOTAK202606043816643,240055013415,2944314,INR,2026-06-04T15:00:46.276Z,KOTAK,ORD-D706D79403CF,SETTLED
KOTAK202606044002406,542367740779,4284063,INR,2026-05-29T15:00:46.276Z,KOTAK,ORD-EEDF61C88DD4,SETTLED
KOTAK202606041915493,882412848716,2145833,INR,2026-05-30T06:00:46.276Z,KOTAK,ORD-45965FC196EC,SETTLED
KOTAK202606042551392,932978170084,1822518,INR,2026-06-01T06:00:46.276Z,KOTAK,ORD-44A3E5C095E0,SETTLED
KOTAK202606049475373,479554618691,2675495,INR,2026-06-03T10:00:46.276Z,KOTAK,ORD-8AACCF256075,SETTLED
KOTAK202606045011835,604292908670,1441989,INR,2026-06-02T15:00:46.276Z,KOTAK,ORD-C817244F6CF2,SETTLED
KOTAK202606040934845,809983499919,1444600,INR,2026-06-04T03:00:46.276Z,KOTAK,ORD-25CEE0D7B1BC,SETTLED
KOTAK202606042500675,316970708771,2466000,INR,2026-06-04T03:00:46.276Z,KOTAK,ORD-BC16F4C351C3,SETTLED
KOTAK202606042125434,212370533409,691994,INR,2026-05-28T22:00:46.276Z,KOTAK,ORD-C63DCAE42819,SETTLED
KOTAK202606045292349,632674753245,1938096,INR,2026-05-31T22:00:46.276Z,KOTAK,ORD-0940BD9321D8,SETTLED
KOTAK202606048899970,434122409028,3060044,INR,2026-06-02T23:00:46.276Z,KOTAK,ORD-65A950F5CFAE,SETTLED
KOTAK202606041153670,772031570435,3148749,INR,2026-05-30T02:00:46.276Z,KOTAK,ORD-477F6E093BD2,SETTLED
KOTAK202606043548490,564063144194,916337,INR,2026-06-02T15:00:46.276Z,KOTAK,ORD-B1FF07CE0523,SETTLED
KOTAK202606045067359,307925463049,863227,INR,2026-05-29T05:00:46.276Z,KOTAK,ORD-887302FFB90E,SETTLED
KOTAK202606045759842,788495862938,4987025,INR,2026-05-31T03:00:46.276Z,KOTAK,ORD-14C0F0D0FCBB,SETTLED
KOTAK202606042365162,456529109929,427148,INR,2026-05-29T08:00:46.276Z,KOTAK,ORD-1B4A426A49E9,SETTLED
KOTAK202606047400583,854401146475,3559656,INR,2026-05-31T19:00:46.276Z,KOTAK,ORD-BAF734BE17B0,SETTLED
KOTAK202606046879278,035838957981,4932030,INR,2026-06-04T13:00:46.276Z,KOTAK,ORD-95649C25EEE1,SETTLED
KOTAK202606044678912,255900869811,1452343,INR,2026-05-29T14:00:46.276Z,KOTAK,ORD-B2B28F0979A5,SETTLED
KOTAK202606049587256,542349791920,3336349,INR,2026-06-03T20:00:46.276Z,KOTAK,ORD-230FC6E1B4B2,SETTLED
KOTAK202606040952961,911465451407,1177631,INR,2026-06-01T02:00:46.276Z,KOTAK,ORD-70BC43B15ECB,SETTLED
KOTAK202606043622524,588701422443,2960944,INR,2026-06-02T11:00:46.276Z,KOTAK,ORD-8340044B401D,SETTLED
KOTAK202606048486207,025124998291,3168743,INR,2026-06-01T22:00:46.276Z,KOTAK,ORD-7FCADE7B7897,SETTLED
KOTAK202606048833580,365088329114,3519077,INR,2026-06-01T09:00:46.276Z,KOTAK,ORD-D6ACA8C3D2F7,SETTLED
KOTAK202606041302627,475672386844,2918117,INR,2026-06-04T10:00:46.276Z,KOTAK,ORD-66651CB0E686,SETTLED
KOTAK202606049545920,305816071642,4364184,INR,2026-05-31T08:00:46.276Z,KOTAK,ORD-DC3C569AB1A8,SETTLED
KOTAK202606046550906,111368647839,4580257,INR,2026-06-01T16:00:46.276Z,KOTAK,ORD-AE01BFA0C9C3,SETTLED
KOTAK202606041233035,809505715979,4266295,INR,2026-06-02T16:00:46.276Z,KOTAK,ORD-B2A2FC79C23E,SETTLED
KOTAK202606041418788,780254142053,3217074,INR,2026-05-30T06:00:46.276Z,KOTAK,ORD-B27A514C375A,SETTLED
KOTAK202606045010065,989940714503,1140230,INR,2026-05-29T19:00:46.276Z,KOTAK,ORD-15098F3B0438,SETTLED
KOTAK202606046938792,700852736514,3272630,INR,2026-06-01T03:00:46.276Z,KOTAK,ORD-EB1B32A40856,SETTLED
KOTAK202606044596059,360228752664,821107,INR,2026-05-31T11:00:46.276Z,KOTAK,ORD-EB3EC9A1B22F,SETTLED
KOTAK202606041842787,128322257036,1502674,INR,2026-05-30T22:00:46.276Z,KOTAK,ORD-25CDC4C71824,SETTLED
KOTAK202606048052604,209105708538,1708345,INR,2026-05-30T13:00:46.276Z,KOTAK,ORD-FC4A178D9892,SETTLED
KOTAK202606042640349,863675638126,2460906,INR,2026-06-03T05:00:46.276Z,KOTAK,ORD-89296705DB9D,SETTLED
KOTAK202606043416384,965871804418,3308868,INR,2026-05-29T09:00:46.276Z,KOTAK,ORD-3EF133AF70FA,SETTLED
KOTAK202606047598651,792620248243,1199395,INR,2026-05-31T21:00:46.276Z,KOTAK,ORD-273F33C3A309,SETTLED
KOTAK202606045937015,638884384719,3687735,INR,2026-05-29T14:00:46.276Z,KOTAK,ORD-E5D7A632B50F,SETTLED
KOTAK202606043326206,548364051802,2451449,INR,2026-06-04T10:00:46.276Z,KOTAK,ORD-8E0B498394E4,PENDING
KOTAK202606046542188,744017731450,3948567,INR,2026-06-03T04:00:46.276Z,KOTAK,ORD-4E5A7BE2BB3B,SETTLED
KOTAK202606040968185,164714150339,4063496,INR,2026-05-29T04:00:46.276Z,KOTAK,ORD-F8244B4349E1,SETTLED
KOTAK202606044224818,049262181040,3130631,INR,2026-05-31T01:00:46.276Z,KOTAK,ORD-1DE3809D2AC4,SETTLED
KOTAK202606045303096,254267283976,1948273,INR,2026-05-30T12:00:46.276Z,KOTAK,ORD-17264F45F4BE,SETTLED
KOTAK202606042903253,932399997651,2602668,INR,2026-06-01T04:00:46.276Z,KOTAK,ORD-1B7E0BA493BE,SETTLED
KOTAK202606046646603,946907240214,1521462,INR,2026-06-02T02:00:46.276Z,KOTAK,ORD-03694EE7296B,SETTLED
KOTAK202606047568338,922477443893,1068223,INR,2026-06-04T06:00:46.276Z,KOTAK,ORD-A9C7AC0F5E41,SETTLED
KOTAK202606043493416,222191690456,2295160,INR,2026-06-01T12:00:46.276Z,KOTAK,ORD-885120004AAF,SETTLED
KOTAK202606044782644,958485824142,4307849,INR,2026-06-03T15:00:46.276Z,KOTAK,ORD-19CDBC76DF7F,PENDING
KOTAK202606043125409,377418544367,1661022,INR,2026-06-03T00:00:46.276Z,KOTAK,ORD-AB08B54EA0CE,SETTLED
KOTAK202606047905175,356730597059,3437985,INR,2026-06-01T00:00:46.276Z,KOTAK,ORD-C7AEC13558F7,SETTLED
KOTAK202606043762482,659509307915,323760,INR,2026-06-01T11:00:46.276Z,KOTAK,ORD-4668148A94DE,SETTLED
KOTAK202606045566627,763640226630,3067391,INR,2026-06-03T11:00:46.276Z,KOTAK,ORD-BD02767C95AE,SETTLED
KOTAK202606044608171,884733722258,1427664,INR,2026-05-30T15:00:46.276Z,KOTAK,ORD-FC3F01026B72,SETTLED
KOTAK202606047379902,004677712802,1557576,INR,2026-05-30T23:00:46.276Z,KOTAK,ORD-501EBBA98C74,SETTLED
KOTAK202606040055199,011338623470,115483,INR,2026-06-02T16:00:46.276Z,KOTAK,ORD-2962B6269A9F,SETTLED
KOTAK202606047798557,984545637813,589320,INR,2026-05-31T09:00:46.277Z,KOTAK,ORD-C35520857326,SETTLED
KOTAK202606043134183,168458236656,429346,INR,2026-05-31T15:00:46.277Z,KOTAK,ORD-D3422A7C29A1,SETTLED
KOTAK202606043602013,919613678719,32048,INR,2026-06-01T09:00:46.277Z,KOTAK,ORD-9C17E08A583D,SETTLED
KOTAK202606041871690,152647450105,114330,INR,2026-06-04T06:00:46.277Z,KOTAK,ORD-D93FE9719EE2,SETTLED
KOTAK202606047391803,308664897196,2485010,INR,2026-06-04T00:00:46.277Z,KOTAK,ORD-92068D0624A1,SETTLED
KOTAK202606046587120,222975910692,4497431,INR,2026-06-04T12:00:46.277Z,KOTAK,ORD-8BB423E98A8F,SETTLED
KOTAK202606049854758,844639224860,3854311,INR,2026-06-02T09:00:46.277Z,KOTAK,ORD-C76FE8B07D7E,SETTLED
KOTAK202606042608314,883573983052,546907,INR,2026-06-03T23:00:46.277Z,KOTAK,ORD-12789ECCB1A0,SETTLED
KOTAK202606043988742,114254401287,3749699,INR,2026-05-29T22:00:46.277Z,KOTAK,ORD-CD1EBD9AB10A,SETTLED
KOTAK202606046274352,808699138573,3650615,INR,2026-05-30T03:00:46.277Z,KOTAK,ORD-6BD1B04DB6BF,SETTLED
KOTAK202606044542574,013030017518,3895462,INR,2026-06-04T00:00:46.277Z,KOTAK,ORD-16E250A9AD79,SETTLED
KOTAK202606045169544,668921535918,356640,INR,2026-05-30T04:00:46.277Z,KOTAK,ORD-46A8D429D438,SETTLED
KOTAK202606047155758,610878055921,4163900,INR,2026-05-30T19:00:46.277Z,KOTAK,ORD-A7772F043698,SETTLED
KOTAK202606045711412,837076897347,3957492,INR,2026-05-31T01:00:46.277Z,KOTAK,ORD-A9DE568258A6,SETTLED
KOTAK202606041690750,297888580672,4828788,INR,2026-06-01T06:00:46.277Z,KOTAK,ORD-A1AC9BA4B7B6,SETTLED
KOTAK202606047796039,743810727809,3960469,INR,2026-06-01T01:00:46.277Z,KOTAK,ORD-3D8E0D08FA01,SETTLED
KOTAK202606046443472,439605283889,4145180,INR,2026-05-29T02:00:46.277Z,KOTAK,ORD-282636DE6CDB,SETTLED
KOTAK202606040859833,788646825478,1183089,INR,2026-05-31T23:00:46.277Z,KOTAK,ORD-B8008BA6DF96,SETTLED
KOTAK202606042429494,134885926826,4949473,INR,2026-05-29T17:00:46.277Z,KOTAK,ORD-1D6117B52CB6,SETTLED
KOTAK202606045042683,734158685976,3470426,INR,2026-06-04T18:00:46.277Z,KOTAK,ORD-FB9A7722994E,SETTLED
KOTAK202606040928056,850459303436,2539971,INR,2026-05-30T13:00:46.277Z,KOTAK,ORD-330FEDF38869,PENDING
KOTAK202606048545981,571065575051,2634600,INR,2026-06-02T07:00:46.277Z,KOTAK,ORD-690E4E3408A9,SETTLED
KOTAK202606049022425,009153193159,2783037,INR,2026-05-28T20:00:46.277Z,KOTAK,ORD-419E51C23A7D,SETTLED
KOTAK202606043815518,503051138127,1148702,INR,2026-05-30T22:00:46.277Z,KOTAK,ORD-D16F61539787,SETTLED
KOTAK202606041627093,015890169599,3332512,INR,2026-06-02T07:00:46.277Z,KOTAK,ORD-9BF6881BEE8E,SETTLED
KOTAK202606044767557,239834956962,3073731,INR,2026-06-03T13:00:46.277Z,KOTAK,ORD-B2F26F605DFB,SETTLED
KOTAK202606042220491,709290694268,1319135,INR,2026-06-01T04:00:46.277Z,KOTAK,ORD-E8DB3863D1D8,SETTLED
KOTAK202606045993786,465725415908,392118,INR,2026-05-31T20:00:46.277Z,KOTAK,ORD-CF1285654825,SETTLED
KOTAK202606041734405,651015620631,350774,INR,2026-05-30T01:00:46.277Z,KOTAK,ORD-861C6445B8EE,SETTLED
KOTAK202606045249973,099014422583,4502744,INR,2026-06-02T02:00:46.277Z,KOTAK,ORD-C65C5C5DBB35,SETTLED
KOTAK202606047217398,901236466281,4396915,INR,2026-05-31T16:00:46.277Z,KOTAK,ORD-EEDFE8E0C72F,SETTLED
KOTAK202606042741347,705854121473,1965921,INR,2026-05-31T23:00:46.277Z,KOTAK,ORD-CB0BB4BB5701,SETTLED
KOTAK202606041100788,382051417792,2645862,INR,2026-05-31T15:00:46.277Z,KOTAK,ORD-D1BB63A4FAAD,SETTLED
KOTAK202606049381429,944890611520,4299971,INR,2026-06-02T03:00:46.277Z,KOTAK,ORD-A2D6D32A1EC2,SETTLED
KOTAK202606049757042,656759428853,422698,INR,2026-05-30T11:00:46.277Z,KOTAK,ORD-BC58E9A23D01,SETTLED
KOTAK202606049271681,492035802601,2806177,INR,2026-05-28T22:00:46.277Z,KOTAK,ORD-0293D8659D1E,SETTLED
KOTAK202606048604538,359401748168,2502793,INR,2026-06-03T06:00:46.277Z,KOTAK,ORD-D985D3E9115F,SETTLED
KOTAK202606047749195,128623736720,2830950,INR,2026-05-31T00:00:46.277Z,KOTAK,ORD-85B56F5A3EBA,SETTLED
KOTAK202606047476040,875387781907,2353524,INR,2026-05-30T18:00:46.277Z,KOTAK,ORD-75D69C15D50B,SETTLED
KOTAK202606047827651,384435913993,2820751,INR,2026-06-04T10:00:46.277Z,KOTAK,ORD-E9D02EA40773,SETTLED
KOTAK202606044481324,346950634671,285268,INR,2026-05-31T12:00:46.277Z,KOTAK,ORD-00920BDEA0AA,SETTLED
KOTAK202606043286890,967780513206,1220025,INR,2026-06-03T20:00:46.277Z,KOTAK,ORD-B84426E9159E,SETTLED
KOTAK202606047453034,305738150235,3412442,INR,2026-05-30T05:00:46.277Z,KOTAK,ORD-3FF47D7FE7E8,SETTLED
KOTAK202606045696655,538684436387,2532018,INR,2026-06-01T01:00:46.277Z,KOTAK,ORD-A435859E084D,SETTLED
KOTAK202606048119936,528332166567,4874072,INR,2026-06-01T01:00:46.277Z,KOTAK,ORD-1803AE23ABCB,SETTLED
KOTAK202606044832853,337544085800,501669,INR,2026-05-31T14:00:46.277Z,KOTAK,ORD-459CE2000186,PENDING
KOTAK202606041357121,802867401872,467750,INR,2026-05-30T20:00:46.277Z,KOTAK,ORD-0EDB383DDE50,SETTLED
KOTAK202606044574988,471765927520,3404410,INR,2026-05-28T22:00:46.277Z,KOTAK,ORD-571B60579943,SETTLED
KOTAK202606040984803,573095701693,3044148,INR,2026-05-30T03:00:46.277Z,KOTAK,ORD-9EEFCBFE840C,SETTLED
KOTAK202606045150625,291774263755,3378851,INR,2026-06-02T18:00:46.277Z,KOTAK,ORD-BF7D77918AAA,SETTLED
KOTAK202606044215680,529178815018,527576,INR,2026-05-31T16:00:46.277Z,KOTAK,ORD-FB9809AF6358,SETTLED
KOTAK202606044012534,549299474875,335319,INR,2026-05-30T16:00:46.277Z,KOTAK,ORD-ABDB1652F73E,SETTLED
KOTAK202606040096459,751775531723,4836681,INR,2026-05-30T04:00:46.277Z,KOTAK,ORD-76DFFA69ACC9,SETTLED
KOTAK202606044996249,673956589241,3939757,INR,2026-05-29T06:00:46.277Z,KOTAK,ORD-264F01D05D12,SETTLED
KOTAK202606043394509,540216432220,4694853,INR,2026-05-30T19:00:46.277Z,KOTAK,ORD-A2D7BB4B5EA9,PENDING
KOTAK202606046946646,144484587699,4896255,INR,2026-06-02T04:00:46.277Z,KOTAK,ORD-C0FAF383BB88,SETTLED
KOTAK202606042877315,657291476171,4209309,INR,2026-06-01T11:00:46.277Z,KOTAK,ORD-840E2E705682,SETTLED
KOTAK202606045420350,326084975298,858228,INR,2026-06-04T16:00:46.277Z,KOTAK,ORD-D37C9F78D03A,SETTLED
KOTAK202606043726529,552140493650,2518054,INR,2026-05-31T18:00:46.277Z,KOTAK,ORD-3E516C52842F,SETTLED
KOTAK202606041298289,576280053257,1163908,INR,2026-06-04T01:00:46.277Z,KOTAK,ORD-24A655CACB1C,SETTLED
KOTAK202606048429409,050802668225,4536138,INR,2026-05-30T17:00:46.277Z,KOTAK,ORD-AEEE867AD71A,SETTLED
KOTAK202606044670335,956902917489,1169238,INR,2026-06-04T17:00:46.277Z,KOTAK,ORD-B719F4025A43,SETTLED
KOTAK202606045396468,800174443931,780655,INR,2026-05-31T18:00:46.277Z,KOTAK,ORD-B3B13988BAE2,SETTLED
KOTAK202606042824139,732307342792,3497087,INR,2026-05-28T22:00:46.277Z,KOTAK,ORD-6464728E9F2F,SETTLED
KOTAK202606045186007,737186464805,4005073,INR,2026-06-02T18:00:46.277Z,KOTAK,ORD-CCEE67AD15D0,SETTLED
KOTAK202606041949159,224762702130,1505303,INR,2026-05-29T17:00:46.277Z,KOTAK,ORD-5D741DF8CC5E,SETTLED
KOTAK202606042461610,850282920181,3646621,INR,2026-06-01T14:00:46.277Z,KOTAK,ORD-7DE0E66F705E,SETTLED
KOTAK202606044310604,892478792447,4560675,INR,2026-06-04T08:00:46.277Z,KOTAK,ORD-7F839FA2FC29,SETTLED
KOTAK202606044337547,807465591091,2238777,INR,2026-05-30T07:00:46.277Z,KOTAK,ORD-9FEB85204378,SETTLED
KOTAK202606042419639,003454491017,3244420,INR,2026-06-02T12:00:46.277Z,KOTAK,ORD-B99EB7D9000C,SETTLED
KOTAK202606044714096,187410360266,3532025,INR,2026-05-31T08:00:46.277Z,KOTAK,ORD-48264C614019,SETTLED
KOTAK202606046450952,567602242354,1008399,INR,2026-05-29T07:00:46.277Z,KOTAK,ORD-22F0F5B80337,SETTLED
KOTAK202606042578898,628514512753,3419799,INR,2026-05-31T22:00:46.277Z,KOTAK,ORD-AB24F67F4BE1,PENDING
KOTAK202606044163358,589254736089,1956997,INR,2026-06-02T07:00:46.277Z,KOTAK,ORD-C2DD5DC5A72F,SETTLED
KOTAK202606041368541,400066342280,1333186,INR,2026-06-03T17:00:46.277Z,KOTAK,ORD-2F5A1D4C7057,SETTLED
KOTAK202606045441946,840334011668,3289818,INR,2026-06-04T15:00:46.277Z,KOTAK,ORD-BDF30308BE90,SETTLED
KOTAK202606043350612,345966417627,4794869,INR,2026-06-04T03:00:46.277Z,KOTAK,ORD-05F47EE68E2C,SETTLED
KOTAK202606040845692,842716824491,1829815,INR,2026-05-29T19:00:46.277Z,KOTAK,ORD-06CE5B3985BA,SETTLED
KOTAK202606043330170,118645610252,4190128,INR,2026-05-28T21:00:46.277Z,KOTAK,ORD-BF8F48B8D0EE,SETTLED
KOTAK202606044008822,898994965023,4463359,INR,2026-05-31T10:00:46.277Z,KOTAK,ORD-F8D057FC402E,SETTLED
KOTAK202606040612904,790697407693,2118242,INR,2026-05-30T05:00:46.277Z,KOTAK,ORD-18E4C4E20139,SETTLED
KOTAK202606042440995,372322021150,1829382,INR,2026-06-03T20:00:46.277Z,KOTAK,ORD-A1C59149F300,SETTLED
KOTAK202606048327721,884982577507,4614851,INR,2026-06-03T06:00:46.277Z,KOTAK,ORD-CE5AEACBD3AE,SETTLED
KOTAK202606048844489,798270949794,2844589,INR,2026-05-30T18:00:46.277Z,KOTAK,ORD-21C8F8A31FC4,SETTLED
KOTAK202606040784657,529616919881,1991201,INR,2026-06-03T09:00:46.277Z,KOTAK,ORD-C5E681FFF8D3,SETTLED
KOTAK202606044877255,861285465923,3919170,INR,2026-05-29T17:00:46.277Z,KOTAK,ORD-9665ECACCBF2,SETTLED
KOTAK202606048937858,986181337701,41510,INR,2026-06-03T04:00:46.277Z,KOTAK,ORD-F5DE539285FF,SETTLED
KOTAK202606047145748,803718458089,4871476,INR,2026-06-04T06:00:46.277Z,KOTAK,ORD-EE59C8ED8C58,SETTLED
KOTAK202606046416407,137365929129,2538408,INR,2026-06-04T05:00:46.277Z,KOTAK,ORD-F4DA61D18236,PENDING
KOTAK202606045785671,261333087563,4068431,INR,2026-05-30T13:00:46.277Z,KOTAK,ORD-82F24E07C68B,SETTLED
KOTAK202606044500377,103594739857,4456067,INR,2026-05-29T05:00:46.277Z,KOTAK,ORD-E32991B11EAB,SETTLED
KOTAK202606040022774,708919962412,2584792,INR,2026-06-03T12:00:46.277Z,KOTAK,ORD-CEE1DE4FBCA6,SETTLED
KOTAK202606045087003,571661190449,186731,INR,2026-05-30T20:00:46.277Z,KOTAK,ORD-64DC60045E22,SETTLED
KOTAK202606043729086,235487068114,1907211,INR,2026-05-29T12:00:46.277Z,KOTAK,ORD-FD52B496AB61,SETTLED
KOTAK202606049639127,180067578859,2272774,INR,2026-06-03T07:00:46.277Z,KOTAK,ORD-48ED310D8251,SETTLED
KOTAK202606047022699,021470587451,4774224,INR,2026-06-03T19:00:46.277Z,KOTAK,ORD-10F702AA42E9,SETTLED
KOTAK202606045842774,854452152512,2334073,INR,2026-06-01T06:00:46.277Z,KOTAK,ORD-AC612B4D33F4,SETTLED
KOTAK202606046130493,613865268192,2872249,INR,2026-05-30T21:00:46.277Z,KOTAK,ORD-E69DC61F8032,SETTLED
KOTAK202606046126600,522162851162,653696,INR,2026-05-28T21:00:46.277Z,KOTAK,ORD-3BB8AF07AB3F,SETTLED
KOTAK202606048879277,256207204898,4241681,INR,2026-06-01T14:00:46.277Z,KOTAK,ORD-1F7B74B86F08,SETTLED
KOTAK202606045276373,646883424656,2688810,INR,2026-06-03T17:00:46.277Z,KOTAK,ORD-8AB269305E7E,SETTLED
KOTAK202606049356893,293906689961,3696567,INR,2026-05-31T00:00:46.277Z,KOTAK,ORD-14098C1EA264,SETTLED
KOTAK202606048164818,024857377774,1874160,INR,2026-05-31T16:00:46.277Z,KOTAK,ORD-6DA109412354,SETTLED
KOTAK202606048035537,245671389761,521110,INR,2026-06-04T02:00:46.277Z,KOTAK,ORD-E04FD65F5A64,SETTLED
KOTAK202606041949649,356899337888,3113995,INR,2026-06-04T08:00:46.277Z,KOTAK,ORD-EE5C395B09A6,SETTLED
KOTAK202606046976614,704202825648,998423,INR,2026-06-01T02:00:46.277Z,KOTAK,ORD-F30B165EF977,PENDING
KOTAK202606046764910,018574676552,2789602,INR,2026-05-30T13:00:46.277Z,KOTAK,ORD-92C81FFE30E4,SETTLED
KOTAK202606044789540,258176582774,1887499,INR,2026-05-29T05:00:46.277Z,KOTAK,ORD-ED39254477F8,SETTLED
KOTAK202606047219740,407437576733,3797432,INR,2026-05-30T10:00:46.277Z,KOTAK,ORD-66BA89F5C48D,SETTLED
KOTAK202606044960934,548232238357,326120,INR,2026-06-01T16:00:46.278Z,KOTAK,ORD-CD9C5714C3C0,SETTLED
KOTAK202606041708452,409728157726,4494586,INR,2026-05-30T10:00:46.278Z,KOTAK,ORD-759D99B0D80D,SETTLED
KOTAK202606046960732,171389881419,134828,INR,2026-05-31T18:00:46.278Z,KOTAK,ORD-2E5B6C3E5A14,SETTLED
KOTAK202606049157189,768570180116,1821445,INR,2026-05-30T03:00:46.278Z,KOTAK,ORD-9A7EE7AD8988,SETTLED
KOTAK202606042229383,267930894979,589613,INR,2026-06-02T01:00:46.278Z,KOTAK,ORD-04D55C33B7E0,SETTLED
KOTAK202606040182573,554941251215,2435713,INR,2026-06-04T15:00:46.278Z,KOTAK,ORD-ED5D726AA4DE,SETTLED
KOTAK202606042113590,423105533897,3225179,INR,2026-06-03T18:00:46.278Z,KOTAK,ORD-755A4E13F048,SETTLED
KOTAK202606041386404,262449598734,549567,INR,2026-05-31T17:00:46.278Z,KOTAK,ORD-1964D36373AB,PENDING
KOTAK202606047922911,606645031456,1486418,INR,2026-06-01T07:00:46.278Z,KOTAK,ORD-F6BC8F8E201A,SETTLED
KOTAK202606045217974,990712681821,3757183,INR,2026-05-30T03:00:46.278Z,KOTAK,ORD-5C23BB154FD7,SETTLED
KOTAK202606048702224,494582156141,3804473,INR,2026-06-04T06:00:46.278Z,KOTAK,ORD-346C9DF2BAA2,SETTLED
KOTAK202606043733319,308549246136,4641917,INR,2026-06-01T15:00:46.278Z,KOTAK,ORD-7C10E6990EC2,SETTLED
KOTAK202606043381899,391262538366,965824,INR,2026-05-29T13:00:46.278Z,KOTAK,ORD-263EA93E4B79,SETTLED
KOTAK202606041580046,422635607991,1846114,INR,2026-05-30T19:00:46.278Z,KOTAK,ORD-14FC813C8CF3,SETTLED
KOTAK202606047250492,449441346234,4270826,INR,2026-05-31T03:00:46.278Z,KOTAK,ORD-58221CE24BF7,PENDING
KOTAK202606047562094,398533543946,3070027,INR,2026-06-03T09:00:46.278Z,KOTAK,ORD-4D7C130051FD,SETTLED
KOTAK202606040435397,807336954820,1433694,INR,2026-06-04T05:00:46.278Z,KOTAK,ORD-243D8C41F1BC,SETTLED
KOTAK202606045562154,852207515817,2366303,INR,2026-05-30T02:00:46.278Z,KOTAK,ORD-95BA2C4E4884,SETTLED
KOTAK202606046639122,541773530334,1828756,INR,2026-05-29T20:00:46.278Z,KOTAK,ORD-47B32D3C0AC4,SETTLED
KOTAK202606041025204,673294968871,4010725,INR,2026-05-31T10:00:46.278Z,KOTAK,ORD-2583B54F34DF,SETTLED
KOTAK202606040822570,170355947445,2377648,INR,2026-06-04T11:00:46.278Z,KOTAK,ORD-E91CD377B50E,SETTLED
KOTAK202606040394284,929596805381,44976,INR,2026-05-29T17:00:46.278Z,KOTAK,ORD-52FD16FADFDB,PENDING
KOTAK202606046046137,319870089480,2373999,INR,2026-05-31T21:00:46.278Z,KOTAK,ORD-85DDC49DBCB2,SETTLED
KOTAK202606041570514,005438186331,1352071,INR,2026-06-03T00:00:46.278Z,KOTAK,ORD-E1AC86670ECB,SETTLED
KOTAK202606043068739,265735255994,4661555,INR,2026-05-30T03:00:46.278Z,KOTAK,ORD-0752EDE6BDA7,SETTLED
KOTAK202606040982455,245656804827,2566668,INR,2026-06-01T05:00:46.278Z,KOTAK,ORD-7F0ABE7BA376,SETTLED
KOTAK202606049527213,960590013824,1064970,INR,2026-05-30T00:00:46.278Z,KOTAK,ORD-C99431A9D363,SETTLED
KOTAK202606045912375,651371972322,1756143,INR,2026-06-04T06:00:46.278Z,KOTAK,ORD-B27890CA62CA,SETTLED
KOTAK202606043757240,930314498902,4918439,INR,2026-06-01T21:00:46.278Z,KOTAK,ORD-A7EC531846A2,SETTLED
KOTAK202606049542303,295169630084,866349,INR,2026-05-31T12:00:46.278Z,KOTAK,ORD-4B5B1568CB4A,SETTLED
KOTAK202606040776494,213822243794,3975992,INR,2026-06-03T10:00:46.278Z,KOTAK,ORD-698A935F03AA,SETTLED
KOTAK202606048922787,314581045956,2978909,INR,2026-06-02T13:00:46.278Z,KOTAK,ORD-51772535C579,SETTLED
KOTAK202606044612773,105810331097,629423,INR,2026-06-03T09:00:46.278Z,KOTAK,ORD-F736C712BAE8,SETTLED
KOTAK202606048786736,593705345349,4537661,INR,2026-05-29T12:00:46.278Z,KOTAK,ORD-0C832A986144,SETTLED
KOTAK202606041100195,517799546836,726058,INR,2026-05-30T18:00:46.278Z,KOTAK,ORD-07D6A4D5602E,SETTLED
KOTAK202606041382044,406926419871,711506,INR,2026-05-31T19:00:46.278Z,KOTAK,ORD-EC6D0E895666,SETTLED
KOTAK202606045055664,956234230821,3293832,INR,2026-05-31T00:00:46.278Z,KOTAK,ORD-6565F74767EA,SETTLED
KOTAK202606042412313,669972172143,167416,INR,2026-05-30T09:00:46.278Z,KOTAK,ORD-8633A213600E,SETTLED
KOTAK202606046074645,852122841668,53065,INR,2026-06-04T13:00:46.278Z,KOTAK,ORD-B7E6F2B2C77D,SETTLED
KOTAK202606042455816,981406049831,3595345,INR,2026-05-31T09:00:46.278Z,KOTAK,ORD-2B7A3230AF22,SETTLED
KOTAK202606042432856,392654081349,2771277,INR,2026-05-30T02:00:46.278Z,KOTAK,ORD-9D5DE1527C21,SETTLED
KOTAK202606049026030,980189429605,1046427,INR,2026-06-03T00:00:46.278Z,KOTAK,ORD-FF674A4A63C0,SETTLED
KOTAK202606049587227,525297196277,4668692,INR,2026-06-01T08:00:46.278Z,KOTAK,ORD-D949B334C858,SETTLED
KOTAK202606046606403,201154106195,29417,INR,2026-05-31T08:00:46.278Z,KOTAK,ORD-C0F34738C044,SETTLED
KOTAK202606040608507,173382003607,2039210,INR,2026-06-01T11:00:46.278Z,KOTAK,ORD-4CF1C1C3A50B,SETTLED
KOTAK202606041675649,014604496976,658377,INR,2026-05-28T19:00:46.278Z,KOTAK,ORD-2B8FFE6CD0EA,SETTLED
KOTAK202606047683950,863917911157,623544,INR,2026-05-31T03:00:46.278Z,KOTAK,ORD-BE9831003A92,SETTLED
KOTAK202606043611363,802732898971,3371052,INR,2026-05-29T01:00:46.278Z,KOTAK,ORD-EC92A9F80235,SETTLED
KOTAK202606041494217,073477137838,2694813,INR,2026-05-31T16:00:46.278Z,KOTAK,ORD-B4FC16539441,SETTLED
KOTAK202606049671653,665204064657,3626938,INR,2026-05-30T20:00:46.278Z,KOTAK,ORD-18C3D2152FE5,SETTLED
KOTAK202606041864502,561339981660,2139632,INR,2026-06-02T06:00:46.278Z,KOTAK,ORD-6F85001C7C78,SETTLED
KOTAK202606040373546,303301018607,1473901,INR,2026-05-30T19:00:46.278Z,KOTAK,ORD-7204A08FEE15,SETTLED
KOTAK202606045813025,464554333550,3380518,INR,2026-06-04T18:00:46.278Z,KOTAK,ORD-FB11B0F94D1B,SETTLED
KOTAK202606044502401,000079943868,4496256,INR,2026-05-29T14:00:46.278Z,KOTAK,ORD-52943514834F,SETTLED
KOTAK202606049480730,032829551928,4858111,INR,2026-05-30T09:00:46.278Z,KOTAK,ORD-24DFBD8069B5,SETTLED
KOTAK202606041431072,355860992554,1939271,INR,2026-05-31T08:00:46.278Z,KOTAK,ORD-28C780F4C3BE,SETTLED
KOTAK202606041394805,680871702064,2248604,INR,2026-05-31T19:00:46.278Z,KOTAK,ORD-E8B504D435D2,SETTLED
KOTAK202606045533571,167421294351,4468861,INR,2026-05-28T22:00:46.278Z,KOTAK,ORD-E17F2D88DC9E,SETTLED
KOTAK202606048386425,537110539603,1921819,INR,2026-05-29T02:00:46.278Z,KOTAK,ORD-EAE5C03CF313,SETTLED
KOTAK202606047737966,323172977212,3975032,INR,2026-05-31T11:00:46.278Z,KOTAK,ORD-B78906E46D26,SETTLED
KOTAK202606043042743,248276746624,682757,INR,2026-06-04T13:00:46.278Z,KOTAK,ORD-BAF47EBF3E54,SETTLED
KOTAK202606044449343,796055170945,1570136,INR,2026-06-01T22:00:46.278Z,KOTAK,ORD-B91630125068,SETTLED
KOTAK202606047182155,754551466714,1012997,INR,2026-06-04T12:00:46.278Z,KOTAK,ORD-748E49AE618F,SETTLED
KOTAK202606044436373,984212331953,4943216,INR,2026-05-31T04:00:46.278Z,KOTAK,ORD-8C4AA1ADFC7D,SETTLED
KOTAK202606043066636,871494705699,1644576,INR,2026-05-30T07:00:46.278Z,KOTAK,ORD-001062CE4957,SETTLED
KOTAK202606042139006,530478883160,2478848,INR,2026-05-29T18:00:46.278Z,KOTAK,ORD-4D0A66B7D8F4,SETTLED
KOTAK202606045485276,585602294267,1544694,INR,2026-05-29T03:00:46.278Z,KOTAK,ORD-291528F4D651,SETTLED
KOTAK202606048738500,252317173497,1045669,INR,2026-06-01T17:00:46.278Z,KOTAK,ORD-0A51106AF65E,SETTLED
KOTAK202606045229817,580314723122,4982367,INR,2026-05-29T19:00:46.278Z,KOTAK,ORD-2DEB441F8D41,SETTLED
KOTAK202606043442720,517064654327,3416737,INR,2026-06-03T05:00:46.278Z,KOTAK,ORD-26C4201537BE,SETTLED
KOTAK202606040446480,816540240457,3803687,INR,2026-06-04T09:00:46.278Z,KOTAK,ORD-4E38EAADFDA4,SETTLED
KOTAK202606047500061,067432044542,4093995,INR,2026-05-30T05:00:46.278Z,KOTAK,ORD-C289BC9CF625,SETTLED
KOTAK202606046468285,932841642995,4266257,INR,2026-06-04T17:00:46.278Z,KOTAK,ORD-BBA32E29A4CB,SETTLED
KOTAK202606046808738,365486642453,4978001,INR,2026-06-04T03:00:46.278Z,KOTAK,ORD-F101763B6B65,SETTLED
KOTAK202606040479767,711279696433,4523687,INR,2026-05-30T18:00:46.278Z,KOTAK,ORD-5B84884D23BE,SETTLED
KOTAK202606047969607,023208992202,4323931,INR,2026-06-03T07:00:46.278Z,KOTAK,ORD-904D14E75786,SETTLED
KOTAK202606047357358,490740679075,4852541,INR,2026-05-29T18:00:46.278Z,KOTAK,ORD-9DE31364A426,SETTLED
KOTAK202606041512533,895947935414,4215589,INR,2026-05-28T22:00:46.278Z,KOTAK,ORD-4CB4BE7E5781,SETTLED
KOTAK202606043501485,138183434020,3972920,INR,2026-05-28T23:00:46.278Z,KOTAK,ORD-9CE7583353F2,SETTLED
KOTAK202606040588078,181285235955,3149378,INR,2026-06-01T22:00:46.278Z,KOTAK,ORD-3F9CD4CD6538,SETTLED
KOTAK202606045205981,971291302463,1775679,INR,2026-06-03T21:00:46.278Z,KOTAK,ORD-DC1ADE2625C6,SETTLED
KOTAK202606045400242,480753246978,479216,INR,2026-05-29T21:00:46.278Z,KOTAK,ORD-1AFAA9D15215,SETTLED
KOTAK202606044572908,177146567839,2580186,INR,2026-05-29T21:00:46.278Z,KOTAK,ORD-75260F792F7D,SETTLED
KOTAK202606042961700,003830782633,3111884,INR,2026-06-02T00:00:46.278Z,KOTAK,ORD-F546BAE994F7,SETTLED
KOTAK202606049390473,430670579367,1542423,INR,2026-05-29T15:00:46.278Z,KOTAK,ORD-FCD8FD209CE5,SETTLED
KOTAK202606044822715,641671686670,1928779,INR,2026-06-03T07:00:46.278Z,KOTAK,ORD-3F2E400EA3F4,SETTLED
KOTAK202606046570270,094878419740,2029783,INR,2026-05-29T07:00:46.278Z,KOTAK,ORD-7FA254DEB2B6,SETTLED
KOTAK202606047577019,276530106144,785644,INR,2026-06-04T00:00:46.279Z,KOTAK,ORD-8BE570BA5643,SETTLED
KOTAK202606042468353,882513099054,3533060,INR,2026-05-30T03:00:46.279Z,KOTAK,ORD-B5E9C404E344,SETTLED
KOTAK202606048596699,281000508437,978925,INR,2026-06-03T14:00:46.279Z,KOTAK,ORD-17630E54D021,PENDING
KOTAK202606048818291,608631306363,2157788,INR,2026-06-03T18:00:46.279Z,KOTAK,ORD-DD4CA15628C5,SETTLED
KOTAK202606049216949,392551714127,4686205,INR,2026-06-03T22:00:46.279Z,KOTAK,ORD-DE44FA15717A,SETTLED
KOTAK202606041798889,324036545449,3495296,INR,2026-06-04T07:00:46.279Z,KOTAK,ORD-9441163824CD,PENDING
KOTAK202606049011833,357694833575,1021642,INR,2026-06-03T01:00:46.279Z,KOTAK,ORD-E9ACF04280C4,SETTLED
KOTAK202606048582599,384581315546,3404575,INR,2026-06-04T10:00:46.279Z,KOTAK,ORD-BB38644864C1,SETTLED
KOTAK202606046190318,143353893656,1374244,INR,2026-06-02T12:00:46.279Z,KOTAK,ORD-A343BDED1C8D,SETTLED
KOTAK202606040622248,249343393873,4392883,INR,2026-06-02T07:00:46.279Z,KOTAK,ORD-A44146BBBE2F,SETTLED
KOTAK202606043207877,595649466307,1774844,INR,2026-05-28T19:00:46.279Z,KOTAK,ORD-A09B7848A5DC,SETTLED
KOTAK202606043202134,012185958248,1467434,INR,2026-06-03T13:00:46.279Z,KOTAK,ORD-18BEDE164913,SETTLED
KOTAK202606045349979,890711676678,661575,INR,2026-06-03T08:00:46.279Z,KOTAK,ORD-6AD1EBF7C10E,SETTLED
KOTAK202606046225890,779136621635,2797324,INR,2026-06-04T16:00:46.279Z,KOTAK,ORD-2521445C6915,SETTLED
KOTAK202606044421818,238058851704,3194467,INR,2026-06-01T03:00:46.279Z,KOTAK,ORD-E116F9D7502F,SETTLED
KOTAK202606046336527,433427167044,4477385,INR,2026-05-31T20:00:46.279Z,KOTAK,ORD-BA0B998C7941,SETTLED
KOTAK202606047846962,470469016413,4136636,INR,2026-06-01T08:00:46.279Z,KOTAK,ORD-8E7A3B416CED,SETTLED
KOTAK202606042377242,622158288310,1651196,INR,2026-06-03T09:00:46.279Z,KOTAK,ORD-1705DDB49EE1,SETTLED
KOTAK202606042034112,759119578564,1104540,INR,2026-06-04T01:00:46.279Z,KOTAK,ORD-5F63548C730A,SETTLED
KOTAK202606040227056,986052227082,1070879,INR,2026-06-02T16:00:46.279Z,KOTAK,ORD-94E5FE3CBC5C,SETTLED
KOTAK202606042688250,212758565829,1311555,INR,2026-05-31T21:00:46.279Z,KOTAK,ORD-7A196605505F,SETTLED
KOTAK202606047570923,333816701509,1754519,INR,2026-06-03T00:00:46.279Z,KOTAK,ORD-F7B5D44AA73A,SETTLED
KOTAK202606040656609,072500970647,96953,INR,2026-06-03T08:00:46.279Z,KOTAK,ORD-75BCC5D4F785,SETTLED
KOTAK202606044461208,825922762833,2834244,INR,2026-06-04T02:00:46.279Z,KOTAK,ORD-65761CA43B6B,SETTLED
KOTAK202606047713386,639036591848,1560888,INR,2026-05-28T21:00:46.279Z,KOTAK,ORD-5DE48BA05F07,SETTLED
KOTAK202606042440492,986805268269,4515165,INR,2026-06-01T13:00:46.279Z,KOTAK,ORD-21F2814FA8EF,SETTLED
KOTAK202606041092815,011249179001,1962438,INR,2026-06-04T17:00:46.279Z,KOTAK,ORD-E683B21991DD,SETTLED
KOTAK202606041990862,675450929666,2305271,INR,2026-06-01T06:00:46.279Z,KOTAK,ORD-1661993907A6,SETTLED
KOTAK202606045373934,853892192276,658752,INR,2026-06-02T07:00:46.279Z,KOTAK,ORD-F441DB9E72D3,SETTLED
KOTAK202606049035514,617300306034,4729745,INR,2026-06-04T17:00:46.279Z,KOTAK,ORD-DD56CD025013,SETTLED
KOTAK202606043604500,902865619842,1239510,INR,2026-06-02T16:00:46.279Z,KOTAK,ORD-0465CAA0D3D6,SETTLED
KOTAK202606045934962,311812795918,2013499,INR,2026-06-03T23:00:46.279Z,KOTAK,ORD-4DAD56BABFFB,SETTLED
KOTAK202606041170255,266996144285,3908662,INR,2026-05-30T04:00:46.279Z,KOTAK,ORD-99D26B1436E9,SETTLED
KOTAK202606043931959,552496810303,1303232,INR,2026-06-04T10:00:46.279Z,KOTAK,ORD-9C5CA3A6C564,SETTLED
KOTAK202606043166787,091551943897,1035808,INR,2026-05-30T23:00:46.279Z,KOTAK,ORD-AE8C6DCC9161,SETTLED
KOTAK202606047878751,040321330492,1032481,INR,2026-05-29T19:00:46.279Z,KOTAK,ORD-AA32C224E3BE,SETTLED
KOTAK202606047104495,132273517284,51529,INR,2026-05-29T13:00:46.279Z,KOTAK,ORD-D48A114AD29E,SETTLED
KOTAK202606040630530,780511773753,3803817,INR,2026-06-03T17:00:46.279Z,KOTAK,ORD-F6AB4108DACA,SETTLED
KOTAK202606045196887,895232442583,400860,INR,2026-05-30T12:00:46.279Z,KOTAK,ORD-92B1D522F20C,SETTLED
KOTAK202606048766922,197145985188,1126928,INR,2026-05-31T16:00:46.279Z,KOTAK,ORD-3DE2F272ABD1,SETTLED
KOTAK202606046202693,687575940304,4004667,INR,2026-06-03T10:00:46.279Z,KOTAK,ORD-B0A23CD1F267,SETTLED
KOTAK202606048957707,110823397462,4190625,INR,2026-06-04T11:00:46.279Z,KOTAK,ORD-F4D0CC8B68AF,SETTLED
KOTAK202606040126557,221993809432,4975576,INR,2026-06-04T08:00:46.279Z,KOTAK,ORD-70A5809EBE03,SETTLED
KOTAK202606049083524,644485895894,3568299,INR,2026-06-01T08:00:46.279Z,KOTAK,ORD-0786A5ADE60F,SETTLED
KOTAK202606046616102,781526321276,3220281,INR,2026-05-29T20:00:46.279Z,KOTAK,ORD-2F0CB0001DD5,SETTLED
KOTAK202606046176506,378235081397,3436963,INR,2026-06-02T17:00:46.279Z,KOTAK,ORD-342CAB72E0B9,SETTLED
KOTAK202606040843561,538749149202,2866172,INR,2026-05-30T17:00:46.279Z,KOTAK,ORD-85C760DE2246,SETTLED
KOTAK202606049826388,080204007351,3935413,INR,2026-06-03T08:00:46.279Z,KOTAK,ORD-ADCFE58A57E3,SETTLED
KOTAK202606049989032,357346721323,1282769,INR,2026-05-29T15:00:46.279Z,KOTAK,ORD-198EF756763D,PENDING
KOTAK202606041868396,955700137061,157739,INR,2026-06-02T03:00:46.279Z,KOTAK,ORD-C05532E79F0E,SETTLED
KOTAK202606047053853,627430039551,4584979,INR,2026-06-04T09:00:46.279Z,KOTAK,ORD-7F2BBD45D105,SETTLED
KOTAK202606040399915,461136654745,652915,INR,2026-06-01T21:00:46.279Z,KOTAK,ORD-A680652A5CDD,SETTLED
KOTAK202606049828359,495855877252,4446506,INR,2026-06-03T12:00:46.279Z,KOTAK,ORD-77AB89FAF856,SETTLED
KOTAK202606042315855,070298442729,784329,INR,2026-06-02T15:00:46.279Z,KOTAK,ORD-0EF1E0A2673A,SETTLED
KOTAK202606045726017,420297816936,4560807,INR,2026-05-31T13:00:46.279Z,KOTAK,ORD-E4651643EB6A,SETTLED
KOTAK202606042939642,935579390773,2660495,INR,2026-05-30T08:00:46.279Z,KOTAK,ORD-1C32CE0BB849,SETTLED
KOTAK202606047539647,813949271182,859631,INR,2026-06-04T10:00:46.279Z,KOTAK,ORD-2B2F1B2D3628,SETTLED
KOTAK202606040104328,231725274499,3762678,INR,2026-06-02T20:00:46.279Z,KOTAK,ORD-CA5A943D45CC,SETTLED
KOTAK202606048578285,220608450948,3439245,INR,2026-05-31T12:00:46.279Z,KOTAK,ORD-BD64E660C533,SETTLED
KOTAK202606043845357,059032602364,3117069,INR,2026-06-04T01:00:46.279Z,KOTAK,ORD-2BE2F806A6A4,SETTLED
KOTAK202606045098514,213774666162,1542129,INR,2026-06-01T13:00:46.279Z,KOTAK,ORD-0F8D73863CC5,SETTLED
KOTAK202606048042767,671544783180,4895346,INR,2026-06-02T01:00:46.279Z,KOTAK,ORD-5871F97B7139,SETTLED
KOTAK202606049436469,744370820566,913776,INR,2026-06-03T16:00:46.279Z,KOTAK,ORD-3D4FA1D59BE1,SETTLED
KOTAK202606046835554,026549572653,986498,INR,2026-05-29T10:00:46.279Z,KOTAK,ORD-3C849013FD32,SETTLED
KOTAK202606046531417,281925350563,3833027,INR,2026-05-31T09:00:46.279Z,KOTAK,ORD-C5EE5A47AC03,SETTLED
KOTAK202606048625851,273731385896,4025935,INR,2026-06-02T08:00:46.279Z,KOTAK,ORD-F2AC16BD8505,SETTLED
KOTAK202606040480573,075939599663,1089156,INR,2026-06-01T23:00:46.279Z,KOTAK,ORD-F926CE9D9DE5,SETTLED
KOTAK202606043163814,893279706653,4224478,INR,2026-06-04T05:00:46.279Z,KOTAK,ORD-F50C9C41FD85,SETTLED
KOTAK202606047512168,145317573065,2869750,INR,2026-05-29T18:00:46.279Z,KOTAK,ORD-92A3C238C9D7,SETTLED
KOTAK202606042660595,982825176415,2197770,INR,2026-06-04T15:00:46.279Z,KOTAK,ORD-32562AF19CAE,SETTLED
KOTAK202606040840989,550406476766,1087459,INR,2026-05-29T11:00:46.279Z,KOTAK,ORD-EDDB8F593116,SETTLED
KOTAK202606047379036,479912627355,2148138,INR,2026-06-03T06:00:46.279Z,KOTAK,ORD-A22CB810375B,SETTLED
KOTAK202606041308994,750633321819,264611,INR,2026-06-04T00:00:46.279Z,KOTAK,ORD-F2B216A3B224,SETTLED
KOTAK202606043290264,429128405998,1891155,INR,2026-05-29T02:00:46.279Z,KOTAK,ORD-36CC689A6F2A,PENDING
KOTAK202606043729713,302067051344,603781,INR,2026-06-01T17:00:46.279Z,KOTAK,ORD-1013D0B0D9A3,SETTLED
KOTAK202606045112263,459816492804,618271,INR,2026-06-01T22:00:46.279Z,KOTAK,ORD-4BBA58287018,SETTLED
KOTAK202606040061941,456099241444,2702633,INR,2026-05-31T21:00:46.279Z,KOTAK,ORD-650936C07E9D,SETTLED
KOTAK202606046385258,722527454999,215594,INR,2026-05-29T03:00:46.279Z,KOTAK,ORD-1041E822E0A5,SETTLED
KOTAK202606042624201,034248043358,3463929,INR,2026-06-02T06:00:46.279Z,KOTAK,ORD-ECBEF93E347F,SETTLED
KOTAK202606041488950,739454081310,3768223,INR,2026-05-29T11:00:46.279Z,KOTAK,ORD-DFB296D7F168,SETTLED
KOTAK202606045215445,084491807228,2893524,INR,2026-06-04T18:00:46.279Z,KOTAK,ORD-859B26CF801F,SETTLED
KOTAK202606045523138,631053275606,1792882,INR,2026-06-01T06:00:46.279Z,KOTAK,ORD-B0A4EA13FC46,SETTLED
KOTAK202606047423791,870978333241,499812,INR,2026-06-04T08:00:46.279Z,KOTAK,ORD-060FB8F37D88,SETTLED
KOTAK202606047143183,770834033146,2859769,INR,2026-06-03T14:00:46.279Z,KOTAK,ORD-332056F90FC9,SETTLED
KOTAK202606043550533,438480480078,4840117,INR,2026-05-30T18:00:46.279Z,KOTAK,ORD-B8C13914D296,SETTLED
KOTAK202606045672036,558717058234,1009037,INR,2026-06-02T08:00:46.279Z,KOTAK,ORD-70C851661E0B,SETTLED
KOTAK202606048347775,323919685611,4725943,INR,2026-05-31T12:00:46.279Z,KOTAK,ORD-E8807BE9BDCA,SETTLED
KOTAK202606049862666,129226370429,3231284,INR,2026-05-29T16:00:46.279Z,KOTAK,ORD-5FB01C69D6E7,SETTLED
KOTAK202606045424828,683522843808,3147422,INR,2026-05-31T06:00:46.279Z,KOTAK,ORD-12F69E6DE10B,SETTLED
KOTAK202606042284690,760018633605,4314874,INR,2026-06-01T19:00:46.279Z,KOTAK,ORD-F7DC39503562,SETTLED
KOTAK202606049450048,477612282257,3061185,INR,2026-05-31T06:00:46.279Z,KOTAK,ORD-DA85F347605F,SETTLED
KOTAK202606046159459,314034492538,4115401,INR,2026-05-30T14:00:46.279Z,KOTAK,ORD-5A9D5DB0EA8B,SETTLED
KOTAK202606046604283,070010524530,2193159,INR,2026-06-02T18:00:46.279Z,KOTAK,ORD-F4430F84D6EC,SETTLED
KOTAK202606044034003,582393293565,2178949,INR,2026-06-03T08:00:46.279Z,KOTAK,ORD-AE632DBFBA3C,SETTLED
KOTAK202606044703849,771173490449,206526,INR,2026-05-30T19:00:46.279Z,KOTAK,ORD-41684685313A,SETTLED
KOTAK202606045771691,002055295421,2241956,INR,2026-06-01T00:00:46.279Z,KOTAK,ORD-FA65A74825AB,SETTLED
KOTAK202606045713859,095519293745,3892014,INR,2026-06-01T15:00:46.279Z,KOTAK,ORD-F47A411615CE,SETTLED
KOTAK202606044162199,722604510401,3346560,INR,2026-05-31T07:00:46.279Z,KOTAK,ORD-C0C48837C381,SETTLED
KOTAK202606049704265,863694726495,3590573,INR,2026-06-02T23:00:46.279Z,KOTAK,ORD-728DCEEE51E7,PENDING
KOTAK202606041770286,054259555361,2508442,INR,2026-05-29T18:00:46.279Z,KOTAK,ORD-34C519B0A548,SETTLED
KOTAK202606046308719,443724018371,3886690,INR,2026-06-04T11:00:46.279Z,KOTAK,ORD-A5F4E26108D0,SETTLED
KOTAK202606046164666,973963429600,299987,INR,2026-06-03T15:00:46.279Z,KOTAK,ORD-D8510A6D03B7,SETTLED
KOTAK202606044396634,844306097251,2540173,INR,2026-06-03T23:00:46.279Z,KOTAK,ORD-F5CB14C6641F,SETTLED
KOTAK202606045699920,544075904284,3938244,INR,2026-05-31T12:00:46.279Z,KOTAK,ORD-F2D19F4ED423,SETTLED
KOTAK202606042480233,026284677096,3409935,INR,2026-06-01T20:00:46.279Z,KOTAK,ORD-CBCA27B99559,SETTLED
KOTAK202606046922177,904055865670,703730,INR,2026-06-03T10:00:46.279Z,KOTAK,ORD-83076D045583,SETTLED
KOTAK202606041732237,845439021813,421251,INR,2026-05-29T09:00:46.279Z,KOTAK,ORD-DC0040F88085,SETTLED
KOTAK202606048430064,665802791311,4791831,INR,2026-06-02T04:00:46.279Z,KOTAK,ORD-0AA9E0C5FA2A,SETTLED
KOTAK202606047147213,314579142103,1566018,INR,2026-06-02T18:00:46.279Z,KOTAK,ORD-11260DC4900C,PENDING
KOTAK202606040871610,396502551412,2257378,INR,2026-05-30T07:00:46.279Z,KOTAK,ORD-4C315F04718C,SETTLED
KOTAK202606042423220,812394296283,2984459,INR,2026-05-30T06:00:46.279Z,KOTAK,ORD-440D714C5BDA,PENDING
KOTAK202606048745101,931170728604,4293158,INR,2026-05-29T17:00:46.279Z,KOTAK,ORD-5F62AF26CEE7,SETTLED
KOTAK202606047764651,129037926081,2690215,INR,2026-06-04T18:00:46.279Z,KOTAK,ORD-1C1E46A6D40F,SETTLED
KOTAK202606043918338,820568417040,590757,INR,2026-05-31T09:00:46.279Z,KOTAK,ORD-66221A1DFEC0,SETTLED
KOTAK202606043297459,720223187851,4455397,INR,2026-06-03T00:00:46.279Z,KOTAK,ORD-78BCD25BDB04,SETTLED
KOTAK202606046552729,401985134037,2043341,INR,2026-05-29T01:00:46.279Z,KOTAK,ORD-4EA0EC4E2BD4,SETTLED
KOTAK202606047259271,204068706193,4225085,INR,2026-05-28T20:00:46.279Z,KOTAK,ORD-BAF03279A373,SETTLED
KOTAK202606047752661,711652070113,3125690,INR,2026-06-03T20:00:46.279Z,KOTAK,ORD-5CDC23FBA5B6,SETTLED
KOTAK202606047447544,335913598318,2284252,INR,2026-05-30T19:00:46.279Z,KOTAK,ORD-CF97B7775156,SETTLED
KOTAK202606044211442,264315227128,1412771,INR,2026-06-01T06:00:46.279Z,KOTAK,ORD-57D992ECDEB6,SETTLED
KOTAK202606045673862,764487114342,2065306,INR,2026-06-04T18:00:46.279Z,KOTAK,ORD-78668852F3F8,PENDING
KOTAK202606043034218,037996204766,3930224,INR,2026-06-02T14:00:46.279Z,KOTAK,ORD-0FCD305760ED,SETTLED
KOTAK202606049981701,179203738039,4792887,INR,2026-06-02T09:00:46.279Z,KOTAK,ORD-4AF0F8056BD8,SETTLED
KOTAK202606043638571,605672275927,2546632,INR,2026-06-02T11:00:46.279Z,KOTAK,ORD-DF84476DCF5E,SETTLED
KOTAK202606045758889,115673968533,4811295,INR,2026-06-01T20:00:46.279Z,KOTAK,ORD-DBFA5BED843C,SETTLED
KOTAK202606047477287,966461464923,2741921,INR,2026-05-31T08:00:46.279Z,KOTAK,ORD-029F1B44A653,SETTLED
KOTAK202606042212293,256384851594,207350,INR,2026-06-04T09:00:46.279Z,KOTAK,ORD-9C9BE4C6D4B4,SETTLED
KOTAK202606044947421,647873971303,1853427,INR,2026-05-31T01:00:46.279Z,KOTAK,ORD-05C1E0630BD9,SETTLED
KOTAK202606048674602,046566978557,4834029,INR,2026-06-01T22:00:46.279Z,KOTAK,ORD-2CA48CB86075,SETTLED
KOTAK202606041001155,903272923346,1993551,INR,2026-05-30T04:00:46.279Z,KOTAK,ORD-3A100FE5F99F,SETTLED
KOTAK202606048207577,478457250370,1784545,INR,2026-05-28T22:00:46.279Z,KOTAK,ORD-018266E8791E,SETTLED
KOTAK202606049074038,673507309597,1982622,INR,2026-05-29T18:00:46.279Z,KOTAK,ORD-D5724AF06D90,SETTLED
KOTAK202606046344395,070573830495,2377883,INR,2026-05-30T12:00:46.279Z,KOTAK,ORD-1FC2FC526AF8,SETTLED
KOTAK202606040717123,126797722629,1654516,INR,2026-05-29T11:00:46.279Z,KOTAK,ORD-B31294B4A73C,SETTLED
KOTAK202606043604520,549886222524,754133,INR,2026-05-29T02:00:46.280Z,KOTAK,ORD-3C3F3DC93E9F,SETTLED
KOTAK202606040255864,908533867476,2873513,INR,2026-05-28T19:00:46.280Z,KOTAK,ORD-F203CA14F1AB,SETTLED
KOTAK202606042743310,130438859006,3433765,INR,2026-05-29T11:00:46.280Z,KOTAK,ORD-A89E133AC94A,SETTLED
KOTAK202606046954022,198170222203,1857934,INR,2026-06-01T19:00:46.280Z,KOTAK,ORD-157BCD6596BC,SETTLED
KOTAK202606045393375,676094266928,2479171,INR,2026-06-02T16:00:46.280Z,KOTAK,ORD-8A68CEA880D4,SETTLED
KOTAK202606042972400,619233641506,1535568,INR,2026-05-31T23:00:46.280Z,KOTAK,ORD-29E2A4DE6294,SETTLED
KOTAK202606049602010,185272777960,1897035,INR,2026-05-30T16:00:46.280Z,KOTAK,ORD-0E2F0F7E54BA,SETTLED
KOTAK202606047661508,935636799705,2190639,INR,2026-06-04T12:00:46.280Z,KOTAK,ORD-D2066FAD2FAF,SETTLED
KOTAK202606046531562,463788593842,3420948,INR,2026-06-04T05:00:46.280Z,KOTAK,ORD-84AA9DF3701C,SETTLED
KOTAK202606042973138,109709223889,2653269,INR,2026-06-02T19:00:46.280Z,KOTAK,ORD-60803E0387BB,SETTLED
KOTAK202606041821248,585553875338,4732451,INR,2026-06-03T16:00:46.280Z,KOTAK,ORD-2BD2534FB5A0,SETTLED
KOTAK202606048747915,104530932641,1995650,INR,2026-05-29T23:00:46.280Z,KOTAK,ORD-6D5A7768457A,SETTLED
KOTAK202606047385763,302750743569,850630,INR,2026-05-31T11:00:46.280Z,KOTAK,ORD-19E61707DAB0,SETTLED
KOTAK202606048150678,607769348576,3842814,INR,2026-05-31T05:00:46.280Z,KOTAK,ORD-C2F16C7DBE9E,SETTLED
KOTAK202606046383495,380426334163,4598631,INR,2026-05-29T12:00:46.280Z,KOTAK,ORD-13393BCCEEFB,SETTLED
KOTAK202606049699864,975861497500,2462855,INR,2026-06-02T16:00:46.280Z,KOTAK,ORD-CD70523841A2,SETTLED
KOTAK202606049938173,316490211399,3775466,INR,2026-05-30T07:00:46.280Z,KOTAK,ORD-9A95CC27CE01,SETTLED
KOTAK202606046302719,917788317045,2656885,INR,2026-06-03T18:00:46.280Z,KOTAK,ORD-6819F7DCF66D,SETTLED
KOTAK202606049125659,733586552885,3756554,INR,2026-05-31T21:00:46.280Z,KOTAK,ORD-965A8088DE62,SETTLED
KOTAK202606044971015,509962418628,1657259,INR,2026-06-03T14:00:46.280Z,KOTAK,ORD-2B3A0EF3A482,SETTLED
KOTAK202606049618029,913453120501,4955206,INR,2026-05-31T21:00:46.280Z,KOTAK,ORD-E2E8E20E00F0,SETTLED
KOTAK202606041490956,704216377170,2627318,INR,2026-05-31T15:00:46.280Z,KOTAK,ORD-027C7E2B715B,SETTLED
KOTAK202606042041471,820978231266,3138481,INR,2026-06-02T08:00:46.280Z,KOTAK,ORD-C3DBACB002B9,SETTLED
KOTAK202606042012230,872691289007,3641221,INR,2026-06-04T17:00:46.280Z,KOTAK,ORD-044FA43354A9,SETTLED
KOTAK202606046191553,768737580629,1456394,INR,2026-05-31T16:00:46.280Z,KOTAK,ORD-3CF8FA15E50C,SETTLED
KOTAK202606041317946,740308219738,3718930,INR,2026-06-03T21:00:46.280Z,KOTAK,ORD-CA045863A588,SETTLED
KOTAK202606042869707,024391819538,2831456,INR,2026-05-31T11:00:46.280Z,KOTAK,ORD-2F02AA3BA9CF,SETTLED
KOTAK202606048824994,649791672149,3515816,INR,2026-06-01T04:00:46.280Z,KOTAK,ORD-89F5B05F9010,SETTLED
KOTAK202606045353038,552872875460,4115858,INR,2026-06-01T10:00:46.280Z,KOTAK,ORD-7A28043C6D9A,SETTLED
KOTAK202606044303150,834020960956,2410597,INR,2026-05-30T08:00:46.280Z,KOTAK,ORD-F3F0F753B823,SETTLED
KOTAK202606049043619,901865545954,3761413,INR,2026-06-04T17:00:46.280Z,KOTAK,ORD-1F0233B684CD,SETTLED
KOTAK202606043171119,117652644400,301192,INR,2026-06-04T00:00:46.280Z,KOTAK,ORD-EDB351177073,SETTLED
KOTAK202606046270613,108196653244,76638,INR,2026-05-30T11:00:46.280Z,KOTAK,ORD-00500C9788FB,SETTLED
KOTAK202606046064075,142747454639,4558473,INR,2026-06-04T07:00:46.280Z,KOTAK,ORD-397D3AD29AEA,SETTLED
KOTAK202606046816710,102223116966,345025,INR,2026-06-04T13:00:46.280Z,KOTAK,ORD-14CEAC1F9971,SETTLED
KOTAK202606045714194,691242193367,4588687,INR,2026-05-30T14:00:46.280Z,KOTAK,ORD-1A24ED2ADD54,SETTLED
KOTAK202606047239539,910227772906,3145827,INR,2026-06-03T02:00:46.280Z,KOTAK,ORD-B4963920D21C,SETTLED
KOTAK202606047492168,210083834068,2958236,INR,2026-05-28T19:00:46.280Z,KOTAK,ORD-554DB78D434C,SETTLED
KOTAK202606040322860,097110750488,1662615,INR,2026-06-01T00:00:46.280Z,KOTAK,ORD-A6C895B6F99C,SETTLED
KOTAK202606049379336,086403523303,1367825,INR,2026-05-28T22:00:46.280Z,KOTAK,ORD-8A6BEA18BDE4,SETTLED
KOTAK202606047168348,545528888893,3088754,INR,2026-06-03T04:00:46.280Z,KOTAK,ORD-CBD6A0C94671,SETTLED
KOTAK202606048006218,083377646234,942249,INR,2026-06-01T03:00:46.280Z,KOTAK,ORD-028E4F179075,PENDING
KOTAK202606041828370,729719469733,2452320,INR,2026-06-02T05:00:46.280Z,KOTAK,ORD-D39A67D9E552,SETTLED
KOTAK202606044655166,212988596479,80508,INR,2026-06-02T02:00:46.280Z,KOTAK,ORD-B58C212C9F59,SETTLED
KOTAK202606047398221,829011821926,2496660,INR,2026-05-30T14:00:46.280Z,KOTAK,ORD-AF6725247456,SETTLED
KOTAK202606040852436,761123962061,4364526,INR,2026-05-31T04:00:46.280Z,KOTAK,ORD-75978BC2ACD3,SETTLED
KOTAK202606049402488,024719867937,1621231,INR,2026-06-03T23:00:46.280Z,KOTAK,ORD-610E903EA14F,SETTLED
KOTAK202606040280410,476441342135,3035588,INR,2026-05-30T08:00:46.280Z,KOTAK,ORD-6BEB74F2CAB2,SETTLED
KOTAK202606040494398,065574677487,3058788,INR,2026-06-02T01:00:46.280Z,KOTAK,ORD-7D53E30F7685,SETTLED
KOTAK202606044122740,888049236879,3695262,INR,2026-05-30T03:00:46.280Z,KOTAK,ORD-734813AEAD8F,SETTLED
KOTAK202606042714800,749177771646,4584807,INR,2026-06-02T01:00:46.280Z,KOTAK,ORD-6E395304F07B,SETTLED
KOTAK202606046945096,538189630811,2434872,INR,2026-05-30T13:00:46.280Z,KOTAK,ORD-ED3A2A6F1255,SETTLED
KOTAK202606043575140,648092837140,2198856,INR,2026-06-03T12:00:46.280Z,KOTAK,ORD-B3C3B7B542B9,SETTLED
KOTAK202606040967944,792902635802,87790,INR,2026-05-31T21:00:46.280Z,KOTAK,ORD-95687022EE5F,SETTLED
KOTAK202606047937164,600798232712,4636655,INR,2026-05-31T06:00:46.280Z,KOTAK,ORD-59C58297A915,SETTLED
KOTAK202606044736511,072713030495,1602343,INR,2026-05-30T20:00:46.280Z,KOTAK,ORD-748AA53C9320,SETTLED
KOTAK202606041945910,178366985527,4975531,INR,2026-06-04T10:00:46.280Z,KOTAK,ORD-EB2D55101458,SETTLED
KOTAK202606049610013,665058578376,4315538,INR,2026-05-29T01:00:46.280Z,KOTAK,ORD-067A671E848E,SETTLED
KOTAK202606048659511,630776032669,4946868,INR,2026-06-01T11:00:46.280Z,KOTAK,ORD-32D10F9E78F3,SETTLED
KOTAK202606047449887,446937817293,494067,INR,2026-06-04T12:00:46.280Z,KOTAK,ORD-BF5E71371040,SETTLED
KOTAK202606044479343,001151640095,1729514,INR,2026-06-01T12:00:46.280Z,KOTAK,ORD-6E9C92F9122D,SETTLED
KOTAK202606048204225,539400906570,3508899,INR,2026-06-02T07:00:46.280Z,KOTAK,ORD-41F2307729ED,SETTLED
KOTAK202606043477611,118847878260,743980,INR,2026-05-29T16:00:46.280Z,KOTAK,ORD-AE6B1841E421,SETTLED
KOTAK202606041781698,489722166830,2651505,INR,2026-06-04T11:00:46.280Z,KOTAK,ORD-2BD2847915B4,PENDING
KOTAK202606042549514,203538711979,166959,INR,2026-05-30T00:00:46.280Z,KOTAK,ORD-2FC1666D43DF,PENDING
KOTAK202606042786897,141437217842,3229282,INR,2026-06-03T03:00:46.280Z,KOTAK,ORD-A4F737D16582,SETTLED
KOTAK202606042356084,803320424315,2352162,INR,2026-05-29T21:00:46.280Z,KOTAK,ORD-071C6DF3B420,SETTLED
KOTAK202606048852871,418595487418,4607733,INR,2026-06-03T00:00:46.280Z,KOTAK,ORD-075D1089AE5F,SETTLED
KOTAK202606040713057,651446943075,223612,INR,2026-06-02T22:00:46.280Z,KOTAK,ORD-E7A784B64569,SETTLED
KOTAK202606045134374,011981738959,2322373,INR,2026-06-03T19:00:46.280Z,KOTAK,ORD-B01CE495429D,SETTLED
KOTAK202606041935633,670804949182,2062851,INR,2026-05-30T17:00:46.280Z,KOTAK,ORD-5E6D2BE03949,SETTLED
KOTAK202606042991093,459795775386,12500,INR,2026-05-30T03:00:46.280Z,KOTAK,ORD-195BCA5A9565,SETTLED
KOTAK202606045184159,023125537183,1485502,INR,2026-06-04T17:00:46.280Z,KOTAK,ORD-C02029014320,SETTLED
KOTAK202606046359526,937083099315,2346849,INR,2026-06-04T17:00:46.280Z,KOTAK,ORD-D2F84EA838A8,SETTLED
KOTAK202606046362495,120560715496,2504421,INR,2026-06-03T06:00:46.280Z,KOTAK,ORD-2CDD134BEC5A,SETTLED
KOTAK202606045979676,078868299174,1941289,INR,2026-06-01T07:00:46.280Z,KOTAK,ORD-7A49299488CE,SETTLED
KOTAK202606046828359,159822848690,4530500,INR,2026-06-04T06:00:46.280Z,KOTAK,ORD-6B2236011F1D,SETTLED
KOTAK202606045596547,922536741108,1058665,INR,2026-06-04T04:00:46.280Z,KOTAK,ORD-0588E4636904,SETTLED
KOTAK202606042853320,627995192851,1671870,INR,2026-06-01T13:00:46.280Z,KOTAK,ORD-6C47F6A38311,SETTLED
KOTAK202606045532410,903653009385,1035937,INR,2026-06-04T01:00:46.280Z,KOTAK,ORD-5BA93F3D379F,SETTLED
KOTAK202606047469372,651460931328,2839307,INR,2026-05-30T18:00:46.280Z,KOTAK,ORD-A0C444D2F277,SETTLED
KOTAK202606048054172,428719306558,4957723,INR,2026-05-31T22:00:46.280Z,KOTAK,ORD-D86F1DEBEFA2,SETTLED
KOTAK202606045333123,070450711195,4710976,INR,2026-05-29T00:00:46.280Z,KOTAK,ORD-198501041766,SETTLED
KOTAK202606047980442,016602562145,560798,INR,2026-05-30T12:00:46.280Z,KOTAK,ORD-E0FCE757602D,SETTLED
KOTAK202606049908170,213410789076,4029093,INR,2026-05-28T20:00:46.280Z,KOTAK,ORD-6D0E64A8381B,PENDING
KOTAK202606040181035,121024379110,526276,INR,2026-05-31T12:00:46.280Z,KOTAK,ORD-D21FCFEB9E37,SETTLED
KOTAK202606040119376,926206984918,3642279,INR,2026-05-31T19:00:46.280Z,KOTAK,ORD-2E3DFCD7177A,SETTLED
KOTAK202606042232757,513186804493,4060645,INR,2026-05-29T20:00:46.280Z,KOTAK,ORD-8027BEC570B2,SETTLED
KOTAK202606048193846,802616247894,1456059,INR,2026-06-01T17:00:46.280Z,KOTAK,ORD-5F65FB378809,SETTLED
KOTAK202606046743956,031739379902,1986654,INR,2026-05-29T22:00:46.280Z,KOTAK,ORD-FEFE88CFF0CF,SETTLED
KOTAK202606042345146,604659776617,213315,INR,2026-05-29T15:00:46.280Z,KOTAK,ORD-FC12806B8A28,SETTLED
KOTAK202606047986062,679269424598,2011060,INR,2026-06-03T13:00:46.280Z,KOTAK,ORD-8C4D00FCF674,SETTLED
KOTAK202606044471968,690116993877,1060402,INR,2026-05-30T10:00:46.280Z,KOTAK,ORD-E347CEBFB753,SETTLED
KOTAK202606047443707,472735891172,3312683,INR,2026-06-01T15:00:46.280Z,KOTAK,ORD-E3126CA236B0,SETTLED
KOTAK202606040606868,095662334414,1902772,INR,2026-05-31T06:00:46.280Z,KOTAK,ORD-B43BD9EA8BEC,SETTLED
KOTAK202606041880129,840643594421,448775,INR,2026-05-31T01:00:46.280Z,KOTAK,ORD-D4913BC97D75,SETTLED
KOTAK202606045802833,307685343433,510603,INR,2026-05-31T14:00:46.280Z,KOTAK,ORD-9DE403B7BF9C,SETTLED
KOTAK202606048037400,559616085425,572077,INR,2026-05-31T00:00:46.280Z,KOTAK,ORD-B2EDBB136941,SETTLED
KOTAK202606040470869,322728652642,3147503,INR,2026-05-31T12:00:46.281Z,KOTAK,ORD-15CBCA3D6A63,PENDING
KOTAK202606048507809,292635510290,3924124,INR,2026-06-01T12:00:46.281Z,KOTAK,ORD-6A847B64D755,SETTLED
KOTAK202606049538582,960591755339,1418076,INR,2026-06-01T08:00:46.281Z,KOTAK,ORD-78E27C37C1CA,SETTLED
KOTAK202606049593220,861417727315,3262650,INR,2026-06-04T14:00:46.281Z,KOTAK,ORD-6556B2329EEF,SETTLED
KOTAK202606041982112,118268976573,4373349,INR,2026-05-31T01:00:46.281Z,KOTAK,ORD-14553C575D91,SETTLED
KOTAK202606044637787,339367835364,1391310,INR,2026-05-31T16:00:46.281Z,KOTAK,ORD-DCA10E4ED8E9,SETTLED
KOTAK202606045799192,317732290376,85654,INR,2026-05-28T21:00:46.281Z,KOTAK,ORD-4DB239644433,SETTLED
KOTAK202606041936035,320124577198,2812983,INR,2026-05-29T22:00:46.281Z,KOTAK,ORD-F8A61787EA82,SETTLED
KOTAK202606049825846,330206478544,539358,INR,2026-05-29T19:00:46.281Z,KOTAK,ORD-B830F1A321EE,SETTLED
KOTAK202606044528723,258209993851,1703072,INR,2026-06-04T05:00:46.281Z,KOTAK,ORD-D23739FBFEC7,SETTLED
KOTAK202606044432027,964087249381,4604285,INR,2026-05-28T19:00:46.281Z,KOTAK,ORD-E6B3B210C6C3,SETTLED
KOTAK202606045137542,140233672408,1517403,INR,2026-06-01T20:00:46.281Z,KOTAK,ORD-F8FB603A3A8A,SETTLED
KOTAK202606042285624,465151085089,2688034,INR,2026-05-29T01:00:46.281Z,KOTAK,ORD-7E561D83E910,SETTLED
KOTAK202606041654324,803002890792,1521450,INR,2026-06-01T18:00:46.281Z,KOTAK,ORD-794B57E3D72E,SETTLED
KOTAK202606040743348,562264608048,2623157,INR,2026-05-29T23:00:46.281Z,KOTAK,ORD-906D0A929F7D,SETTLED
KOTAK202606048137500,995598863322,437000,INR,2026-06-04T17:00:46.281Z,KOTAK,ORD-8DB313FC8DC5,SETTLED
KOTAK202606047292853,575078874059,1567779,INR,2026-06-04T16:00:46.281Z,KOTAK,ORD-AD2FEDEF3D29,PENDING
KOTAK202606041727612,769873133639,2541896,INR,2026-05-30T01:00:46.281Z,KOTAK,ORD-0B591050DED0,SETTLED
KOTAK202606043587382,021355749845,479803,INR,2026-06-01T12:00:46.281Z,KOTAK,ORD-ABB0A47197E4,SETTLED
KOTAK202606047778230,886816337922,3838223,INR,2026-06-03T12:00:46.281Z,KOTAK,ORD-6F588A5FD5C1,SETTLED
KOTAK202606048846538,469186154826,372046,INR,2026-06-02T04:00:46.281Z,KOTAK,ORD-A4A670B17B33,SETTLED
KOTAK202606044718727,704809066299,2946399,INR,2026-05-28T22:00:46.281Z,KOTAK,ORD-D769039A2FFB,SETTLED
KOTAK202606045131583,987878660474,3210694,INR,2026-06-02T13:00:46.281Z,KOTAK,ORD-CE41AE38E8CD,SETTLED
KOTAK202606041251074,389678300928,2124858,INR,2026-06-02T10:00:46.281Z,KOTAK,ORD-D13E63C4F655,SETTLED
KOTAK202606044515856,922088571748,74652,INR,2026-06-03T14:00:46.281Z,KOTAK,ORD-361D9B29C2E9,SETTLED
KOTAK202606046855444,381221141503,4611640,INR,2026-05-31T00:00:46.281Z,KOTAK,ORD-1D1A4C36DBD6,SETTLED
KOTAK202606042424727,864985211974,286137,INR,2026-06-04T13:00:46.281Z,KOTAK,ORD-57F1AFF3FBA6,SETTLED
KOTAK202606044356150,065872602681,1928485,INR,2026-05-30T10:00:46.281Z,KOTAK,ORD-E0F1EDD072D6,SETTLED
KOTAK202606044722833,226516071010,2474768,INR,2026-05-28T21:00:46.281Z,KOTAK,ORD-259F4040D18E,SETTLED
KOTAK202606044621028,168801016876,1011598,INR,2026-05-30T05:00:46.281Z,KOTAK,ORD-A01138B8299C,SETTLED
KOTAK202606040552261,307168473731,295096,INR,2026-05-29T13:00:46.281Z,KOTAK,ORD-72CE6AB26B38,SETTLED
KOTAK202606049783096,944299073607,4720245,INR,2026-06-02T11:00:46.281Z,KOTAK,ORD-19849B57EED7,PENDING
KOTAK202606040889567,268284960961,1417003,INR,2026-06-01T23:00:46.281Z,KOTAK,ORD-FB1F5540C829,SETTLED
KOTAK202606046226109,612758142585,868791,INR,2026-05-29T19:00:46.281Z,KOTAK,ORD-D8345048D359,SETTLED
KOTAK202606040839296,720723510777,2852379,INR,2026-05-30T10:00:46.281Z,KOTAK,ORD-403A567771F2,SETTLED
KOTAK202606047917431,624898205685,702707,INR,2026-05-31T22:00:46.281Z,KOTAK,ORD-0301F52E1926,SETTLED
KOTAK202606047712245,537705741618,3239129,INR,2026-06-01T01:00:46.281Z,KOTAK,ORD-7F6494D67652,SETTLED
KOTAK202606044627498,017316151697,4181976,INR,2026-06-01T21:00:46.281Z,KOTAK,ORD-6E08FEF058F3,SETTLED
KOTAK202606041713300,094761988932,3514107,INR,2026-05-29T07:00:46.281Z,KOTAK,ORD-745EDE0D0623,SETTLED
KOTAK202606048941611,937952361463,4116177,INR,2026-05-28T21:00:46.281Z,KOTAK,ORD-DC34E4A6EB9A,SETTLED
KOTAK202606041308199,090216673614,3530233,INR,2026-05-30T17:00:46.281Z,KOTAK,ORD-84C9744A6201,SETTLED
KOTAK202606046756538,624529695849,1650923,INR,2026-06-02T10:00:46.281Z,KOTAK,ORD-E3822E2B698A,SETTLED
KOTAK202606043828608,912505940834,4582200,INR,2026-06-04T15:00:46.281Z,KOTAK,ORD-100052AFC3A6,PENDING
KOTAK202606048719222,772575511843,535427,INR,2026-06-04T00:00:46.281Z,KOTAK,ORD-5FFC06023309,SETTLED
KOTAK202606040367654,867464555099,4560362,INR,2026-05-30T13:00:46.281Z,KOTAK,ORD-54EA0D0B10F0,SETTLED
KOTAK202606048779223,149153946531,1130038,INR,2026-05-29T01:00:46.281Z,KOTAK,ORD-16E283D9BBEB,SETTLED
KOTAK202606044078124,714036513844,810007,INR,2026-05-29T20:00:46.281Z,KOTAK,ORD-A978069BFF0D,PENDING
KOTAK202606047356413,790854150437,4127450,INR,2026-05-31T21:00:46.281Z,KOTAK,ORD-A85B8C44D787,SETTLED
KOTAK202606040695850,755955284107,3999018,INR,2026-06-02T00:00:46.281Z,KOTAK,ORD-196C7FAE67BD,SETTLED
KOTAK202606047954460,779721193728,2531687,INR,2026-05-29T15:00:46.281Z,KOTAK,ORD-637637E0DE9B,SETTLED
KOTAK202606046738985,958956709364,4011214,INR,2026-06-02T06:00:46.281Z,KOTAK,ORD-F394F0EBAEA3,SETTLED
KOTAK202606042057582,408544865611,3623458,INR,2026-06-03T08:00:46.281Z,KOTAK,ORD-B1B2D0DA9EDE,SETTLED
KOTAK202606044697452,877584208611,804523,INR,2026-06-01T12:00:46.281Z,KOTAK,ORD-DE4963AA75A6,SETTLED
KOTAK202606041447715,085735884184,1019087,INR,2026-05-29T06:00:46.281Z,KOTAK,ORD-11E06E28EB72,SETTLED
KOTAK202606042188723,402013734531,3232097,INR,2026-06-01T13:00:46.281Z,KOTAK,ORD-F53353A9EF60,PENDING
KOTAK202606046790446,965183895495,219446,INR,2026-06-03T06:00:46.281Z,KOTAK,ORD-4339D5BD5EE7,SETTLED
KOTAK202606043183653,933344646907,2369686,INR,2026-06-01T02:00:46.281Z,KOTAK,ORD-393FDB975122,SETTLED
KOTAK202606041626885,731354887017,3163559,INR,2026-06-04T05:00:46.281Z,KOTAK,ORD-3AB2D1235C3E,SETTLED
KOTAK202606041396867,169160195429,4382419,INR,2026-05-29T11:00:46.281Z,KOTAK,ORD-306D4C861A60,SETTLED
KOTAK202606049540955,191418047330,708450,INR,2026-06-04T16:00:46.281Z,KOTAK,ORD-ECEDB1F2D895,SETTLED
KOTAK202606043621251,091631191927,4572423,INR,2026-05-31T09:00:46.281Z,KOTAK,ORD-7FE774105140,SETTLED
KOTAK202606043292328,902155144170,2168752,INR,2026-06-03T16:00:46.281Z,KOTAK,ORD-C4B23EF37FD1,SETTLED
KOTAK202606045916201,875366137609,2012843,INR,2026-05-29T13:00:46.281Z,KOTAK,ORD-A3C109EC4BBC,SETTLED
KOTAK202606047381931,813873607292,1753942,INR,2026-05-30T22:00:46.281Z,KOTAK,ORD-946D0E3384EE,PENDING
KOTAK202606044417085,317057747723,3208830,INR,2026-06-04T04:00:46.281Z,KOTAK,ORD-8C6D411153A8,SETTLED
KOTAK202606044443857,363619273002,2607872,INR,2026-06-01T12:00:46.281Z,KOTAK,ORD-C08BED01EEEB,SETTLED
KOTAK202606043609684,508987539114,607132,INR,2026-05-30T10:00:46.281Z,KOTAK,ORD-B248810F0CA5,SETTLED
KOTAK202606042100339,993257630449,3802629,INR,2026-06-03T06:00:46.281Z,KOTAK,ORD-047487413D96,SETTLED
KOTAK202606045669861,074131919921,1849180,INR,2026-05-30T21:00:46.281Z,KOTAK,ORD-B40C490882CA,SETTLED
KOTAK202606042025610,717557338648,3536574,INR,2026-05-29T17:00:46.281Z,KOTAK,ORD-E90178AFC01A,SETTLED
KOTAK202606049949411,825420387503,2560736,INR,2026-05-31T02:00:46.281Z,KOTAK,ORD-8FABD9C220F5,SETTLED
KOTAK202606041082551,316823936445,4251672,INR,2026-06-03T09:00:46.281Z,KOTAK,ORD-3105D3E4E842,SETTLED
KOTAK202606043462214,659820374472,4047678,INR,2026-06-04T14:00:46.281Z,KOTAK,ORD-A11045BEC631,SETTLED
KOTAK202606042999426,787085609216,396292,INR,2026-05-30T00:00:46.281Z,KOTAK,ORD-A21AA379C979,PENDING
KOTAK202606047117256,203349772964,826400,INR,2026-05-31T09:00:46.281Z,KOTAK,ORD-0625768FE7BE,SETTLED
KOTAK202606048354642,400858841727,4019043,INR,2026-05-31T01:00:46.281Z,KOTAK,ORD-99296C657448,SETTLED
KOTAK202606044240580,893581562727,2815636,INR,2026-05-29T21:00:46.281Z,KOTAK,ORD-A05739C2A1BD,SETTLED
KOTAK202606049417357,932479812616,4961424,INR,2026-06-01T01:00:46.281Z,KOTAK,ORD-B8F5A893421C,SETTLED
KOTAK202606040035532,866512828496,860621,INR,2026-06-04T07:00:46.281Z,KOTAK,ORD-0A0871A4C7E4,SETTLED
KOTAK202606043605727,057719086055,2931072,INR,2026-06-03T14:00:46.281Z,KOTAK,ORD-CAFA99490D09,SETTLED
KOTAK202606043958952,186122697422,4471334,INR,2026-06-03T14:00:46.281Z,KOTAK,ORD-2EA470B7D044,SETTLED
KOTAK202606046870469,427961776770,2542124,INR,2026-05-30T03:00:46.281Z,KOTAK,ORD-F2448F7AAC7E,SETTLED
KOTAK202606046812061,012343171799,2522864,INR,2026-06-02T13:00:46.281Z,KOTAK,ORD-6996C5F822C8,SETTLED
KOTAK202606042279817,204058113204,2899849,INR,2026-06-02T05:00:46.281Z,KOTAK,ORD-A8A34B54967A,SETTLED
KOTAK202606042903122,483405997515,3836217,INR,2026-06-04T16:00:46.281Z,KOTAK,ORD-5FAC96720B91,SETTLED
KOTAK202606045038829,740031994709,4058263,INR,2026-05-31T19:00:46.281Z,KOTAK,ORD-71024F45D5CA,SETTLED
KOTAK202606042463791,959869708205,1748163,INR,2026-06-01T18:00:46.281Z,KOTAK,ORD-12B28EED177F,SETTLED
KOTAK202606043201879,867211819358,3031594,INR,2026-05-29T12:00:46.281Z,KOTAK,ORD-80D50AE92579,SETTLED
KOTAK202606048647365,424489004475,3550082,INR,2026-05-29T02:00:46.281Z,KOTAK,ORD-08A1238B40E6,SETTLED
KOTAK202606044150760,106575599466,810655,INR,2026-05-29T11:00:46.281Z,KOTAK,ORD-01589C82FC76,SETTLED
KOTAK202606046396055,766953883616,4407937,INR,2026-06-02T21:00:46.281Z,KOTAK,ORD-DB174A5EC2A3,SETTLED
KOTAK202606040397689,587462466528,4411676,INR,2026-06-01T21:00:46.281Z,KOTAK,ORD-AD25A69700ED,SETTLED
KOTAK202606047258492,408235715419,4677437,INR,2026-05-30T07:00:46.281Z,KOTAK,ORD-851E558B2365,SETTLED
KOTAK202606049555677,582278242383,2482269,INR,2026-06-04T03:00:46.281Z,KOTAK,ORD-24593655A33F,SETTLED
KOTAK202606049239082,091129107009,3660908,INR,2026-05-29T01:00:46.281Z,KOTAK,ORD-BDC5342FDF62,SETTLED
KOTAK202606042430982,501376062513,3141541,INR,2026-05-29T17:00:46.281Z,KOTAK,ORD-BCF506513ECE,SETTLED
KOTAK202606047252987,489570421530,304702,INR,2026-05-29T07:00:46.281Z,KOTAK,ORD-B11521B1181D,SETTLED
KOTAK202606040017982,485156615257,1827418,INR,2026-05-29T13:00:46.281Z,KOTAK,ORD-C9BB995D24B0,SETTLED
KOTAK202606041015950,042402022589,1077802,INR,2026-05-31T07:00:46.281Z,KOTAK,ORD-25E561A817C1,PENDING
KOTAK202606043800712,811450798644,3079252,INR,2026-05-30T09:00:46.281Z,KOTAK,ORD-69666BD600FC,SETTLED
KOTAK202606046088460,319611266761,3586562,INR,2026-06-02T05:00:46.281Z,KOTAK,ORD-59B9586201FD,SETTLED
KOTAK202606045187699,387773962377,2152298,INR,2026-05-30T08:00:46.281Z,KOTAK,ORD-48F4D31E1C97,SETTLED
KOTAK202606041921500,423396901297,4255464,INR,2026-05-29T20:00:46.281Z,KOTAK,ORD-506A9F2CCEE6,SETTLED
KOTAK202606042587882,814173851639,1821370,INR,2026-05-31T15:00:46.281Z,KOTAK,ORD-76C0132C23CE,SETTLED
KOTAK202606041909868,821568558826,3280568,INR,2026-05-29T09:00:46.281Z,KOTAK,ORD-591762B0B3E4,SETTLED
KOTAK202606040157361,412955341500,1977355,INR,2026-06-02T02:00:46.281Z,KOTAK,ORD-759228A8977C,SETTLED
KOTAK202606043354331,990659274251,948410,INR,2026-06-01T04:00:46.281Z,KOTAK,ORD-A67B4B898F58,SETTLED
KOTAK202606047238835,838005487061,776617,INR,2026-06-04T12:00:46.281Z,KOTAK,ORD-69FAAC621B6E,SETTLED
KOTAK202606048219557,792891780541,3420676,INR,2026-06-02T11:00:46.281Z,KOTAK,ORD-FE1054E63D89,SETTLED
KOTAK202606047996411,780157022537,1684270,INR,2026-06-03T00:00:46.281Z,KOTAK,ORD-E31419806FC8,SETTLED
KOTAK202606044901276,813508246069,3668180,INR,2026-06-04T03:00:46.281Z,KOTAK,ORD-0347DC09B169,SETTLED
KOTAK202606044356190,861462756184,3002848,INR,2026-06-04T05:00:46.281Z,KOTAK,ORD-C4ED1C457354,SETTLED
KOTAK202606044266362,667313494068,3866870,INR,2026-05-29T07:00:46.281Z,KOTAK,ORD-63B8E937650F,SETTLED
KOTAK202606047898221,696163938751,1831786,INR,2026-05-30T08:00:46.281Z,KOTAK,ORD-ECE9ECC555A5,SETTLED
KOTAK202606042412417,163305854854,490958,INR,2026-05-31T18:00:46.281Z,KOTAK,ORD-6FEFA83102C4,SETTLED
KOTAK202606047048441,361613619430,1701211,INR,2026-06-02T14:00:46.281Z,KOTAK,ORD-0DFC213E3930,SETTLED
KOTAK202606047349120,685347306013,3003385,INR,2026-06-04T15:00:46.281Z,KOTAK,ORD-6A9ADB685EAB,SETTLED
KOTAK202606046538091,756428965296,451435,INR,2026-06-03T16:00:46.281Z,KOTAK,ORD-C11B0ED1E5D6,SETTLED
KOTAK202606045038936,056046213404,4067873,INR,2026-05-29T14:00:46.281Z,KOTAK,ORD-0F194D7DD059,SETTLED
KOTAK202606049047986,197039307943,2316595,INR,2026-05-30T10:00:46.281Z,KOTAK,ORD-8493B632AFE9,SETTLED
KOTAK202606041796084,825032264076,3443818,INR,2026-06-01T22:00:46.281Z,KOTAK,ORD-4F79B2255AF6,SETTLED
KOTAK202606042275575,237673465352,3503024,INR,2026-06-02T00:00:46.281Z,KOTAK,ORD-062D740E80AB,SETTLED
KOTAK202606041701156,984658123278,828586,INR,2026-06-04T09:00:46.281Z,KOTAK,ORD-499735F8B2E2,SETTLED
KOTAK202606047846523,231631657266,1375606,INR,2026-05-30T12:00:46.281Z,KOTAK,ORD-A0E10CACB10D,SETTLED
KOTAK202606043514050,135572248870,4275739,INR,2026-06-03T03:00:46.281Z,KOTAK,ORD-CF00FA5659AA,SETTLED
KOTAK202606049480842,839610392122,3829572,INR,2026-06-02T08:00:46.281Z,KOTAK,ORD-5A111CB3EA48,SETTLED
KOTAK202606042645352,260433163363,3149311,INR,2026-06-03T02:00:46.281Z,KOTAK,ORD-48782E4236C5,SETTLED
KOTAK202606041267739,329410178128,1559947,INR,2026-06-01T00:00:46.281Z,KOTAK,ORD-29D95CF2301F,SETTLED
KOTAK202606043921492,419713609256,2043864,INR,2026-05-31T22:00:46.281Z,KOTAK,ORD-24C8BD49FA04,SETTLED
KOTAK202606040230611,042404188600,1926198,INR,2026-06-03T18:00:46.281Z,KOTAK,ORD-694B23FC6A52,SETTLED
KOTAK202606044183767,811090511398,2762578,INR,2026-05-31T20:00:46.281Z,KOTAK,ORD-290D9B0DAECD,SETTLED
KOTAK202606048994590,712409171321,545447,INR,2026-05-29T21:00:46.281Z,KOTAK,ORD-331A4004C426,SETTLED
KOTAK202606040385883,474423898107,4046707,INR,2026-05-30T05:00:46.281Z,KOTAK,ORD-45385DAED1B6,SETTLED
KOTAK202606048104187,213783804467,3275236,INR,2026-06-02T04:00:46.281Z,KOTAK,ORD-37DD8FD6B85A,SETTLED
KOTAK202606045890938,231457959125,1229384,INR,2026-05-31T01:00:46.281Z,KOTAK,ORD-424CF857F31B,SETTLED
KOTAK202606049241875,184159393762,4324130,INR,2026-06-04T02:00:46.281Z,KOTAK,ORD-671EC8310FD6,PENDING
KOTAK202606041133793,558648657339,4594510,INR,2026-06-03T08:00:46.281Z,KOTAK,ORD-6CDE02C73561,SETTLED
KOTAK202606044685706,210735386447,2924059,INR,2026-05-31T23:00:46.281Z,KOTAK,ORD-4BE1E56D3A7F,SETTLED
KOTAK202606041114753,422745628579,4006695,INR,2026-06-02T01:00:46.281Z,KOTAK,ORD-330BAACA51BC,SETTLED
KOTAK202606045071179,526478076837,466741,INR,2026-05-29T11:00:46.281Z,KOTAK,ORD-6B0B2A6C0795,SETTLED
KOTAK202606048515463,766269922621,155688,INR,2026-06-04T14:00:46.281Z,KOTAK,ORD-25E7B3EC7435,SETTLED
KOTAK202606045173657,301793090547,3865958,INR,2026-05-29T15:00:46.281Z,KOTAK,ORD-99AFEA77EF99,SETTLED
KOTAK202606048671967,509575586794,3062088,INR,2026-06-03T02:00:46.281Z,KOTAK,ORD-1617D806365D,SETTLED
KOTAK202606043321371,564850748439,4063487,INR,2026-06-04T12:00:46.281Z,KOTAK,ORD-3A32D4EF26FD,PENDING
KOTAK202606048338539,432505458498,4750084,INR,2026-06-02T06:00:46.281Z,KOTAK,ORD-F89FC2A2E46F,SETTLED
KOTAK202606049226559,034475367263,3062868,INR,2026-05-29T10:00:46.281Z,KOTAK,ORD-82C43BE078E4,SETTLED
KOTAK202606040979768,291505183174,2556812,INR,2026-06-04T17:00:46.282Z,KOTAK,ORD-858D7B49B7F0,SETTLED
KOTAK202606049003510,343408852974,3495807,INR,2026-05-30T12:00:46.282Z,KOTAK,ORD-E8C6C9BBE3F7,SETTLED
KOTAK202606048425471,536209034086,876398,INR,2026-06-02T07:00:46.282Z,KOTAK,ORD-7A1D56052C52,SETTLED
KOTAK202606049182534,142543583881,2813680,INR,2026-06-04T08:00:46.282Z,KOTAK,ORD-EFBF493B03BC,PENDING
KOTAK202606046250404,137119356618,871303,INR,2026-05-31T03:00:46.282Z,KOTAK,ORD-50E69454EBBD,SETTLED
KOTAK202606045513915,512200631730,1525327,INR,2026-05-30T22:00:46.282Z,KOTAK,ORD-DB85417824EF,SETTLED
KOTAK202606041531064,827609225088,3903980,INR,2026-06-02T13:00:46.282Z,KOTAK,ORD-DD2FD6A2F87D,SETTLED
KOTAK202606043213385,648550343695,1866862,INR,2026-06-02T08:00:46.282Z,KOTAK,ORD-82D5F17A4C7C,SETTLED
KOTAK202606048530086,333248458288,3020667,INR,2026-06-03T04:00:46.282Z,KOTAK,ORD-73FD7E57DCAE,SETTLED
KOTAK202606043000685,037539940038,4335097,INR,2026-06-01T08:00:46.282Z,KOTAK,ORD-02E46A6998AD,SETTLED
KOTAK202606043664137,941597717929,3368472,INR,2026-05-30T05:00:46.282Z,KOTAK,ORD-C3F98B60D70B,SETTLED
KOTAK202606040646875,119031928103,3267268,INR,2026-06-03T23:00:46.282Z,KOTAK,ORD-4A77A70FF57D,SETTLED
KOTAK202606047843316,342245340696,4341899,INR,2026-05-29T12:00:46.282Z,KOTAK,ORD-A4FB0F585799,SETTLED
KOTAK202606048253168,109579971256,689650,INR,2026-05-29T15:00:46.282Z,KOTAK,ORD-D60A1640F337,SETTLED
KOTAK202606046408116,889788816162,2671521,INR,2026-05-31T01:00:46.282Z,KOTAK,ORD-D52994957527,SETTLED
KOTAK202606049028508,284054989572,188623,INR,2026-06-03T09:00:46.282Z,KOTAK,ORD-240AFF6757BD,SETTLED
KOTAK202606044481130,225243572633,569281,INR,2026-05-30T07:00:46.282Z,KOTAK,ORD-51E420D82DEE,SETTLED
KOTAK202606042288811,069972526528,455349,INR,2026-05-31T13:00:46.282Z,KOTAK,ORD-AF5796BF66D4,SETTLED
KOTAK202606049842840,397148766729,3580342,INR,2026-05-29T10:00:46.282Z,KOTAK,ORD-23ED6D9E613E,SETTLED
KOTAK202606045020918,347794166144,2223193,INR,2026-05-31T08:00:46.282Z,KOTAK,ORD-35B392810757,SETTLED
KOTAK202606042956621,192259923999,1713050,INR,2026-05-31T09:00:46.282Z,KOTAK,ORD-074178387D33,SETTLED
KOTAK202606041555540,773504900688,2068396,INR,2026-05-31T11:00:46.282Z,KOTAK,ORD-0C08F91BBF14,SETTLED
KOTAK202606040120313,337008795701,3662049,INR,2026-06-03T00:00:46.282Z,KOTAK,ORD-910EC68D8645,SETTLED
KOTAK202606049028658,135746510185,2787828,INR,2026-05-30T23:00:46.282Z,KOTAK,ORD-61DEE9150375,PENDING
KOTAK202606047769706,843116649069,2554880,INR,2026-06-04T17:00:46.282Z,KOTAK,ORD-B84E4FB9B369,SETTLED
KOTAK202606041332110,893987053354,1337395,INR,2026-05-29T01:00:46.282Z,KOTAK,ORD-7C1F3D5CEACE,SETTLED
KOTAK202606045300310,884831801344,1185738,INR,2026-06-04T10:00:46.282Z,KOTAK,ORD-5B236E10B3B9,SETTLED
KOTAK202606046527884,170179581021,4385326,INR,2026-06-03T06:00:46.282Z,KOTAK,ORD-1FC4F29039D4,SETTLED
KOTAK202606046306164,491079024262,787917,INR,2026-05-29T07:00:46.282Z,KOTAK,ORD-43748FAA8AF4,SETTLED
KOTAK202606044924759,201736623342,499623,INR,2026-05-30T16:00:46.282Z,KOTAK,ORD-F99742083051,SETTLED
KOTAK202606044226924,169612754618,959030,INR,2026-05-31T09:00:46.282Z,KOTAK,ORD-2A06CA7581AB,SETTLED
KOTAK202606048764408,541038577413,3926936,INR,2026-05-30T17:00:46.282Z,KOTAK,ORD-82009CD66CE2,SETTLED
KOTAK202606044421233,187557497863,817544,INR,2026-05-29T04:00:46.282Z,KOTAK,ORD-16F35756E7BF,SETTLED
KOTAK202606049694914,886759081911,207958,INR,2026-05-31T12:00:46.282Z,KOTAK,ORD-0C6BFCE22436,SETTLED
KOTAK202606043958179,066177819935,2787082,INR,2026-05-30T07:00:46.282Z,KOTAK,ORD-1247D0137A88,PENDING
KOTAK202606040476726,927757135506,878276,INR,2026-05-31T03:00:46.282Z,KOTAK,ORD-3864779D2D1C,SETTLED
KOTAK202606046986176,994230755840,2787185,INR,2026-05-31T01:00:46.282Z,KOTAK,ORD-BA4B87A47F00,SETTLED
KOTAK202606044601605,555794869675,821003,INR,2026-05-31T23:00:46.282Z,KOTAK,ORD-9664E6F5EF84,SETTLED
KOTAK202606046850955,916447456265,81159,INR,2026-06-01T11:00:46.282Z,KOTAK,ORD-30ECB893108F,SETTLED
KOTAK202606045151782,982134191425,829444,INR,2026-05-29T20:00:46.282Z,KOTAK,ORD-48628DCBE560,SETTLED
KOTAK202606043364113,234493166306,2458832,INR,2026-06-03T03:00:46.282Z,KOTAK,ORD-FE93BD276E33,SETTLED
KOTAK202606041396991,519127165117,712563,INR,2026-06-02T20:00:46.282Z,KOTAK,ORD-B2C79927E2B4,SETTLED
KOTAK202606043944188,575983003560,1010995,INR,2026-05-31T23:00:46.282Z,KOTAK,ORD-4C39AF1FE0B8,SETTLED
KOTAK202606045628537,927875542372,2694245,INR,2026-05-29T13:00:46.282Z,KOTAK,ORD-ABD1A96A1E5F,SETTLED
KOTAK202606043431783,694184111457,4072515,INR,2026-05-31T13:00:46.282Z,KOTAK,ORD-3102965A9322,SETTLED
KOTAK202606043589703,290874315115,797091,INR,2026-06-04T09:00:46.282Z,KOTAK,ORD-88E1478F6176,SETTLED
KOTAK202606042547735,252392938088,1997627,INR,2026-06-04T05:00:46.282Z,KOTAK,ORD-B072216AB355,SETTLED
KOTAK202606041695562,451659433599,1840880,INR,2026-05-29T10:00:46.282Z,KOTAK,ORD-1B7DA86DE3FA,SETTLED
KOTAK202606040445399,405690423520,2751521,INR,2026-06-02T10:00:46.282Z,KOTAK,ORD-AAF47A9B09E0,PENDING
KOTAK202606042088504,876240827909,2185755,INR,2026-05-29T23:00:46.282Z,KOTAK,ORD-BF561AAB3E0C,PENDING
KOTAK202606040147051,026708606553,3693931,INR,2026-06-03T23:00:46.282Z,KOTAK,ORD-7717BEE40D3A,SETTLED
KOTAK202606042376432,710605122286,1851049,INR,2026-06-01T00:00:46.282Z,KOTAK,ORD-7CCFBC740303,SETTLED
KOTAK202606040530065,968134461629,608567,INR,2026-06-03T08:00:46.282Z,KOTAK,ORD-1014173B47C3,SETTLED
KOTAK202606042922934,471249287475,3980046,INR,2026-05-30T12:00:46.282Z,KOTAK,ORD-B91CC30EC80E,SETTLED
KOTAK202606042365206,668753553685,1928646,INR,2026-05-29T22:00:46.282Z,KOTAK,ORD-E9F0D12FF467,SETTLED
KOTAK202606041151685,462068688672,826565,INR,2026-05-30T14:00:46.282Z,KOTAK,ORD-3F4CF3C8F545,SETTLED
KOTAK202606041811785,267977445843,1287576,INR,2026-05-31T13:00:46.282Z,KOTAK,ORD-9EFE172D9630,SETTLED
KOTAK202606044482891,747903719086,4026547,INR,2026-05-29T12:00:46.282Z,KOTAK,ORD-B087763B3F3B,SETTLED
KOTAK202606044432754,537109131683,522032,INR,2026-05-31T04:00:46.282Z,KOTAK,ORD-E016D5E6CE70,SETTLED
KOTAK202606043159512,427343701775,1478512,INR,2026-05-29T16:00:46.282Z,KOTAK,ORD-5FC7631CA80C,SETTLED
KOTAK202606042650734,732106059259,1842525,INR,2026-06-04T15:00:46.282Z,KOTAK,ORD-300393C476F0,SETTLED
KOTAK202606042135468,232787158926,1543259,INR,2026-06-01T03:00:46.282Z,KOTAK,ORD-C85053AF8F7B,SETTLED
KOTAK202606041724685,182255381000,147970,INR,2026-06-01T00:00:46.282Z,KOTAK,ORD-E540EB318B75,SETTLED
KOTAK202606047022876,336533442077,3044105,INR,2026-06-04T18:00:46.282Z,KOTAK,ORD-086232A93918,SETTLED
KOTAK202606043139289,650005921858,1195047,INR,2026-05-30T16:00:46.282Z,KOTAK,ORD-D0E408E912AA,SETTLED
KOTAK202606043627673,575191923778,4213903,INR,2026-06-01T10:00:46.282Z,KOTAK,ORD-CC56283C8F56,SETTLED
KOTAK202606045273593,869361938964,1599919,INR,2026-05-29T04:00:46.282Z,KOTAK,ORD-D62E64DE8022,SETTLED
KOTAK202606040691966,921899579103,1460223,INR,2026-06-01T16:00:46.282Z,KOTAK,ORD-2848CE44E457,SETTLED
KOTAK202606047910362,392222631240,2654088,INR,2026-06-03T17:00:46.282Z,KOTAK,ORD-132D97888175,SETTLED
KOTAK202606042393031,012480211582,1648860,INR,2026-06-03T21:00:46.282Z,KOTAK,ORD-1281F48ED164,SETTLED
KOTAK202606043868847,112099066230,833125,INR,2026-05-31T15:00:46.282Z,KOTAK,ORD-F261823BF1D0,SETTLED
KOTAK202606044711870,254021703704,426288,INR,2026-05-31T16:00:46.282Z,KOTAK,ORD-2D0F8C789DE9,SETTLED
KOTAK202606045594046,542168993496,4884721,INR,2026-06-04T04:00:46.282Z,KOTAK,ORD-EC79C09D6F3F,SETTLED
KOTAK202606044046942,536924685719,3720561,INR,2026-05-28T19:00:46.282Z,KOTAK,ORD-94EA83CD36DD,SETTLED
KOTAK202606048816564,355272809777,2019841,INR,2026-06-02T03:00:46.282Z,KOTAK,ORD-E8ED80E40F4A,SETTLED
KOTAK202606042695683,527833599904,4422908,INR,2026-06-01T17:00:46.282Z,KOTAK,ORD-450092B3E07B,SETTLED
KOTAK202606043064604,282712905434,2566441,INR,2026-05-29T17:00:46.282Z,KOTAK,ORD-26746D80B836,SETTLED
KOTAK202606049293876,257022260641,34312,INR,2026-05-29T05:00:46.282Z,KOTAK,ORD-2CC6AAAED873,SETTLED
KOTAK202606043128606,416993218831,1102257,INR,2026-06-02T15:00:46.282Z,KOTAK,ORD-CB1B4661F26D,PENDING
KOTAK202606042903613,342474950626,230484,INR,2026-05-30T03:00:46.282Z,KOTAK,ORD-7B00009AFDC8,SETTLED
KOTAK202606047813223,281004844965,625405,INR,2026-05-29T09:00:46.282Z,KOTAK,ORD-7DE02FA4F4DF,SETTLED
KOTAK202606043162737,143003888150,3505574,INR,2026-06-03T09:00:46.282Z,KOTAK,ORD-0137AE988518,PENDING
KOTAK202606049355418,325779763620,271144,INR,2026-06-02T15:00:46.282Z,KOTAK,ORD-D77C62DDE98F,SETTLED
KOTAK202606043932534,826597912453,3138892,INR,2026-06-04T09:00:46.282Z,KOTAK,ORD-D3FE76D517AE,SETTLED
KOTAK202606044940793,883141494410,565167,INR,2026-06-02T12:00:46.282Z,KOTAK,ORD-8EF030E6BA0E,SETTLED
KOTAK202606043424647,886318468085,343115,INR,2026-06-02T17:00:46.282Z,KOTAK,ORD-7E7C819A3B09,SETTLED
KOTAK202606049175908,923619680929,3569648,INR,2026-06-04T15:00:46.282Z,KOTAK,ORD-0D8F69C8EA44,SETTLED
KOTAK202606044890481,611765881755,4561371,INR,2026-06-03T09:00:46.282Z,KOTAK,ORD-0266D53AA4AD,SETTLED
KOTAK202606043966063,382281115250,3804875,INR,2026-06-01T17:00:46.282Z,KOTAK,ORD-ABBEA1576BE8,SETTLED
KOTAK202606049845115,341824211809,2994967,INR,2026-06-01T04:00:46.283Z,KOTAK,ORD-12CFF118AF8D,SETTLED
KOTAK202606041594068,475168657115,1626663,INR,2026-06-03T06:00:46.283Z,KOTAK,ORD-C7A56B27973A,SETTLED
KOTAK202606042265969,342026606926,4572703,INR,2026-06-01T17:00:46.283Z,KOTAK,ORD-3D3319F3A1F1,SETTLED
KOTAK202606045329201,434163205560,365532,INR,2026-06-04T13:00:46.283Z,KOTAK,ORD-A1E2063D77FE,SETTLED
KOTAK202606045450077,444457121442,3245314,INR,2026-05-31T12:00:46.283Z,KOTAK,ORD-E995C1252065,PENDING
KOTAK202606049507766,580955436841,850779,INR,2026-06-02T17:00:46.283Z,KOTAK,ORD-2ACF92C73351,SETTLED
KOTAK202606040053878,932933457940,586910,INR,2026-05-29T06:00:46.283Z,KOTAK,ORD-40DEA8310BDE,SETTLED
KOTAK202606040765897,417181471074,2287596,INR,2026-06-04T07:00:46.283Z,KOTAK,ORD-653E20D62F1F,SETTLED
KOTAK202606047461832,556575003077,4855504,INR,2026-06-02T03:00:46.283Z,KOTAK,ORD-0938C451C88D,SETTLED
KOTAK202606049062755,568898359493,3222507,INR,2026-05-29T21:00:46.283Z,KOTAK,ORD-5780DC65BE9D,SETTLED
KOTAK202606045881727,347327881980,1894957,INR,2026-05-31T19:00:46.283Z,KOTAK,ORD-1201061FBF6A,SETTLED
KOTAK202606043726336,249268983188,1586278,INR,2026-05-28T19:00:46.283Z,KOTAK,ORD-E1932CE5FE48,SETTLED
KOTAK202606041913650,588435201069,4386604,INR,2026-06-01T03:00:46.283Z,KOTAK,ORD-06F352399936,SETTLED
KOTAK202606045625722,289504735192,4066269,INR,2026-06-02T09:00:46.283Z,KOTAK,ORD-B8A7CB3B4C26,SETTLED
KOTAK202606047750119,814643789459,4422620,INR,2026-05-29T19:00:46.283Z,KOTAK,ORD-6AF4ED138729,SETTLED
KOTAK202606047278209,718264744549,1550055,INR,2026-05-29T00:00:46.283Z,KOTAK,ORD-D5033438D1A5,SETTLED
KOTAK202606049012981,191351089356,4385953,INR,2026-06-03T10:00:46.283Z,KOTAK,ORD-5FE439A42A50,SETTLED
KOTAK202606047335328,778871753259,1713016,INR,2026-06-02T15:00:46.283Z,KOTAK,ORD-4B576F39454F,SETTLED
KOTAK202606044404156,873289398736,2925535,INR,2026-05-31T09:00:46.283Z,KOTAK,ORD-2CA911BA8809,SETTLED
KOTAK202606042950910,750677003912,4822952,INR,2026-05-31T09:00:46.283Z,KOTAK,ORD-E696DCA28685,SETTLED
KOTAK202606047855999,042729963624,2494213,INR,2026-05-29T14:00:46.283Z,KOTAK,ORD-D4F23DF72D9A,SETTLED
KOTAK202606042213682,839543502306,481742,INR,2026-06-01T08:00:46.283Z,KOTAK,ORD-96B33F09523E,SETTLED
KOTAK202606041938232,295106846022,1978947,INR,2026-06-03T18:00:46.283Z,KOTAK,ORD-E8677D1ECF04,SETTLED
KOTAK202606047165125,312975826393,786220,INR,2026-06-03T05:00:46.283Z,KOTAK,ORD-4A52F686E646,SETTLED
KOTAK202606040086322,527517156216,3665937,INR,2026-05-30T17:00:46.283Z,KOTAK,ORD-5D6AC71AFB56,SETTLED
KOTAK202606043107329,745877567547,3230303,INR,2026-05-30T13:00:46.283Z,KOTAK,ORD-3104BDC740D0,SETTLED
KOTAK202606043666499,703380036296,1509704,INR,2026-05-31T15:00:46.283Z,KOTAK,ORD-AA09CC97005F,SETTLED
KOTAK202606049201790,387081761690,4837554,INR,2026-06-01T15:00:46.283Z,KOTAK,ORD-A14ADE4E8400,SETTLED
KOTAK202606042037519,266798405385,3682270,INR,2026-06-04T10:00:46.283Z,KOTAK,ORD-3AF99C9985A1,SETTLED
KOTAK202606044274920,399908757539,2631601,INR,2026-06-04T13:00:46.283Z,KOTAK,ORD-A704FA3013A1,SETTLED
KOTAK202606041170748,469363647370,2955350,INR,2026-05-31T18:00:46.283Z,KOTAK,ORD-C998CD2935F7,SETTLED
KOTAK202606046350775,272909198448,2176669,INR,2026-05-31T09:00:46.283Z,KOTAK,ORD-B2415C734EDB,SETTLED
KOTAK202606047557145,402333429671,4958010,INR,2026-05-28T22:00:46.283Z,KOTAK,ORD-BEC70C21CC4D,SETTLED
KOTAK202606044944291,172516221497,823653,INR,2026-06-04T13:00:46.283Z,KOTAK,ORD-8BC63F99D017,SETTLED
KOTAK202606042274329,778284536616,4779220,INR,2026-06-03T01:00:46.283Z,KOTAK,ORD-0DD03A500F98,SETTLED
KOTAK202606040976053,335052409496,1773960,INR,2026-06-02T14:00:46.283Z,KOTAK,ORD-B7460B87E647,SETTLED
KOTAK202606048506195,865454580788,440625,INR,2026-06-02T10:00:46.283Z,KOTAK,ORD-F29F81FA4F18,SETTLED
KOTAK202606042278441,548697623143,221694,INR,2026-06-01T08:00:46.283Z,KOTAK,ORD-E64B3F16AB5C,SETTLED
KOTAK202606041913690,682358994144,4685102,INR,2026-05-29T20:00:46.283Z,KOTAK,ORD-7E0CB654CE5D,SETTLED
KOTAK202606041551148,244845057119,3300570,INR,2026-05-29T09:00:46.283Z,KOTAK,ORD-EF7007102FB6,SETTLED
KOTAK202606045927204,371660126847,1457562,INR,2026-06-02T08:00:46.283Z,KOTAK,ORD-8DB21CEF22DE,SETTLED
KOTAK202606049886638,532249738046,563230,INR,2026-06-02T05:00:46.283Z,KOTAK,ORD-3855E927608D,SETTLED
KOTAK202606042097792,302425640171,3703496,INR,2026-06-02T15:00:46.283Z,KOTAK,ORD-AD562F80C25F,SETTLED
KOTAK202606044944913,904529321895,2216069,INR,2026-05-31T04:00:46.283Z,KOTAK,ORD-E2477C71AF55,SETTLED
KOTAK202606045595009,026447156673,2691645,INR,2026-05-28T23:00:46.283Z,KOTAK,ORD-936D5ADBDEE7,SETTLED
KOTAK202606040041127,242490522558,1156208,INR,2026-06-03T10:00:46.283Z,KOTAK,ORD-4BE96B00F571,SETTLED
KOTAK202606041603510,875364844595,3092044,INR,2026-06-01T19:00:46.283Z,KOTAK,ORD-333E83CC8170,SETTLED
KOTAK202606041582328,451741548281,3338984,INR,2026-06-04T05:00:46.283Z,KOTAK,ORD-0D695B8F1105,SETTLED
KOTAK202606049828247,827204935138,3111838,INR,2026-06-01T13:00:46.283Z,KOTAK,ORD-4291E4AB417B,SETTLED
KOTAK202606047018035,129619182587,829837,INR,2026-05-31T17:00:46.283Z,KOTAK,ORD-4F2991B6F1E8,SETTLED
KOTAK202606042738210,415632314873,4974811,INR,2026-05-30T07:00:46.283Z,KOTAK,ORD-022AAC69C5D9,SETTLED
KOTAK202606043461635,103689919520,1162447,INR,2026-06-02T14:00:46.283Z,KOTAK,ORD-977F277039B7,SETTLED
KOTAK202606044989319,153419032167,1289220,INR,2026-06-01T03:00:46.283Z,KOTAK,ORD-365F6097EA72,SETTLED
KOTAK202606040040686,668278705047,2107436,INR,2026-06-02T06:00:46.283Z,KOTAK,ORD-309058A848BF,SETTLED
KOTAK202606043550197,247994596840,939830,INR,2026-06-02T08:00:46.283Z,KOTAK,ORD-ED4071B29F1F,SETTLED
KOTAK202606049224917,220830223975,160653,INR,2026-06-01T11:00:46.283Z,KOTAK,ORD-1B0AB6D3C518,SETTLED
KOTAK202606046902935,880295421324,2957471,INR,2026-06-02T03:00:46.283Z,KOTAK,ORD-10BDAF461CFF,SETTLED
KOTAK202606044473105,248453974796,1083306,INR,2026-06-03T22:00:46.283Z,KOTAK,ORD-83B4A1718E54,SETTLED
KOTAK202606044211310,136460982316,1282538,INR,2026-05-29T04:00:46.283Z,KOTAK,ORD-B07BD1E79A03,SETTLED
KOTAK202606049373698,148722594975,1802397,INR,2026-06-03T14:00:46.283Z,KOTAK,ORD-BE46CC7A8B33,SETTLED
KOTAK202606044027571,063613263965,2504261,INR,2026-05-29T18:00:46.283Z,KOTAK,ORD-4D5B342403E4,SETTLED
KOTAK202606048824525,468667850362,3969453,INR,2026-06-01T09:00:46.283Z,KOTAK,ORD-A37AC7D142F0,SETTLED
KOTAK202606040677459,896692809236,691371,INR,2026-06-01T16:00:46.283Z,KOTAK,ORD-22C2E88CB5AE,SETTLED
KOTAK202606048501670,910356076177,2887853,INR,2026-06-04T02:00:46.283Z,KOTAK,ORD-294D5A81B089,SETTLED
KOTAK202606049907046,167447874801,1758411,INR,2026-06-01T14:00:46.283Z,KOTAK,ORD-62C62DD15C65,SETTLED
KOTAK202606049208600,728580400981,123612,INR,2026-06-02T18:00:46.283Z,KOTAK,ORD-89B641953B64,PENDING
KOTAK202606049922175,666202943578,707435,INR,2026-05-29T06:00:46.283Z,KOTAK,ORD-9ABF9C78339A,SETTLED
KOTAK202606044335233,151214007849,21354,INR,2026-05-28T19:00:46.283Z,KOTAK,ORD-003E0D4A148E,SETTLED
KOTAK202606042947441,689289495276,618971,INR,2026-06-03T09:00:46.283Z,KOTAK,ORD-8E9F0B352C9C,SETTLED
KOTAK202606049794792,088211663770,155184,INR,2026-05-30T06:00:46.283Z,KOTAK,ORD-51FB0822FFC8,SETTLED
KOTAK202606049006640,068672964547,2518088,INR,2026-06-03T23:00:46.283Z,KOTAK,ORD-94D8472C23AF,SETTLED
KOTAK202606049646286,358045641166,3193259,INR,2026-06-03T02:00:46.283Z,KOTAK,ORD-2459BD31FFBE,SETTLED
KOTAK202606047135704,157428380955,253601,INR,2026-06-03T01:00:46.283Z,KOTAK,ORD-CBC613505A9E,SETTLED
KOTAK202606046017958,939034262894,249684,INR,2026-05-29T22:00:46.283Z,KOTAK,ORD-9208B738BD0C,SETTLED
KOTAK202606049278968,552310077881,459552,INR,2026-05-29T04:00:46.283Z,KOTAK,ORD-FFCDCAF73907,SETTLED
KOTAK202606046433476,244477486506,375375,INR,2026-05-31T04:00:46.283Z,KOTAK,ORD-D1A867FF54FD,SETTLED
KOTAK202606042940452,430963165365,2369527,INR,2026-06-02T10:00:46.283Z,KOTAK,ORD-B95981BB84B8,SETTLED
KOTAK202606044502218,519018007474,4153243,INR,2026-06-01T01:00:46.283Z,KOTAK,ORD-593756B9F7C2,SETTLED
KOTAK202606042842175,233184928055,3829490,INR,2026-06-03T11:00:46.283Z,KOTAK,ORD-52488DEF0A37,SETTLED
KOTAK202606043923102,094349871731,3929456,INR,2026-06-01T16:00:46.283Z,KOTAK,ORD-DC47FDB3127D,SETTLED
KOTAK202606042808148,148291647265,4942419,INR,2026-05-31T10:00:46.283Z,KOTAK,ORD-4EBDDAE3F0E3,PENDING
KOTAK202606048519050,752075750785,3109996,INR,2026-05-31T19:00:46.283Z,KOTAK,ORD-C7D58DF9BC4C,SETTLED
KOTAK202606045116262,727691829266,4202838,INR,2026-05-30T23:00:46.283Z,KOTAK,ORD-26A389A78CB3,SETTLED
KOTAK202606041921177,203060620396,762828,INR,2026-05-30T17:00:46.283Z,KOTAK,ORD-3F8EA30AEA71,SETTLED
KOTAK202606047886462,401180731637,4607887,INR,2026-05-29T05:00:46.283Z,KOTAK,ORD-4F5E7BC35932,SETTLED
KOTAK202606048553060,136534409235,3629098,INR,2026-05-29T19:00:46.283Z,KOTAK,ORD-5246CB1D2672,SETTLED
KOTAK202606044997444,993650570185,3622003,INR,2026-06-02T05:00:46.283Z,KOTAK,ORD-1F61F47E94A8,SETTLED
KOTAK202606047778100,792048528997,10304,INR,2026-06-01T20:00:46.283Z,KOTAK,ORD-84E4DF627C56,SETTLED
KOTAK202606041029387,322748902321,2494335,INR,2026-05-30T03:00:46.283Z,KOTAK,ORD-52082FEEA0DA,SETTLED
KOTAK202606049115629,034690898268,2885316,INR,2026-06-01T21:00:46.283Z,KOTAK,ORD-54C5BCA8FCF8,SETTLED
KOTAK202606049777068,491884096638,3693174,INR,2026-06-04T09:00:46.283Z,KOTAK,ORD-F67C682DCF44,SETTLED
KOTAK202606042696043,071421008002,715365,INR,2026-06-03T19:00:46.283Z,KOTAK,ORD-C2970C598F87,SETTLED
KOTAK202606045345813,493799265439,3264123,INR,2026-05-29T16:00:46.283Z,KOTAK,ORD-2E37B7BC722A,SETTLED
KOTAK202606048342772,493608095513,3798669,INR,2026-06-04T03:00:46.283Z,KOTAK,ORD-942ABFD5C846,SETTLED
KOTAK202606040312790,905289766923,565226,INR,2026-06-03T00:00:46.283Z,KOTAK,ORD-CCD69D0D425C,SETTLED
KOTAK202606049857546,216184522309,2110321,INR,2026-05-31T10:00:46.283Z,KOTAK,ORD-9DE909640AF6,SETTLED
KOTAK202606047758023,901488889347,2751488,INR,2026-06-03T19:00:46.283Z,KOTAK,ORD-F8A9D8540AC4,SETTLED
KOTAK202606044126871,837013250387,2379374,INR,2026-06-03T02:00:46.283Z,KOTAK,ORD-2ACA3274F7C9,SETTLED
KOTAK202606042924731,132796820647,4457965,INR,2026-05-31T03:00:46.283Z,KOTAK,ORD-AFA892E39DE1,SETTLED
KOTAK202606048195220,218269635257,4369625,INR,2026-06-01T12:00:46.283Z,KOTAK,ORD-1723B9E741BB,SETTLED
KOTAK202606045238051,238005967504,4382615,INR,2026-05-29T02:00:46.283Z,KOTAK,ORD-1EDFE07973FB,SETTLED
KOTAK202606046084648,832486368092,1268756,INR,2026-06-04T17:00:46.283Z,KOTAK,ORD-8046CF0E529B,SETTLED
KOTAK202606048791750,696309305878,3988827,INR,2026-06-02T06:00:46.283Z,KOTAK,ORD-BFE8C7F1B4E2,SETTLED
KOTAK202606047309930,841470159611,731794,INR,2026-06-04T08:00:46.283Z,KOTAK,ORD-28EDBD839867,PENDING
KOTAK202606044189103,623516081530,2639459,INR,2026-05-31T18:00:46.283Z,KOTAK,ORD-5D8255641639,SETTLED
KOTAK202606045754012,862751977719,2279547,INR,2026-05-30T20:00:46.283Z,KOTAK,ORD-B8CED47644E4,SETTLED
KOTAK202606046916039,997446620641,4482430,INR,2026-05-31T17:00:46.283Z,KOTAK,ORD-4ECC269081DE,SETTLED
KOTAK202606048422151,106255313730,920921,INR,2026-06-02T07:00:46.283Z,KOTAK,ORD-B93BFFF8AD96,SETTLED
KOTAK202606043120507,644131143850,3071748,INR,2026-06-03T06:00:46.283Z,KOTAK,ORD-02E1650373C1,SETTLED
KOTAK202606040987633,647691918652,664277,INR,2026-05-28T21:00:46.283Z,KOTAK,ORD-AC958D26DE1E,SETTLED
KOTAK202606043700356,252388469547,2269231,INR,2026-05-31T09:00:46.283Z,KOTAK,ORD-AFB188C900CC,SETTLED
KOTAK202606048916933,030238835200,3408730,INR,2026-06-03T11:00:46.283Z,KOTAK,ORD-A6C2DFE9C4BF,SETTLED
KOTAK202606047390627,106525526276,2375201,INR,2026-05-28T23:00:46.283Z,KOTAK,ORD-350A4EAAE0CB,SETTLED
KOTAK202606045473356,078452943022,1092325,INR,2026-05-31T16:00:46.283Z,KOTAK,ORD-DDFB42654478,SETTLED
KOTAK202606047242207,276672693806,2708443,INR,2026-05-29T16:00:46.283Z,KOTAK,ORD-932BAA6DC809,SETTLED
KOTAK202606042278726,530744421369,4427526,INR,2026-06-02T19:00:46.283Z,KOTAK,ORD-A6E770AF0AC4,SETTLED
KOTAK202606045655139,592020976780,1540934,INR,2026-06-01T06:00:46.283Z,KOTAK,ORD-E1766325D6BA,SETTLED
KOTAK202606046978518,448548271481,3657956,INR,2026-05-29T07:00:46.283Z,KOTAK,ORD-FBB1E473798B,SETTLED
KOTAK202606041630401,817833623115,4666218,INR,2026-06-03T10:00:46.283Z,KOTAK,ORD-DC2D64733FDB,SETTLED
KOTAK202606040229647,029326377817,29885,INR,2026-05-29T04:00:46.283Z,KOTAK,ORD-8D9E6C0E9852,SETTLED
KOTAK202606042840055,191409908751,66636,INR,2026-06-04T18:00:46.283Z,KOTAK,ORD-01EAB55C0976,SETTLED
KOTAK202606046649376,701521225413,562843,INR,2026-05-29T12:00:46.283Z,KOTAK,ORD-82D14DC090E6,SETTLED
KOTAK202606048992751,078655992703,1928230,INR,2026-05-29T12:00:46.283Z,KOTAK,ORD-9D3E679B71C4,SETTLED
KOTAK202606042189577,178754400607,136031,INR,2026-06-04T00:00:46.283Z,KOTAK,ORD-0F75D9927548,SETTLED
KOTAK202606042118489,730682123076,1602688,INR,2026-05-30T00:00:46.283Z,KOTAK,ORD-C2CAFE6CB132,SETTLED
KOTAK202606047519561,348004666960,49948,INR,2026-05-30T12:00:46.283Z,KOTAK,ORD-597B72387A9B,SETTLED
KOTAK202606041004576,266570164043,4235018,INR,2026-06-01T05:00:46.283Z,KOTAK,ORD-1FA769785E7D,SETTLED
KOTAK202606049582708,324604888281,2510378,INR,2026-06-03T09:00:46.283Z,KOTAK,ORD-62737C23F217,SETTLED
KOTAK202606047912559,786141715237,1794308,INR,2026-06-02T07:00:46.283Z,KOTAK,ORD-AB450C278D4D,SETTLED
KOTAK202606045612971,517196057340,2403364,INR,2026-06-02T21:00:46.283Z,KOTAK,ORD-CD8D40FB06B1,SETTLED
KOTAK202606047877680,653781233794,3921903,INR,2026-05-29T18:00:46.283Z,KOTAK,ORD-5589EF9F679C,SETTLED
KOTAK202606048371870,380311633777,3701597,INR,2026-06-03T01:00:46.283Z,KOTAK,ORD-CD05C69BFFAE,SETTLED
KOTAK202606049659865,164506203806,483621,INR,2026-06-04T12:00:46.283Z,KOTAK,ORD-EBC3AC504FE7,SETTLED
KOTAK202606045837085,256915409863,4717827,INR,2026-06-03T19:00:46.283Z,KOTAK,ORD-306B6AEC1971,SETTLED
KOTAK202606041606093,391790646638,2362912,INR,2026-06-03T04:00:46.284Z,KOTAK,ORD-CDA04A0BBF0E,SETTLED
KOTAK202606046270768,131051510393,2106001,INR,2026-05-30T23:00:46.284Z,KOTAK,ORD-EAD235B878E5,SETTLED
KOTAK202606049305346,900559519127,64652,INR,2026-06-02T02:00:46.284Z,KOTAK,ORD-C601A9DA8D93,SETTLED
KOTAK202606040894128,287914750771,4325540,INR,2026-05-29T15:00:46.284Z,KOTAK,ORD-515E70B38040,SETTLED
KOTAK202606047454643,778365867214,187451,INR,2026-06-02T15:00:46.284Z,KOTAK,ORD-B4478FCEA90D,SETTLED
KOTAK202606044654040,194293635177,2636080,INR,2026-06-03T13:00:46.284Z,KOTAK,ORD-78B1FBAD97E9,SETTLED
KOTAK202606048417287,546361812133,4465748,INR,2026-06-02T11:00:46.284Z,KOTAK,ORD-26251DF56506,SETTLED
KOTAK202606049864132,419878545180,2822717,INR,2026-06-03T08:00:46.284Z,KOTAK,ORD-419DA66AF498,SETTLED
KOTAK202606044246075,750714922378,2928595,INR,2026-05-29T07:00:46.284Z,KOTAK,ORD-E14E6025437D,SETTLED
KOTAK202606042902871,457399610018,2058300,INR,2026-05-31T04:00:46.284Z,KOTAK,ORD-FB05DE346910,SETTLED
KOTAK202606043769048,252357206116,4726944,INR,2026-06-03T01:00:46.284Z,KOTAK,ORD-5F1758EE4049,SETTLED
KOTAK202606041221492,442417540357,1550019,INR,2026-06-04T04:00:46.284Z,KOTAK,ORD-92759800967A,SETTLED
KOTAK202606044735921,894741275733,4556265,INR,2026-05-30T14:00:46.284Z,KOTAK,ORD-07F339BF238E,SETTLED
KOTAK202606044387387,282913491080,4212176,INR,2026-06-02T05:00:46.284Z,KOTAK,ORD-45AF1271A306,SETTLED
KOTAK202606047376734,182933684465,3447083,INR,2026-06-01T21:00:46.284Z,KOTAK,ORD-CD1FF21A3C1B,SETTLED
KOTAK202606047356318,560411248526,4011284,INR,2026-06-03T06:00:46.284Z,KOTAK,ORD-EDD2EF845A62,SETTLED
KOTAK202606046744934,704396951190,923918,INR,2026-06-01T13:00:46.284Z,KOTAK,ORD-DAD7A92F7767,SETTLED
KOTAK202606040052493,052569466052,3580094,INR,2026-06-04T03:00:46.284Z,KOTAK,ORD-0D84311AD285,SETTLED
KOTAK202606041043085,038779672770,181606,INR,2026-06-01T22:00:46.284Z,KOTAK,ORD-CB0A936188A6,SETTLED
KOTAK202606040115920,044245819759,3356221,INR,2026-06-04T17:00:46.284Z,KOTAK,ORD-EA843D175147,SETTLED
KOTAK202606042285171,871830974154,718450,INR,2026-06-02T21:00:46.284Z,KOTAK,ORD-17C50060B7EF,SETTLED
KOTAK202606043135353,539638474337,215686,INR,2026-05-30T17:00:46.284Z,KOTAK,ORD-8A3783178E46,SETTLED
KOTAK202606045073524,004538543514,433588,INR,2026-05-30T22:00:46.284Z,KOTAK,ORD-9BF1EB7B8471,SETTLED
KOTAK202606049417250,306849357388,3362358,INR,2026-05-30T04:00:46.284Z,KOTAK,ORD-B4A551D3B7AF,SETTLED
KOTAK202606042279489,389650322124,4308425,INR,2026-05-31T01:00:46.284Z,KOTAK,ORD-8FA2E369FC10,SETTLED
KOTAK202606046583404,588427629766,2114792,INR,2026-05-31T14:00:46.284Z,KOTAK,ORD-382002394D6C,SETTLED
KOTAK202606048301044,901405882346,421045,INR,2026-05-28T21:00:46.284Z,KOTAK,ORD-ED974878AA61,SETTLED
KOTAK202606040164431,659051538707,1069529,INR,2026-06-01T00:00:46.284Z,KOTAK,ORD-623286323FAD,SETTLED
KOTAK202606045781436,446305121371,3833990,INR,2026-05-30T12:00:46.284Z,KOTAK,ORD-FD14AEF2E9F2,SETTLED
KOTAK202606043006511,747552810151,3425059,INR,2026-05-29T23:00:46.284Z,KOTAK,ORD-27FB4D5DA60A,SETTLED
KOTAK202606041475931,476284879108,18691,INR,2026-05-31T19:00:46.284Z,KOTAK,ORD-3F34289C6D81,SETTLED
KOTAK202606048585545,704833518627,1029065,INR,2026-06-01T14:00:46.284Z,KOTAK,ORD-6115E462E7D2,SETTLED
KOTAK202606040409188,248130741968,1257452,INR,2026-06-03T16:00:46.284Z,KOTAK,ORD-195D65D602AC,SETTLED
KOTAK202606044884951,649764320456,4182301,INR,2026-05-31T22:00:46.284Z,KOTAK,ORD-E658031F6F33,SETTLED
KOTAK202606048725034,767363711465,4416193,INR,2026-05-30T14:00:46.284Z,KOTAK,ORD-09769CB2DDDA,SETTLED
KOTAK202606041376944,707002011690,1479691,INR,2026-06-01T19:00:46.284Z,KOTAK,ORD-AE3F0F9BD64E,SETTLED
KOTAK202606040224458,605955459655,1976417,INR,2026-05-30T12:00:46.284Z,KOTAK,ORD-F56D854613D6,SETTLED
KOTAK202606041210743,180055000684,751864,INR,2026-05-29T15:00:46.284Z,KOTAK,ORD-31E03BAC63E1,SETTLED
KOTAK202606049315106,772377431453,997145,INR,2026-06-03T21:00:46.284Z,KOTAK,ORD-366DAAA08810,SETTLED
KOTAK202606043709228,419415728885,4718215,INR,2026-05-31T01:00:46.284Z,KOTAK,ORD-2A216D09A1BC,SETTLED
KOTAK202606048949218,297280293733,4613399,INR,2026-05-29T19:00:46.284Z,KOTAK,ORD-C74B0A881DC1,SETTLED
KOTAK202606049219162,597668864852,4331921,INR,2026-06-01T11:00:46.284Z,KOTAK,ORD-00EF9520400D,SETTLED
KOTAK202606046313086,408084534818,2636227,INR,2026-06-01T04:00:46.284Z,KOTAK,ORD-0BE877548EB5,SETTLED
KOTAK202606042345524,269557837563,3488210,INR,2026-06-02T17:00:46.284Z,KOTAK,ORD-DD81005CBEF6,SETTLED
KOTAK202606045916911,815483174696,3767069,INR,2026-05-31T22:00:46.284Z,KOTAK,ORD-41AEB288994E,SETTLED
KOTAK202606048106430,784056129752,3786728,INR,2026-06-03T04:00:46.284Z,KOTAK,ORD-6A760400E437,SETTLED
KOTAK202606043328416,065548798499,3534390,INR,2026-06-02T04:00:46.284Z,KOTAK,ORD-CE0BD1EB1847,SETTLED
KOTAK202606041495755,954669788735,4992635,INR,2026-05-30T11:00:46.284Z,KOTAK,ORD-7A8AEF41F8B5,SETTLED
KOTAK202606042467390,566247647131,1811689,INR,2026-06-02T04:00:46.284Z,KOTAK,ORD-0AB8EDFFB753,SETTLED
KOTAK202606040007935,575850037807,4816473,INR,2026-05-30T16:00:46.284Z,KOTAK,ORD-C368D70B03C4,SETTLED
KOTAK202606042752938,811368925236,4873043,INR,2026-05-30T17:00:46.284Z,KOTAK,ORD-64F126727319,SETTLED
KOTAK202606047565871,457262180637,1424827,INR,2026-05-29T00:00:46.284Z,KOTAK,ORD-D72BB3192B62,SETTLED
KOTAK202606045516063,277109765838,4484469,INR,2026-06-01T00:00:46.284Z,KOTAK,ORD-342BBCAA86F1,SETTLED
KOTAK202606041378819,829014986244,4542409,INR,2026-05-29T14:00:46.284Z,KOTAK,ORD-F2F0B4BC4BC8,SETTLED
KOTAK202606045167786,533955158981,1675176,INR,2026-05-29T17:00:46.284Z,KOTAK,ORD-CBAA61D7B55E,SETTLED
KOTAK202606041546107,515041097792,1235578,INR,2026-06-04T06:00:46.284Z,KOTAK,ORD-D5AC52C925B2,SETTLED
KOTAK202606047804516,734844596515,2110687,INR,2026-05-30T10:00:46.284Z,KOTAK,ORD-EF7D76FC2889,SETTLED
KOTAK202606047950812,024337161057,4819504,INR,2026-06-04T03:00:46.284Z,KOTAK,ORD-489D45566001,SETTLED
KOTAK202606045013777,306208396126,2156435,INR,2026-05-31T05:00:46.284Z,KOTAK,ORD-CB3EEECDF169,SETTLED
KOTAK202606045462329,132413674956,4519214,INR,2026-06-01T04:00:46.284Z,KOTAK,ORD-0F5DFB9CE150,SETTLED
KOTAK202606046045442,466958716202,4433048,INR,2026-06-03T13:00:46.284Z,KOTAK,ORD-3BA686BAD991,SETTLED
KOTAK202606041724819,352854929241,2662278,INR,2026-06-04T13:00:46.284Z,KOTAK,ORD-544B6AA14A52,SETTLED
KOTAK202606046698374,828531471920,623173,INR,2026-05-29T02:00:46.284Z,KOTAK,ORD-2F2A4B362275,SETTLED
KOTAK202606046537656,515208574588,1817018,INR,2026-05-29T06:00:46.284Z,KOTAK,ORD-60C976C69EFA,SETTLED
KOTAK202606044329151,442651924597,1352490,INR,2026-05-30T01:00:46.284Z,KOTAK,ORD-DD14D1815AB0,SETTLED
KOTAK202606040013475,676789598425,3350477,INR,2026-06-02T15:00:46.284Z,KOTAK,ORD-07053E0F6C37,SETTLED
KOTAK202606042088100,844751965612,4872438,INR,2026-05-30T08:00:46.284Z,KOTAK,ORD-7F2640AD6243,SETTLED
KOTAK202606048123492,189119355067,2642992,INR,2026-06-04T13:00:46.284Z,KOTAK,ORD-3FE5C4084FE1,SETTLED
KOTAK202606040942752,179871898933,2659739,INR,2026-06-03T23:00:46.284Z,KOTAK,ORD-D90E165FFF70,SETTLED
KOTAK202606040757607,835177745586,2295336,INR,2026-06-03T02:00:46.284Z,KOTAK,ORD-98DF5F98B500,SETTLED
KOTAK202606040564587,823885092838,256141,INR,2026-06-02T04:00:46.284Z,KOTAK,ORD-4556EAFAAD04,SETTLED
KOTAK202606040686554,433667078136,3583638,INR,2026-05-30T12:00:46.284Z,KOTAK,ORD-03C6C8A30EDA,SETTLED
KOTAK202606044347358,716019545489,1893735,INR,2026-05-28T21:00:46.284Z,KOTAK,ORD-35E46F3576CD,SETTLED
KOTAK202606042641968,104419837609,3172166,INR,2026-05-29T22:00:46.284Z,KOTAK,ORD-0928A764F810,SETTLED
KOTAK202606049351518,386199526911,3346465,INR,2026-05-30T00:00:46.284Z,KOTAK,ORD-6BD60AE5B2B3,SETTLED
KOTAK202606046690253,021851878547,2844465,INR,2026-05-29T01:00:46.284Z,KOTAK,ORD-178CD77EAFDE,PENDING
KOTAK202606045601333,243541325938,4901395,INR,2026-05-30T12:00:46.284Z,KOTAK,ORD-0DFA338053FB,SETTLED
KOTAK202606049403190,311910128516,2381314,INR,2026-05-31T19:00:46.284Z,KOTAK,ORD-6C76FBC2954C,SETTLED
KOTAK202606045530007,187692065478,2855491,INR,2026-05-30T03:00:46.284Z,KOTAK,ORD-D048164AD542,SETTLED
KOTAK202606047507539,382822780642,2065648,INR,2026-06-02T13:00:46.284Z,KOTAK,ORD-9B0BEACAFCB5,SETTLED
KOTAK202606044167053,053580428305,2568460,INR,2026-05-31T06:00:46.284Z,KOTAK,ORD-FF7056EA90C2,SETTLED
KOTAK202606041592308,540572410315,571446,INR,2026-05-30T00:00:46.284Z,KOTAK,ORD-54163CCCCAF8,SETTLED
KOTAK202606045630330,068781377486,3830051,INR,2026-06-04T06:00:46.284Z,KOTAK,ORD-61C59BD1AC89,PENDING
KOTAK202606040950176,184062625992,4631867,INR,2026-06-01T22:00:46.284Z,KOTAK,ORD-035941E2B0D2,SETTLED
KOTAK202606040100938,609900340774,1099224,INR,2026-05-31T08:00:46.284Z,KOTAK,ORD-969B2E8EB275,SETTLED
KOTAK202606048424269,099649685037,1570804,INR,2026-06-01T00:00:46.284Z,KOTAK,ORD-2BCB8BEBE0D3,SETTLED
KOTAK202606049728203,980263987976,173431,INR,2026-05-31T14:00:46.284Z,KOTAK,ORD-4EF73A2E4A01,SETTLED
KOTAK202606042512800,595204268022,2417405,INR,2026-05-29T00:00:46.284Z,KOTAK,ORD-BCD61B5A2881,SETTLED
KOTAK202606048665739,505032633712,2059984,INR,2026-05-31T08:00:46.284Z,KOTAK,ORD-06C895E9DCEC,SETTLED
KOTAK202606046346108,851804661554,3253575,INR,2026-06-01T02:00:46.284Z,KOTAK,ORD-255E255B07D8,SETTLED
KOTAK202606046408527,296666218979,2420290,INR,2026-06-04T04:00:46.284Z,KOTAK,ORD-B5F788B1FAB2,SETTLED
KOTAK202606041515661,468433933415,3554493,INR,2026-05-31T04:00:46.284Z,KOTAK,ORD-09376594125C,SETTLED
KOTAK202606042155176,227226201007,4778016,INR,2026-06-02T11:00:46.284Z,KOTAK,ORD-D9F103B3D76E,SETTLED
KOTAK202606046124326,692618255284,857769,INR,2026-06-01T00:00:46.284Z,KOTAK,ORD-A14152F22354,SETTLED
KOTAK202606047643768,829387984477,454237,INR,2026-06-01T06:00:46.284Z,KOTAK,ORD-94314F5F0C3B,SETTLED
KOTAK202606040896282,003332632659,2098374,INR,2026-05-30T05:00:46.284Z,KOTAK,ORD-1FCE0AB0900E,SETTLED
KOTAK202606044263111,472755644974,2066656,INR,2026-06-02T18:00:46.284Z,KOTAK,ORD-DF83825AA29D,SETTLED
KOTAK202606048302669,790288059286,4325802,INR,2026-06-04T09:00:46.284Z,KOTAK,ORD-71EF0CEB094F,SETTLED
KOTAK202606041720323,686588611448,2705537,INR,2026-06-02T08:00:46.284Z,KOTAK,ORD-C54C28395562,SETTLED
KOTAK202606043404575,692256468899,1880383,INR,2026-06-04T11:00:46.284Z,KOTAK,ORD-B2CFF76E5E2B,SETTLED
KOTAK202606042859619,483901970438,3605330,INR,2026-06-04T11:00:46.284Z,KOTAK,ORD-51F2741C7798,SETTLED
KOTAK202606041679762,928652468956,44982,INR,2026-05-29T14:00:46.284Z,KOTAK,ORD-7964DE27A940,SETTLED
KOTAK202606043401069,378099421093,1218481,INR,2026-05-29T08:00:46.284Z,KOTAK,ORD-38B9DA0C1947,SETTLED
KOTAK202606042156458,494809791922,863914,INR,2026-06-03T07:00:46.284Z,KOTAK,ORD-4F174D6C8A10,SETTLED
KOTAK202606048366501,744125751930,2132761,INR,2026-06-01T12:00:46.284Z,KOTAK,ORD-63C73EAB7F53,SETTLED
KOTAK202606048511512,335897131267,4465079,INR,2026-05-30T04:00:46.284Z,KOTAK,ORD-703ED78FFBDA,SETTLED
KOTAK202606045451876,619836689510,2500783,INR,2026-05-29T04:00:46.284Z,KOTAK,ORD-5C4F2B001264,SETTLED
KOTAK202606044987206,961496867630,2974639,INR,2026-05-31T00:00:46.284Z,KOTAK,ORD-EBF9A372D6B0,SETTLED
KOTAK202606046199640,455749567803,4340753,INR,2026-05-29T10:00:46.284Z,KOTAK,ORD-729DEEBF3F52,SETTLED
KOTAK202606043871977,868710193087,2860240,INR,2026-05-30T12:00:46.284Z,KOTAK,ORD-4A37BBF17234,SETTLED
KOTAK202606045209814,803637085757,56488,INR,2026-06-02T15:00:46.284Z,KOTAK,ORD-9E13D6879470,SETTLED
KOTAK202606043626368,147180322144,1777593,INR,2026-05-31T15:00:46.284Z,KOTAK,ORD-24BAB09A079D,SETTLED
KOTAK202606044978762,077854336592,561602,INR,2026-06-04T17:00:46.284Z,KOTAK,ORD-F4BDFE967DEB,SETTLED
KOTAK202606044481008,749986565539,3214011,INR,2026-05-31T22:00:46.284Z,KOTAK,ORD-AEDDB6537029,SETTLED
KOTAK202606045011785,244722051745,449725,INR,2026-06-03T03:00:46.284Z,KOTAK,ORD-A5BBD3A79103,SETTLED
KOTAK202606040893515,090670218042,2188611,INR,2026-06-03T13:00:46.284Z,KOTAK,ORD-19568E291720,SETTLED
KOTAK202606047609353,294499651854,957993,INR,2026-06-04T12:00:46.284Z,KOTAK,ORD-834FC8F0BDC3,SETTLED
KOTAK202606043137952,979686714998,179147,INR,2026-05-31T01:00:46.284Z,KOTAK,ORD-9F7699A470DD,SETTLED
KOTAK202606046285852,478725097961,846168,INR,2026-05-31T13:00:46.284Z,KOTAK,ORD-CC7AE2EEA6FC,PENDING
KOTAK202606049118740,021757831580,921847,INR,2026-05-29T00:00:46.284Z,KOTAK,ORD-C30561D004AC,SETTLED
KOTAK202606046242702,024627356457,970182,INR,2026-05-31T20:00:46.284Z,KOTAK,ORD-F85A01E4C945,SETTLED
KOTAK202606049350147,429250550695,2699214,INR,2026-05-31T19:00:46.284Z,KOTAK,ORD-1F5E24F97B47,SETTLED
KOTAK202606041495974,813166009207,2751979,INR,2026-06-01T17:00:46.284Z,KOTAK,ORD-1AE093EEDCA5,SETTLED
KOTAK202606045791220,491360246206,4555985,INR,2026-05-30T12:00:46.284Z,KOTAK,ORD-9D5F6CAC00BE,PENDING
KOTAK202606047931287,621323146912,4437353,INR,2026-06-03T19:00:46.284Z,KOTAK,ORD-52DBC5FBD3E4,SETTLED
KOTAK202606043603684,094536720738,4299502,INR,2026-06-04T15:00:46.284Z,KOTAK,ORD-417F5D181959,SETTLED
KOTAK202606042791792,311138548134,810170,INR,2026-06-01T07:00:46.284Z,KOTAK,ORD-8D1D486302CB,SETTLED
KOTAK202606044758015,656941293562,2953409,INR,2026-05-31T18:00:46.284Z,KOTAK,ORD-89A5471E373D,PENDING
KOTAK202606043923070,849109972785,3860651,INR,2026-05-31T09:00:46.284Z,KOTAK,ORD-AB9EAD4F0FE8,SETTLED
KOTAK202606042929503,042494742689,3846706,INR,2026-06-03T05:00:46.284Z,KOTAK,ORD-79176A0E83E6,SETTLED
KOTAK202606042720182,330963052288,149771,INR,2026-06-04T12:00:46.284Z,KOTAK,ORD-D5879DE6D135,SETTLED
KOTAK202606042997629,615707865685,137550,INR,2026-05-31T15:00:46.284Z,KOTAK,ORD-015B48B84F05,SETTLED
KOTAK202606047100378,643287225255,1442937,INR,2026-05-29T15:00:46.284Z,KOTAK,ORD-56DA7405D956,SETTLED
KOTAK202606047317683,706886095772,77962,INR,2026-05-30T21:00:46.284Z,KOTAK,ORD-34400CE4FAEE,PENDING