UTR,RRN,Amount,Currency,Settlement_Date,Bank_Name,Merchant_Ref,Status
KOTAK202606047504909,083822989424,2945244,INR,2026-06-04T08:00:47.332Z,KOTAK,ORD-648F00A3D316,SETTLED
KOTAK202606043984558,428547848706,4330829,INR,2026-05-30T20:00:47.332Z,KOTAK,ORD-8C2FD870FAA6,SETTLED
KOTAK202606040816529,623959872974,4297784,INR,2026-05-29T11:00:47.332Z,KOTAK,ORD-7E2FBBD74F04,SETTLED
KOTAK202606049090461,945212654036,2813777,INR,2026-06-01T01:00:47.332Z,KOTAK,ORD-DD67DD57F591,SETTLED
KOTAK202606048684558,646723692238,3329984,INR,2026-06-01T19:00:47.332Z,KOTAK,ORD-E9B5EDD3CF37,SETTLED
KOTAK202606048389836,222661902402,3981994,INR,2026-06-01T09:00:47.332Z,KOTAK,ORD-02C3A96E7DBC,SETTLED
KOTAK202606043353775,264644251468,4372882,INR,2026-05-29T05:00:47.332Z,KOTAK,ORD-BDFD75C1BCFA,SETTLED
KOTAK202606049450714,662274582608,4160433,INR,2026-05-31T10:00:47.332Z,KOTAK,ORD-A66A592ADED8,SETTLED
KOTAK202606043126192,982793131159,475805,INR,2026-05-31T14:00:47.332Z,KOTAK,ORD-94A6164CDAFF,SETTLED
KOTAK202606048700580,834121313197,2709685,INR,2026-06-01T13:00:47.332Z,KOTAK,ORD-01CE8ED63FBF,SETTLED
KOTAK202606044125674,203636794992,3205123,INR,2026-06-02T13:00:47.332Z,KOTAK,ORD-73975A152AE4,SETTLED
KOTAK202606046300115,843986547380,2904784,INR,2026-05-29T17:00:47.332Z,KOTAK,ORD-F142F302478A,SETTLED
KOTAK202606047103625,261691709333,649763,INR,2026-05-31T17:00:47.332Z,KOTAK,ORD-B39CD6ED408B,SETTLED
KOTAK202606046851111,613413689411,2368603,INR,2026-06-03T00:00:47.332Z,KOTAK,ORD-C0568150E35E,SETTLED
KOTAK202606046833351,803124782028,1335674,INR,2026-05-29T22:00:47.332Z,KOTAK,ORD-2F39E1DC5EDE,SETTLED
KOTAK202606045703488,047774192115,4280443,INR,2026-05-30T19:00:47.332Z,KOTAK,ORD-18B711D99547,SETTLED
KOTAK202606041028054,866977420373,4310056,INR,2026-05-31T16:00:47.332Z,KOTAK,ORD-D7E0827B24B4,SETTLED
KOTAK202606046180889,291343284920,2195269,INR,2026-05-29T08:00:47.332Z,KOTAK,ORD-6F2022EDD8C5,SETTLED
KOTAK202606047635577,495416881361,1420422,INR,2026-06-02T01:00:47.332Z,KOTAK,ORD-EF081FF8F990,SETTLED
KOTAK202606046507157,048807381418,2679742,INR,2026-05-30T21:00:47.332Z,KOTAK,ORD-DBD37B537F5D,SETTLED
KOTAK202606047733950,502813424013,1141614,INR,2026-06-01T07:00:47.332Z,KOTAK,ORD-097C53321AA0,SETTLED
KOTAK202606043925434,815388619408,1039526,INR,2026-06-03T15:00:47.332Z,KOTAK,ORD-88DAE878D444,SETTLED
KOTAK202606045984713,534769951245,2472285,INR,2026-06-03T21:00:47.332Z,KOTAK,ORD-5E063422820F,SETTLED
KOTAK202606045952789,367788880106,1114743,INR,2026-05-30T22:00:47.332Z,KOTAK,ORD-AAB940FE4869,SETTLED
KOTAK202606046794090,188514853810,1647318,INR,2026-06-02T04:00:47.332Z,KOTAK,ORD-48E6D74CB486,SETTLED
KOTAK202606049082951,016157836390,4224053,INR,2026-06-04T04:00:47.332Z,KOTAK,ORD-6F24D91195E2,SETTLED
KOTAK202606049184953,845307534353,800249,INR,2026-06-01T19:00:47.332Z,KOTAK,ORD-D0F59FC0697B,SETTLED
KOTAK202606048726434,508467198728,4698798,INR,2026-05-31T10:00:47.332Z,KOTAK,ORD-0768D2D1E2C4,SETTLED
KOTAK202606042457271,389012642652,3334152,INR,2026-06-01T13:00:47.332Z,KOTAK,ORD-53A0E6AF1DAA,SETTLED
KOTAK202606043485358,384176083485,922590,INR,2026-06-01T09:00:47.332Z,KOTAK,ORD-0D8C632BFF02,SETTLED
KOTAK202606049912461,709690790751,1555133,INR,2026-05-29T03:00:47.332Z,KOTAK,ORD-749E30F71AB4,SETTLED
KOTAK202606046922736,073909516952,4531018,INR,2026-05-30T11:00:47.332Z,KOTAK,ORD-C91CFF9DB3E1,SETTLED
KOTAK202606048307868,892953647053,2305444,INR,2026-06-02T06:00:47.332Z,KOTAK,ORD-AFD68FA236B3,SETTLED
KOTAK202606041384089,384728032537,1181548,INR,2026-05-31T10:00:47.332Z,KOTAK,ORD-9BFE100FBCCB,SETTLED
KOTAK202606049921688,812336767093,4365049,INR,2026-05-29T05:00:47.332Z,KOTAK,ORD-15D9BC2E2BDA,SETTLED
KOTAK202606047391106,157491318072,4015880,INR,2026-05-30T13:00:47.332Z,KOTAK,ORD-6EEF9F5CB705,SETTLED
KOTAK202606040449998,511983441529,3692730,INR,2026-06-03T02:00:47.332Z,KOTAK,ORD-0262CF83B7C4,SETTLED
KOTAK202606043980713,332075780998,4415526,INR,2026-05-30T14:00:47.332Z,KOTAK,ORD-C10CBEF7463C,SETTLED
KOTAK202606044697325,167809814681,3343523,INR,2026-05-30T21:00:47.332Z,KOTAK,ORD-1807B28DAD50,SETTLED
KOTAK202606047588861,210431169384,1425942,INR,2026-05-31T08:00:47.332Z,KOTAK,ORD-78E8E9906002,SETTLED
KOTAK202606042401832,419314018638,3742067,INR,2026-05-29T08:00:47.332Z,KOTAK,ORD-CAB26ABB29D6,SETTLED
KOTAK202606041038576,432523745901,4904160,INR,2026-05-30T12:00:47.332Z,KOTAK,ORD-3D7FE0E6DEB0,SETTLED
KOTAK202606041473907,299018531374,3020562,INR,2026-05-29T07:00:47.332Z,KOTAK,ORD-34D4F6AFCD89,SETTLED
KOTAK202606047687340,006997126585,3122899,INR,2026-06-03T08:00:47.332Z,KOTAK,ORD-EDC6C8E6C220,SETTLED
KOTAK202606045629709,167491080741,3358429,INR,2026-06-02T19:00:47.332Z,KOTAK,ORD-9D55BDC4FCB4,SETTLED
KOTAK202606045135880,272863113965,1692472,INR,2026-06-02T02:00:47.332Z,KOTAK,ORD-8192208D4798,SETTLED
KOTAK202606040965896,878391100732,282931,INR,2026-06-04T06:00:47.332Z,KOTAK,ORD-6B9AA2176668,SETTLED
KOTAK202606043522699,287341931506,524707,INR,2026-06-04T16:00:47.332Z,KOTAK,ORD-37B9AEA50F94,SETTLED
KOTAK202606041466873,071848494028,370997,INR,2026-05-30T05:00:47.333Z,KOTAK,ORD-7976F970E4FF,SETTLED
KOTAK202606048583887,080544896702,1397728,INR,2026-06-04T15:00:47.333Z,KOTAK,ORD-5D2E0FEE364F,SETTLED
KOTAK202606049139722,118377069257,3334522,INR,2026-06-03T00:00:47.333Z,KOTAK,ORD-AEE601CD7558,SETTLED
KOTAK202606044425243,648506334862,1352767,INR,2026-06-01T01:00:47.333Z,KOTAK,ORD-AE4A4F731089,SETTLED
KOTAK202606048777503,665322984020,569297,INR,2026-06-01T22:00:47.333Z,KOTAK,ORD-3865924491B3,SETTLED
KOTAK202606040319133,064462542146,1795409,INR,2026-06-01T13:00:47.333Z,KOTAK,ORD-372CC1EACD59,SETTLED
KOTAK202606047406310,611161142205,1788670,INR,2026-05-29T10:00:47.333Z,KOTAK,ORD-CB220ECBB1D8,SETTLED
KOTAK202606044539319,454795766964,2227037,INR,2026-06-01T12:00:47.333Z,KOTAK,ORD-15314162D669,PENDING
KOTAK202606047725796,169624434049,3805871,INR,2026-06-04T12:00:47.333Z,KOTAK,ORD-C19D6A5015C5,PENDING
KOTAK202606045633144,081547680039,3786789,INR,2026-05-30T11:00:47.333Z,KOTAK,ORD-44F9E1CA4211,SETTLED
KOTAK202606046037569,020028602352,4756274,INR,2026-05-30T08:00:47.333Z,KOTAK,ORD-4842AD3214EC,SETTLED
KOTAK202606041506921,574927666653,4120796,INR,2026-06-01T21:00:47.333Z,KOTAK,ORD-E6139C38494B,SETTLED
KOTAK202606041787480,288870462375,1350791,INR,2026-05-30T01:00:47.333Z,KOTAK,ORD-4CA418BC1338,SETTLED
KOTAK202606042526166,884876878804,2544654,INR,2026-05-30T13:00:47.333Z,KOTAK,ORD-3EC9F9C9C173,SETTLED
KOTAK202606048440471,783767520373,582221,INR,2026-06-04T11:00:47.333Z,KOTAK,ORD-8D7062F6D3B6,SETTLED
KOTAK202606046638603,614510148815,991174,INR,2026-05-31T20:00:47.333Z,KOTAK,ORD-9859B84F4A92,SETTLED
KOTAK202606047105824,041564335775,1517822,INR,2026-06-01T18:00:47.333Z,KOTAK,ORD-AD10CB4E3945,SETTLED
KOTAK202606044442693,152679314425,1331040,INR,2026-06-02T21:00:47.333Z,KOTAK,ORD-2D6E46B625A1,SETTLED
KOTAK202606048988645,893598283971,652004,INR,2026-06-03T11:00:47.333Z,KOTAK,ORD-C33A91315CBA,SETTLED
KOTAK202606047283585,802502414312,2399967,INR,2026-06-02T03:00:47.333Z,KOTAK,ORD-6249FA66EAA9,SETTLED
KOTAK202606042789926,525237803803,234320,INR,2026-06-04T09:00:47.333Z,KOTAK,ORD-F5735167A545,SETTLED
KOTAK202606046781983,176135165245,4453411,INR,2026-05-31T06:00:47.333Z,KOTAK,ORD-8EC99C5EFC18,PENDING
KOTAK202606041758545,219551454959,4343942,INR,2026-05-29T00:00:47.333Z,KOTAK,ORD-DC201851DEE0,SETTLED
KOTAK202606049924021,029577948390,1773264,INR,2026-06-02T01:00:47.333Z,KOTAK,ORD-2FD5ACE02DE9,SETTLED
KOTAK202606045205088,980057689702,643487,INR,2026-05-31T01:00:47.333Z,KOTAK,ORD-3C883EDC1060,SETTLED
KOTAK202606046449118,469854363242,4749698,INR,2026-06-04T10:00:47.333Z,KOTAK,ORD-8F285CEDFE70,SETTLED
KOTAK202606041064556,911972453563,3870757,INR,2026-05-29T12:00:47.333Z,KOTAK,ORD-C67CB75EA4BF,SETTLED
KOTAK202606040423883,192656167418,2916135,INR,2026-05-29T16:00:47.333Z,KOTAK,ORD-6BFFA5F51431,SETTLED
KOTAK202606045420514,780135336707,715278,INR,2026-06-04T14:00:47.333Z,KOTAK,ORD-1ADDB5AFB941,SETTLED
KOTAK202606042266173,775989451679,4082475,INR,2026-06-02T07:00:47.333Z,KOTAK,ORD-63B238B5D98D,SETTLED
KOTAK202606049137495,379915146809,908137,INR,2026-06-04T15:00:47.333Z,KOTAK,ORD-65DB5FA70D32,PENDING
KOTAK202606044716643,542298194717,2972792,INR,2026-05-29T03:00:47.333Z,KOTAK,ORD-A881AA425C98,SETTLED
KOTAK202606048056516,664313017015,3218180,INR,2026-06-04T09:00:47.333Z,KOTAK,ORD-24994C74D960,SETTLED
KOTAK202606042669444,331710854207,3866077,INR,2026-05-29T15:00:47.333Z,KOTAK,ORD-0A98194AFBDF,SETTLED
KOTAK202606046554067,698380181504,974214,INR,2026-05-31T02:00:47.333Z,KOTAK,ORD-635D4654281A,SETTLED
KOTAK202606045239177,989002660354,223962,INR,2026-06-01T05:00:47.333Z,KOTAK,ORD-2A25BB9AA804,SETTLED
KOTAK202606042385876,782054282999,1970849,INR,2026-05-31T02:00:47.333Z,KOTAK,ORD-9E0B2F7DE92E,SETTLED
KOTAK202606040903293,932118321348,2384477,INR,2026-05-31T10:00:47.333Z,KOTAK,ORD-1E4CBCB46E0A,SETTLED
KOTAK202606049425832,773486300761,2695753,INR,2026-06-01T21:00:47.333Z,KOTAK,ORD-6749D881B4FB,SETTLED
KOTAK202606045974823,866696686554,3173040,INR,2026-05-29T00:00:47.333Z,KOTAK,ORD-4204EAC3D019,SETTLED
KOTAK202606045478985,322422435039,3874159,INR,2026-06-03T06:00:47.333Z,KOTAK,ORD-A66427CE76A5,SETTLED
KOTAK202606042502916,492393481839,3685459,INR,2026-05-28T19:00:47.333Z,KOTAK,ORD-CAF6B1A2F372,SETTLED
KOTAK202606041335064,948853537453,1177044,INR,2026-05-31T15:00:47.333Z,KOTAK,ORD-ACD84E325E02,SETTLED
KOTAK202606041469122,780551689491,3675234,INR,2026-05-29T22:00:47.333Z,KOTAK,ORD-0E9705C9DAD5,SETTLED
KOTAK202606044581231,917846257969,4319321,INR,2026-06-01T20:00:47.333Z,KOTAK,ORD-479C2B84B195,SETTLED
KOTAK202606040499463,171219582475,1489128,INR,2026-06-01T07:00:47.333Z,KOTAK,ORD-C34A8A404BA4,SETTLED
KOTAK202606046474671,294909746579,3955454,INR,2026-05-31T06:00:47.333Z,KOTAK,ORD-0235ED88C2FB,SETTLED
KOTAK202606040331442,689430697128,2362535,INR,2026-06-01T22:00:47.333Z,KOTAK,ORD-938C82F0AC91,SETTLED
KOTAK202606042371299,324225727594,63543,INR,2026-06-03T14:00:47.333Z,KOTAK,ORD-7CF05B1689B5,PENDING
KOTAK202606047811872,181053743874,3845072,INR,2026-05-31T04:00:47.333Z,KOTAK,ORD-2B529A9CCA62,SETTLED
KOTAK202606043418324,547713709447,4312097,INR,2026-06-04T18:00:47.333Z,KOTAK,ORD-33D95550EF17,SETTLED
KOTAK202606049068952,666606259111,2175911,INR,2026-05-30T22:00:47.333Z,KOTAK,ORD-1B691D5B3085,SETTLED
KOTAK202606040051067,874001806714,3839230,INR,2026-06-01T19:00:47.333Z,KOTAK,ORD-F73CFF6F1816,SETTLED
KOTAK202606042448126,067792849770,346767,INR,2026-06-01T18:00:47.333Z,KOTAK,ORD-BA9B0D278859,SETTLED
KOTAK202606046260808,511764717301,4324299,INR,2026-06-02T19:00:47.333Z,KOTAK,ORD-60B017121757,SETTLED
KOTAK202606046789352,729931431711,2524568,INR,2026-06-03T05:00:47.333Z,KOTAK,ORD-9BA0C76C18BE,SETTLED
KOTAK202606042664680,727708566329,3474277,INR,2026-06-01T16:00:47.333Z,KOTAK,ORD-DFA5388CB7E2,SETTLED
KOTAK202606049175794,401211112252,4215791,INR,2026-06-03T21:00:47.333Z,KOTAK,ORD-9363A379B126,SETTLED
KOTAK202606045016288,862592659982,2261538,INR,2026-05-31T00:00:47.333Z,KOTAK,ORD-1A521DF00D90,SETTLED
KOTAK202606046541259,588589536125,1928267,INR,2026-05-29T00:00:47.333Z,KOTAK,ORD-EA697AE1B039,SETTLED
KOTAK202606041453782,424004642605,3563906,INR,2026-06-02T01:00:47.333Z,KOTAK,ORD-B8791A6C9989,SETTLED
KOTAK202606042057139,756080734818,1604986,INR,2026-05-29T13:00:47.333Z,KOTAK,ORD-318874449DB9,SETTLED
KOTAK202606041497234,463123140924,710516,INR,2026-06-02T00:00:47.333Z,KOTAK,ORD-186295068594,SETTLED
KOTAK202606043595279,661718707982,1170542,INR,2026-06-01T22:00:47.333Z,KOTAK,ORD-EE197AB03256,SETTLED
KOTAK202606043920107,700870170725,196667,INR,2026-06-04T04:00:47.333Z,KOTAK,ORD-3DCAC8090ADF,PENDING
KOTAK202606047462732,023385849982,2657439,INR,2026-06-01T07:00:47.333Z,KOTAK,ORD-6694B58FF71F,SETTLED
KOTAK202606045097270,763222403216,1479099,INR,2026-06-03T17:00:47.333Z,KOTAK,ORD-60BFCD5430A6,SETTLED
KOTAK202606044750557,425321146422,57623,INR,2026-06-01T19:00:47.333Z,KOTAK,ORD-D5817FE1A590,PENDING
KOTAK202606046766804,568697358810,4628132,INR,2026-06-02T03:00:47.333Z,KOTAK,ORD-487603EB591A,SETTLED
KOTAK202606047032165,323711318384,3074331,INR,2026-05-31T23:00:47.333Z,KOTAK,ORD-C62C27EC78ED,SETTLED
KOTAK202606046913780,427521548552,2967780,INR,2026-06-01T15:00:47.333Z,KOTAK,ORD-594AFC074A45,SETTLED
KOTAK202606046127397,319778172563,4616467,INR,2026-06-01T11:00:47.333Z,KOTAK,ORD-6B937C9A71D0,SETTLED
KOTAK202606045976666,684935332349,1238508,INR,2026-05-29T20:00:47.333Z,KOTAK,ORD-EFBF9C425DE9,SETTLED
KOTAK202606047143582,195221277417,4923493,INR,2026-06-03T11:00:47.333Z,KOTAK,ORD-11D9E3A53BB2,SETTLED
KOTAK202606049139824,909852378078,3073895,INR,2026-06-03T06:00:47.333Z,KOTAK,ORD-656D70D277AF,SETTLED
KOTAK202606048112420,619682586340,243773,INR,2026-06-01T15:00:47.333Z,KOTAK,ORD-B3068ACCF38F,SETTLED
KOTAK202606047865592,340652054933,73283,INR,2026-05-29T21:00:47.333Z,KOTAK,ORD-8D2B88EFDF97,SETTLED
KOTAK202606046548304,218636233740,2440197,INR,2026-05-28T22:00:47.333Z,KOTAK,ORD-F6975346D6BD,SETTLED
KOTAK202606047257362,824175139751,3337073,INR,2026-05-30T04:00:47.333Z,KOTAK,ORD-6AD02721AEEE,SETTLED
KOTAK202606043532975,963544796291,1251138,INR,2026-05-30T22:00:47.333Z,KOTAK,ORD-3A35B6CF111F,SETTLED
KOTAK202606043518981,859658550806,3627484,INR,2026-05-30T18:00:47.333Z,KOTAK,ORD-B5BAA059FF3D,SETTLED
KOTAK202606043349965,003946993993,1464365,INR,2026-05-31T02:00:47.333Z,KOTAK,ORD-C4238D1C4166,SETTLED
KOTAK202606049570310,699527481355,1511788,INR,2026-06-03T19:00:47.333Z,KOTAK,ORD-5AFD9F34A853,SETTLED
KOTAK202606044498489,980968424259,365342,INR,2026-05-31T13:00:47.333Z,KOTAK,ORD-142DD016F327,SETTLED
KOTAK202606044661305,875576510177,1595811,INR,2026-06-01T08:00:47.333Z,KOTAK,ORD-A32327750341,SETTLED
KOTAK202606042624370,649721456346,2833466,INR,2026-06-02T06:00:47.333Z,KOTAK,ORD-87A111ECAD6A,SETTLED
KOTAK202606042044949,055046245316,373447,INR,2026-06-02T14:00:47.333Z,KOTAK,ORD-CF03852EDF0D,SETTLED
KOTAK202606040500413,377773858235,2877892,INR,2026-05-29T19:00:47.333Z,KOTAK,ORD-3B1253CDD7A6,SETTLED
KOTAK202606046818418,321790132075,2882315,INR,2026-06-02T12:00:47.333Z,KOTAK,ORD-ECC493F367FE,SETTLED
KOTAK202606043930644,244676565232,2528004,INR,2026-05-29T04:00:47.333Z,KOTAK,ORD-B2931CB783CC,SETTLED
KOTAK202606041029511,541834213922,1419982,INR,2026-06-02T22:00:47.333Z,KOTAK,ORD-8F877E2A7D6E,SETTLED
KOTAK202606049157370,732560925404,3539127,INR,2026-06-01T08:00:47.333Z,KOTAK,ORD-CABE58F3A298,SETTLED
KOTAK202606041174061,314708619948,2769857,INR,2026-06-01T10:00:47.333Z,KOTAK,ORD-D31F741CDE49,SETTLED
KOTAK202606045261269,224475504084,3014348,INR,2026-06-02T18:00:47.333Z,KOTAK,ORD-F82415ABB4A4,SETTLED
KOTAK202606046593876,483862584655,3314717,INR,2026-06-03T09:00:47.333Z,KOTAK,ORD-8C85F47798E5,SETTLED
KOTAK202606041146690,765216479977,4279841,INR,2026-06-02T03:00:47.333Z,KOTAK,ORD-53362BFBDBB4,SETTLED
KOTAK202606047167424,136579860417,4691786,INR,2026-06-03T11:00:47.333Z,KOTAK,ORD-C90CB40C3930,SETTLED
KOTAK202606048582301,972590338971,4330530,INR,2026-05-29T05:00:47.333Z,KOTAK,ORD-8E5229917D80,SETTLED
KOTAK202606049313782,809360948106,3147024,INR,2026-06-03T03:00:47.333Z,KOTAK,ORD-2CAB0C4F05BA,SETTLED
KOTAK202606042849251,295728117674,4648586,INR,2026-05-29T16:00:47.333Z,KOTAK,ORD-98F5E79B2E8D,SETTLED
KOTAK202606049655339,466066972040,58168,INR,2026-06-02T04:00:47.333Z,KOTAK,ORD-02A9F88E3B35,SETTLED
KOTAK202606048828933,450236704797,1167454,INR,2026-05-29T14:00:47.333Z,KOTAK,ORD-6943B7095B45,SETTLED
KOTAK202606040429359,172871189005,1589104,INR,2026-05-30T03:00:47.333Z,KOTAK,ORD-C882E40F933B,SETTLED
KOTAK202606040235764,670873158786,658651,INR,2026-05-31T23:00:47.333Z,KOTAK,ORD-D651DAC57228,SETTLED
KOTAK202606040913574,476245771220,4913034,INR,2026-05-29T22:00:47.333Z,KOTAK,ORD-A6A5F86E045B,PENDING
KOTAK202606047351931,285104508406,98659,INR,2026-05-29T17:00:47.333Z,KOTAK,ORD-881A4DCA06F8,SETTLED
KOTAK202606041935054,065033316431,1185011,INR,2026-05-29T21:00:47.333Z,KOTAK,ORD-3C10701ADFB1,SETTLED
KOTAK202606040927261,727582358800,2899620,INR,2026-06-04T01:00:47.333Z,KOTAK,ORD-D483737474B7,SETTLED
KOTAK202606046047967,298943016140,2986723,INR,2026-06-02T04:00:47.333Z,KOTAK,ORD-221DB88885A7,SETTLED
KOTAK202606046332720,138461516444,3741696,INR,2026-05-29T18:00:47.333Z,KOTAK,ORD-39D2F395ABAC,SETTLED
KOTAK202606040114293,862656160684,4054566,INR,2026-06-03T11:00:47.333Z,KOTAK,ORD-FB5FFD587D15,SETTLED
KOTAK202606043866768,779287050367,3577081,INR,2026-05-31T04:00:47.333Z,KOTAK,ORD-70E5BDAFA170,SETTLED
KOTAK202606047175531,265708090182,4676729,INR,2026-06-01T04:00:47.333Z,KOTAK,ORD-DF93C2B8855C,SETTLED
KOTAK202606049407252,865755509507,2972824,INR,2026-05-29T16:00:47.333Z,KOTAK,ORD-82D096EBE810,SETTLED
KOTAK202606046228926,462349734581,3503898,INR,2026-05-31T12:00:47.333Z,KOTAK,ORD-897DDAA35869,SETTLED
KOTAK202606041317259,875926045966,2359782,INR,2026-05-29T17:00:47.333Z,KOTAK,ORD-42C24CDC715A,SETTLED
KOTAK202606046137656,142906077542,2205158,INR,2026-05-31T18:00:47.333Z,KOTAK,ORD-7CC297624FD4,SETTLED
KOTAK202606043139183,804592589892,428856,INR,2026-06-03T13:00:47.333Z,KOTAK,ORD-4F2CBEF83A85,SETTLED
KOTAK202606049300658,478558051426,822992,INR,2026-06-01T23:00:47.333Z,KOTAK,ORD-F8C33AE0C9AC,SETTLED
KOTAK202606043774751,762085959569,4957334,INR,2026-05-29T20:00:47.333Z,KOTAK,ORD-9D60453CF1A9,SETTLED
KOTAK202606047536541,738871529304,4443662,INR,2026-05-28T23:00:47.333Z,KOTAK,ORD-E4CA6EC79A4F,SETTLED
KOTAK202606043217060,694488590593,1260106,INR,2026-06-04T17:00:47.333Z,KOTAK,ORD-208AC5AE15DC,SETTLED
KOTAK202606041522410,558751495656,457491,INR,2026-05-31T08:00:47.333Z,KOTAK,ORD-5DF2548D8C28,SETTLED
KOTAK202606040866612,318969011557,4517866,INR,2026-05-29T22:00:47.333Z,KOTAK,ORD-B3DAB95689CC,SETTLED
KOTAK202606049948802,966111278571,2980123,INR,2026-05-29T21:00:47.333Z,KOTAK,ORD-C8C579F3FB3C,SETTLED
KOTAK202606046365878,836817412336,1042631,INR,2026-06-03T07:00:47.333Z,KOTAK,ORD-1AA7023E1E8B,SETTLED
KOTAK202606048268770,594937146526,630314,INR,2026-05-29T05:00:47.333Z,KOTAK,ORD-3518F7FAEEAD,SETTLED
KOTAK202606040817373,759507696331,893695,INR,2026-05-30T06:00:47.333Z,KOTAK,ORD-186F6D471717,SETTLED
KOTAK202606047759292,696188423487,1331012,INR,2026-05-31T12:00:47.333Z,KOTAK,ORD-F062E5CD4A48,SETTLED
KOTAK202606044171175,442569282276,4011583,INR,2026-05-30T14:00:47.334Z,KOTAK,ORD-1CB02104F783,PENDING
KOTAK202606041568703,348367627587,281277,INR,2026-05-29T15:00:47.334Z,KOTAK,ORD-59BDA4C317C7,SETTLED
KOTAK202606045211580,327711951399,4863507,INR,2026-05-29T07:00:47.334Z,KOTAK,ORD-150AF80F92A5,SETTLED
KOTAK202606044355963,882205169508,3336182,INR,2026-05-29T16:00:47.334Z,KOTAK,ORD-00FF2CC34DDD,SETTLED
KOTAK202606049658688,567135582287,391842,INR,2026-06-01T10:00:47.334Z,KOTAK,ORD-B44DC39CE311,SETTLED
KOTAK202606044755546,447847374109,4174929,INR,2026-06-02T17:00:47.334Z,KOTAK,ORD-BB24447252F8,SETTLED
KOTAK202606049834089,327381976503,4290024,INR,2026-06-03T00:00:47.334Z,KOTAK,ORD-46116ABB29E9,SETTLED
KOTAK202606046589028,910294847244,4109473,INR,2026-06-02T16:00:47.334Z,KOTAK,ORD-561301772ECE,SETTLED
KOTAK202606041776658,894846044942,3995487,INR,2026-05-31T08:00:47.334Z,KOTAK,ORD-3DE874D2C73F,SETTLED
KOTAK202606047259976,397178883248,3313369,INR,2026-05-31T18:00:47.334Z,KOTAK,ORD-473CC433C6D7,SETTLED
KOTAK202606047534825,969121627064,189586,INR,2026-05-30T20:00:47.334Z,KOTAK,ORD-2224E737A9FC,SETTLED
KOTAK202606044242886,725014229565,4476305,INR,2026-06-02T19:00:47.334Z,KOTAK,ORD-CA23AB333DC8,SETTLED
KOTAK202606044197257,008841955881,2414845,INR,2026-05-31T06:00:47.334Z,KOTAK,ORD-0E434D3ADF8A,SETTLED
KOTAK202606047478619,044243573113,2041783,INR,2026-05-29T13:00:47.334Z,KOTAK,ORD-269F9D2A5AF4,SETTLED
KOTAK202606043093935,121703712812,965564,INR,2026-06-04T04:00:47.334Z,KOTAK,ORD-AA1A3F8ED8AA,SETTLED
KOTAK202606048735102,081135683349,2025652,INR,2026-05-30T05:00:47.334Z,KOTAK,ORD-95C0ECFB19B1,SETTLED
KOTAK202606046716243,485995693565,2539411,INR,2026-05-29T17:00:47.334Z,KOTAK,ORD-300D0F2073DB,SETTLED
KOTAK202606040256935,465055784062,4169451,INR,2026-06-03T09:00:47.334Z,KOTAK,ORD-9C36F35C68F2,SETTLED
KOTAK202606041512151,781206343621,3684258,INR,2026-06-04T12:00:47.334Z,KOTAK,ORD-D18836CA9705,SETTLED
KOTAK202606042056572,282750513098,4781159,INR,2026-05-30T22:00:47.334Z,KOTAK,ORD-AAF363188C70,SETTLED
KOTAK202606042797358,808283452280,1164690,INR,2026-05-31T05:00:47.334Z,KOTAK,ORD-19322E8DDD25,SETTLED
KOTAK202606045610131,376635285104,465895,INR,2026-05-31T21:00:47.334Z,KOTAK,ORD-6D48215A1AAC,SETTLED
KOTAK202606046173932,631840465927,2391957,INR,2026-06-03T13:00:47.334Z,KOTAK,ORD-C474CE2EF652,SETTLED
KOTAK202606041133869,951241218291,4873835,INR,2026-06-02T07:00:47.334Z,KOTAK,ORD-B6808D770E4C,SETTLED
KOTAK202606045498727,679505156907,4623684,INR,2026-05-31T04:00:47.334Z,KOTAK,ORD-8FBC7ED4FEB8,SETTLED
KOTAK202606041894156,917736690440,538759,INR,2026-05-30T03:00:47.334Z,KOTAK,ORD-F19AA9595EE7,SETTLED
KOTAK202606049356942,377683287598,4561437,INR,2026-05-31T14:00:47.334Z,KOTAK,ORD-169A71D8F9D4,SETTLED
KOTAK202606047997378,543635786543,1206844,INR,2026-06-03T07:00:47.334Z,KOTAK,ORD-73048A1510D3,SETTLED
KOTAK202606043946867,658226391538,4213785,INR,2026-05-30T20:00:47.334Z,KOTAK,ORD-BD749EF892EF,SETTLED
KOTAK202606046681980,815936582282,856886,INR,2026-06-02T14:00:47.334Z,KOTAK,ORD-928D48A51510,SETTLED
KOTAK202606040576472,254107422933,4098120,INR,2026-05-29T16:00:47.334Z,KOTAK,ORD-38152BA989E3,SETTLED
KOTAK202606040215649,094045822248,4574368,INR,2026-06-01T02:00:47.334Z,KOTAK,ORD-FD23425F0383,SETTLED
KOTAK202606041135131,441914361754,2244757,INR,2026-05-31T19:00:47.334Z,KOTAK,ORD-D7C1B960E313,SETTLED
KOTAK202606046104378,885590457225,3005629,INR,2026-05-30T11:00:47.334Z,KOTAK,ORD-C125DE15932C,SETTLED
KOTAK202606047567300,065249137221,402286,INR,2026-06-01T16:00:47.334Z,KOTAK,ORD-FC3A71338012,SETTLED
KOTAK202606044985269,276757372750,2616231,INR,2026-06-03T03:00:47.334Z,KOTAK,ORD-C3C927A7251E,SETTLED
KOTAK202606044531445,847220881051,2997148,INR,2026-05-30T14:00:47.334Z,KOTAK,ORD-01978DD0FD90,SETTLED
KOTAK202606048693979,792790146229,2608844,INR,2026-05-29T19:00:47.334Z,KOTAK,ORD-F36283FE702C,SETTLED
KOTAK202606045574638,613351300757,4695881,INR,2026-06-03T02:00:47.334Z,KOTAK,ORD-50DC9068D873,SETTLED
KOTAK202606048627212,888526017937,3340891,INR,2026-05-31T23:00:47.334Z,KOTAK,ORD-C75EF4392C32,SETTLED
KOTAK202606040499521,790161252719,1337984,INR,2026-06-04T05:00:47.334Z,KOTAK,ORD-E3D24E06989C,SETTLED
KOTAK202606042968830,791555911857,2193114,INR,2026-06-01T16:00:47.334Z,KOTAK,ORD-21BB3ACA70D1,SETTLED
KOTAK202606040030013,793294979900,4348766,INR,2026-05-31T06:00:47.334Z,KOTAK,ORD-4632B380EDFE,SETTLED
KOTAK202606043661533,571980597764,2860272,INR,2026-06-02T03:00:47.334Z,KOTAK,ORD-5DCC9E1D1ABD,SETTLED
KOTAK202606045081396,264556352599,1566661,INR,2026-05-28T21:00:47.334Z,KOTAK,ORD-D39D8161D85B,SETTLED
KOTAK202606048364484,985437484948,474853,INR,2026-05-29T15:00:47.334Z,KOTAK,ORD-116BA24AB03F,SETTLED
KOTAK202606040722063,708030165086,1912781,INR,2026-06-01T08:00:47.334Z,KOTAK,ORD-2047A3C6EDE5,SETTLED
KOTAK202606047214410,508356036639,18620,INR,2026-06-03T19:00:47.334Z,KOTAK,ORD-8FD847450F96,SETTLED
KOTAK202606041667522,474239653454,1859056,INR,2026-06-01T17:00:47.334Z,KOTAK,ORD-66F4090E5D89,SETTLED
KOTAK202606042834924,904375584298,500097,INR,2026-05-29T15:00:47.334Z,KOTAK,ORD-3D0463A1E16D,SETTLED
KOTAK202606046750413,846739657188,3663448,INR,2026-05-30T09:00:47.334Z,KOTAK,ORD-1D2DD96D5B23,SETTLED
KOTAK202606043570806,986751938089,3161062,INR,2026-06-01T16:00:47.334Z,KOTAK,ORD-6E5D651F2EC7,SETTLED
KOTAK202606049922043,587819423277,4285969,INR,2026-05-29T09:00:47.334Z,KOTAK,ORD-C903BB9F37F8,SETTLED
KOTAK202606047138850,731835459875,870882,INR,2026-06-01T15:00:47.334Z,KOTAK,ORD-2144C6DAAE66,SETTLED
KOTAK202606045170881,501188600058,243252,INR,2026-06-01T04:00:47.334Z,KOTAK,ORD-4CDC49040750,SETTLED
KOTAK202606044446689,101254350052,1040235,INR,2026-05-29T17:00:47.334Z,KOTAK,ORD-79C78CD93E18,SETTLED
KOTAK202606049029559,916989309448,653412,INR,2026-06-04T08:00:47.334Z,KOTAK,ORD-063F70350417,SETTLED
KOTAK202606047231081,940532553203,3297529,INR,2026-06-02T14:00:47.334Z,KOTAK,ORD-C0462A1D1D0E,SETTLED
KOTAK202606041263917,868609582917,398699,INR,2026-05-31T07:00:47.334Z,KOTAK,ORD-CFA894AFF35C,SETTLED
KOTAK202606042281299,437933755409,4956789,INR,2026-06-01T15:00:47.334Z,KOTAK,ORD-A7853E087A7F,SETTLED
KOTAK202606046615731,042860846309,797367,INR,2026-05-30T00:00:47.334Z,KOTAK,ORD-24811942F184,SETTLED
KOTAK202606046151768,588391731802,2585234,INR,2026-05-30T22:00:47.334Z,KOTAK,ORD-26CE5851CCF4,SETTLED
KOTAK202606041539811,597657156428,372010,INR,2026-05-30T09:00:47.334Z,KOTAK,ORD-DEF2A1A75EB2,SETTLED
KOTAK202606042310693,597973319383,194398,INR,2026-06-01T02:00:47.334Z,KOTAK,ORD-BB886CEAFFAE,SETTLED
KOTAK202606043725591,942307126139,3146205,INR,2026-05-30T03:00:47.334Z,KOTAK,ORD-62DB552075B6,SETTLED
KOTAK202606040776627,014600396854,491187,INR,2026-06-03T16:00:47.334Z,KOTAK,ORD-E16522A4FD4B,SETTLED
KOTAK202606047347444,373067817459,3522241,INR,2026-05-29T09:00:47.334Z,KOTAK,ORD-04019FA15F92,PENDING
KOTAK202606042538560,130007316038,3445920,INR,2026-05-29T04:00:47.334Z,KOTAK,ORD-ADA27671135C,SETTLED
KOTAK202606041453656,935888741088,3426102,INR,2026-05-30T10:00:47.334Z,KOTAK,ORD-C8114B093AC7,SETTLED
KOTAK202606047301641,181406813933,2247592,INR,2026-06-02T09:00:47.334Z,KOTAK,ORD-0C0A5F6CCD3A,SETTLED
KOTAK202606047392106,241968590439,1632339,INR,2026-05-30T10:00:47.334Z,KOTAK,ORD-D9D6EE80527E,SETTLED
KOTAK202606042095271,014384004793,314364,INR,2026-06-03T03:00:47.334Z,KOTAK,ORD-DF1808BDA7BC,SETTLED
KOTAK202606048342850,459794777844,4251665,INR,2026-05-29T16:00:47.334Z,KOTAK,ORD-5EC21D95B02D,SETTLED
KOTAK202606043923490,285805737898,2445783,INR,2026-05-31T14:00:47.334Z,KOTAK,ORD-2662DC00C913,PENDING
KOTAK202606044522384,202474388727,3706240,INR,2026-05-30T00:00:47.334Z,KOTAK,ORD-6C6290DE829B,SETTLED
KOTAK202606041111565,942176961463,3044015,INR,2026-06-03T16:00:47.334Z,KOTAK,ORD-7876B97201F3,SETTLED
KOTAK202606045915713,919577026408,3774468,INR,2026-05-28T22:00:47.335Z,KOTAK,ORD-8ECE524B52D6,SETTLED
KOTAK202606040479159,834036714571,638989,INR,2026-05-30T02:00:47.335Z,KOTAK,ORD-AC88DD08E1A3,SETTLED
KOTAK202606049754867,904701281541,232526,INR,2026-06-04T14:00:47.335Z,KOTAK,ORD-906CF85956D4,SETTLED
KOTAK202606042350375,761082374358,4739833,INR,2026-05-30T20:00:47.335Z,KOTAK,ORD-8B93CFF13F3E,SETTLED
KOTAK202606048301612,914048195871,1876259,INR,2026-06-02T23:00:47.335Z,KOTAK,ORD-C90D891C381D,SETTLED
KOTAK202606048074001,476143435296,2086631,INR,2026-06-02T09:00:47.335Z,KOTAK,ORD-44A3DF517756,SETTLED
KOTAK202606046045135,814360005025,102833,INR,2026-05-31T15:00:47.335Z,KOTAK,ORD-DAB51DB356D4,SETTLED
KOTAK202606048943425,793597014483,755617,INR,2026-06-03T01:00:47.335Z,KOTAK,ORD-24517BB31793,SETTLED
KOTAK202606047739636,066834642862,1817670,INR,2026-06-04T15:00:47.335Z,KOTAK,ORD-8F495177DFF4,SETTLED
KOTAK202606042812858,884290628862,3185616,INR,2026-05-30T17:00:47.335Z,KOTAK,ORD-145E517DDB56,SETTLED
KOTAK202606043082782,149810757224,1963568,INR,2026-05-28T19:00:47.335Z,KOTAK,ORD-7D217EEBD436,PENDING
KOTAK202606044943216,959076703274,4278098,INR,2026-05-31T14:00:47.335Z,KOTAK,ORD-44D654EEDE42,SETTLED
KOTAK202606045024682,435446006489,4463772,INR,2026-06-03T14:00:47.335Z,KOTAK,ORD-24841B97A4EE,SETTLED
KOTAK202606048536292,339010950041,134941,INR,2026-06-01T01:00:47.335Z,KOTAK,ORD-4708FAA84243,SETTLED
KOTAK202606045097460,186694713378,3046519,INR,2026-06-02T05:00:47.335Z,KOTAK,ORD-55F80E9777FE,SETTLED
KOTAK202606045394574,073204979390,2870736,INR,2026-05-29T03:00:47.335Z,KOTAK,ORD-1E3E4814A2B2,SETTLED
KOTAK202606044932467,503496856482,2056796,INR,2026-05-30T04:00:47.335Z,KOTAK,ORD-D7B47AA3909D,SETTLED
KOTAK202606040852721,502685861051,281334,INR,2026-06-02T07:00:47.335Z,KOTAK,ORD-6309B2D6CC50,SETTLED
KOTAK202606048944059,832241230427,4074359,INR,2026-05-29T17:00:47.335Z,KOTAK,ORD-B93C49C9408A,SETTLED
KOTAK202606046449214,980555903563,1681529,INR,2026-06-01T08:00:47.335Z,KOTAK,ORD-366C160C5B40,SETTLED
KOTAK202606045514145,854991149675,1879760,INR,2026-05-29T17:00:47.335Z,KOTAK,ORD-2A8471BD2EDA,SETTLED
KOTAK202606044433707,396544666372,716273,INR,2026-06-04T06:00:47.335Z,KOTAK,ORD-68145AA13DE5,SETTLED
KOTAK202606046458678,505565341082,4508187,INR,2026-05-30T05:00:47.335Z,KOTAK,ORD-D4213FCB6E63,SETTLED
KOTAK202606046263188,348659730808,3245182,INR,2026-06-03T00:00:47.335Z,KOTAK,ORD-E4627E00F4E0,SETTLED
KOTAK202606044661473,581775718384,2906102,INR,2026-05-31T13:00:47.335Z,KOTAK,ORD-370A2557FD6D,SETTLED
KOTAK202606040724629,080999213199,4169651,INR,2026-06-03T15:00:47.335Z,KOTAK,ORD-2FFF103F441F,SETTLED
KOTAK202606043480137,404978772049,2014664,INR,2026-06-03T21:00:47.335Z,KOTAK,ORD-E76E625AFF60,SETTLED
KOTAK202606042041568,809593049030,2383202,INR,2026-05-31T13:00:47.335Z,KOTAK,ORD-72AF3873E8D9,SETTLED
KOTAK202606045468185,676725324764,2593151,INR,2026-05-30T13:00:47.335Z,KOTAK,ORD-B9D5277A8D5A,SETTLED
KOTAK202606047310353,778232908808,2794433,INR,2026-05-29T04:00:47.335Z,KOTAK,ORD-8576125745A4,SETTLED
KOTAK202606048180400,219235387981,2327824,INR,2026-06-04T13:00:47.335Z,KOTAK,ORD-7ECBFADECA18,SETTLED
KOTAK202606044961806,031923776000,1400366,INR,2026-05-29T17:00:47.335Z,KOTAK,ORD-F27DB179F609,SETTLED
KOTAK202606040227606,390250242117,3692326,INR,2026-06-03T10:00:47.335Z,KOTAK,ORD-CA614B20924E,SETTLED
KOTAK202606047419943,266842238314,2358581,INR,2026-06-04T08:00:47.335Z,KOTAK,ORD-002B795E7D1B,SETTLED
KOTAK202606047189563,920779691023,1318842,INR,2026-06-01T11:00:47.335Z,KOTAK,ORD-2F4BFCBE1F6B,SETTLED
KOTAK202606041322378,867691496659,4500850,INR,2026-06-01T08:00:47.335Z,KOTAK,ORD-645C25D8624F,SETTLED
KOTAK202606040524025,068455080655,1520618,INR,2026-06-02T20:00:47.335Z,KOTAK,ORD-13CE8779F6F4,SETTLED
KOTAK202606047688972,779520604478,1766694,INR,2026-06-02T15:00:47.335Z,KOTAK,ORD-073067B98C51,PENDING
KOTAK202606041153406,275863330476,1744156,INR,2026-05-31T04:00:47.335Z,KOTAK,ORD-1BCD25CFE611,PENDING
KOTAK202606045166323,469456429646,901739,INR,2026-05-29T11:00:47.335Z,KOTAK,ORD-6C36C848E549,SETTLED
KOTAK202606040447091,007507005899,390004,INR,2026-05-29T20:00:47.335Z,KOTAK,ORD-C06EFD9C8B61,SETTLED
KOTAK202606043026285,251705950896,3380320,INR,2026-05-30T01:00:47.335Z,KOTAK,ORD-BA5F13B99A6A,SETTLED
KOTAK202606045490701,690375152626,625890,INR,2026-06-03T18:00:47.335Z,KOTAK,ORD-7EC14D2BCE99,SETTLED
KOTAK202606040250635,611171943813,4000021,INR,2026-05-28T20:00:47.335Z,KOTAK,ORD-E9B95511AEF2,SETTLED
KOTAK202606045427699,895052433248,188079,INR,2026-06-04T17:00:47.335Z,KOTAK,ORD-0D46264E42C9,SETTLED
KOTAK202606041560789,964167691723,1194726,INR,2026-05-31T09:00:47.335Z,KOTAK,ORD-812C7F0B8743,SETTLED
KOTAK202606042143024,969076722070,4342384,INR,2026-06-02T00:00:47.335Z,KOTAK,ORD-05538A0B5D85,PENDING
KOTAK202606048018108,729013496986,4510021,INR,2026-06-02T16:00:47.335Z,KOTAK,ORD-AE990F4A0C17,SETTLED
KOTAK202606041620376,367403678517,4901024,INR,2026-05-31T06:00:47.335Z,KOTAK,ORD-AD7A98A0636D,SETTLED
KOTAK202606040073339,208585512574,2283097,INR,2026-06-04T10:00:47.335Z,KOTAK,ORD-8DED82821716,SETTLED
KOTAK202606047053461,956219968802,4959819,INR,2026-05-29T21:00:47.335Z,KOTAK,ORD-5095A7467D0D,SETTLED
KOTAK202606047814996,275988514071,2823129,INR,2026-05-29T02:00:47.335Z,KOTAK,ORD-81B7AD68A972,SETTLED
KOTAK202606047513378,803638157641,3862290,INR,2026-06-04T13:00:47.335Z,KOTAK,ORD-EA09FD5BC1B8,SETTLED
KOTAK202606040723297,792648678147,599596,INR,2026-05-30T22:00:47.335Z,KOTAK,ORD-A2CB0FE3DCF8,SETTLED
KOTAK202606040327923,394383465126,4640783,INR,2026-06-01T17:00:47.335Z,KOTAK,ORD-F6FD2BA60CC1,SETTLED
KOTAK202606043405837,957384477661,2060259,INR,2026-05-29T00:00:47.335Z,KOTAK,ORD-2624CA20589E,SETTLED
KOTAK202606048798000,326578352018,791282,INR,2026-06-02T00:00:47.335Z,KOTAK,ORD-F356297C83A4,SETTLED
KOTAK202606044527442,370344625761,4608718,INR,2026-05-31T21:00:47.335Z,KOTAK,ORD-C7AB18758BE2,SETTLED
KOTAK202606043847670,599749599456,471650,INR,2026-05-30T00:00:47.335Z,KOTAK,ORD-A16B9F84B6D0,SETTLED
KOTAK202606044978288,539872502164,1257157,INR,2026-06-01T20:00:47.335Z,KOTAK,ORD-E45DA9BC79B1,SETTLED
KOTAK202606048464986,528759106912,4345395,INR,2026-06-02T11:00:47.335Z,KOTAK,ORD-311EFA9E7A56,SETTLED
KOTAK202606046806589,298684211219,4894255,INR,2026-06-02T12:00:47.335Z,KOTAK,ORD-ED6546856FAD,SETTLED
KOTAK202606041868001,471627016906,1312766,INR,2026-05-30T23:00:47.335Z,KOTAK,ORD-5D179720FCFB,SETTLED
KOTAK202606049082510,894106899932,880722,INR,2026-05-30T10:00:47.335Z,KOTAK,ORD-5742FBB4319C,SETTLED
KOTAK202606044420760,256020860390,2152456,INR,2026-05-29T08:00:47.335Z,KOTAK,ORD-13FF98B6A011,SETTLED
KOTAK202606049990452,556869437273,2020204,INR,2026-06-01T05:00:47.335Z,KOTAK,ORD-AF23FB0347C6,SETTLED
KOTAK202606041111662,227580018307,1198373,INR,2026-05-29T12:00:47.335Z,KOTAK,ORD-752CAD781164,SETTLED
KOTAK202606048632273,635948732975,732526,INR,2026-05-29T19:00:47.335Z,KOTAK,ORD-4FB203B64E9F,SETTLED
KOTAK202606047376285,329751320051,4322592,INR,2026-06-02T09:00:47.335Z,KOTAK,ORD-B8CA29D8EEE3,SETTLED
KOTAK202606043262394,381549991563,715013,INR,2026-06-02T00:00:47.335Z,KOTAK,ORD-9185B0E206E7,SETTLED
KOTAK202606041692413,537218089227,2406874,INR,2026-06-02T08:00:47.335Z,KOTAK,ORD-1F80BC8E1046,SETTLED
KOTAK202606042048662,883879970156,2988915,INR,2026-05-30T11:00:47.335Z,KOTAK,ORD-6FE09C473D49,SETTLED
KOTAK202606043533455,759062433248,4894154,INR,2026-06-03T12:00:47.335Z,KOTAK,ORD-CEDD38B58CFB,SETTLED
KOTAK202606047045141,709688691729,1185796,INR,2026-06-01T22:00:47.335Z,KOTAK,ORD-EC8E247FB128,SETTLED
KOTAK202606045735097,270454014111,1002918,INR,2026-06-03T18:00:47.335Z,KOTAK,ORD-25C18080F9AE,SETTLED
KOTAK202606049361320,317843515482,1553309,INR,2026-06-03T04:00:47.335Z,KOTAK,ORD-BB1289B50A76,SETTLED
KOTAK202606042873579,676675503348,3947790,INR,2026-05-29T10:00:47.335Z,KOTAK,ORD-0C4A7A62D86D,SETTLED
KOTAK202606047070727,896036169154,2898793,INR,2026-05-30T18:00:47.335Z,KOTAK,ORD-299407AC31B8,SETTLED
KOTAK202606040542034,639486811691,3694354,INR,2026-06-04T16:00:47.335Z,KOTAK,ORD-896586A036E1,SETTLED
KOTAK202606048391255,241614373924,1975308,INR,2026-05-29T07:00:47.335Z,KOTAK,ORD-77038809BEEC,SETTLED
KOTAK202606043902605,442911018668,4887978,INR,2026-05-29T21:00:47.335Z,KOTAK,ORD-F672B2F016FF,SETTLED
KOTAK202606041713152,194145758871,1127483,INR,2026-06-01T12:00:47.335Z,KOTAK,ORD-543F3B1C95DF,SETTLED
KOTAK202606048291685,492310873655,4726859,INR,2026-05-31T19:00:47.335Z,KOTAK,ORD-6CCA89DC4D65,SETTLED
KOTAK202606040797738,759437887825,501987,INR,2026-05-29T21:00:47.335Z,KOTAK,ORD-E0B40CD8F1F4,SETTLED
KOTAK202606044053620,342353097674,4075420,INR,2026-06-03T15:00:47.335Z,KOTAK,ORD-2CFDB3EA5983,SETTLED
KOTAK202606048473631,691713350851,2113448,INR,2026-06-01T07:00:47.335Z,KOTAK,ORD-170F4FB71880,SETTLED
KOTAK202606043048673,397398009776,1983679,INR,2026-05-30T23:00:47.335Z,KOTAK,ORD-F03186385728,SETTLED
KOTAK202606042815452,230969815061,1075276,INR,2026-05-30T16:00:47.335Z,KOTAK,ORD-42698E44BDE3,SETTLED
KOTAK202606046772554,547049262212,2705041,INR,2026-05-31T08:00:47.335Z,KOTAK,ORD-0404D02D5331,SETTLED
KOTAK202606046975927,315252876935,2342139,INR,2026-05-31T10:00:47.335Z,KOTAK,ORD-74C846F4A6FE,SETTLED
KOTAK202606046838728,791468156271,1338779,INR,2026-05-31T06:00:47.335Z,KOTAK,ORD-EE618C7C646E,SETTLED
KOTAK202606044328961,597999414760,1739963,INR,2026-06-03T15:00:47.335Z,KOTAK,ORD-AF88DB9B05F1,SETTLED
KOTAK202606044664235,213690881091,3329811,INR,2026-05-30T00:00:47.335Z,KOTAK,ORD-7A3CD5D7D6BA,SETTLED
KOTAK202606049482464,788044024681,2648124,INR,2026-06-02T11:00:47.335Z,KOTAK,ORD-48D2B6BF631D,SETTLED
KOTAK202606043115533,286743621127,4739811,INR,2026-05-30T00:00:47.335Z,KOTAK,ORD-062F1A707003,SETTLED
KOTAK202606045395977,674607709762,471483,INR,2026-05-29T03:00:47.335Z,KOTAK,ORD-AB9106887D0A,SETTLED
KOTAK202606046907206,082085146602,2095973,INR,2026-05-31T06:00:47.335Z,KOTAK,ORD-0764F7D7A2AD,SETTLED
KOTAK202606044381802,939948335483,2884479,INR,2026-06-04T18:00:47.335Z,KOTAK,ORD-0CF31A3AA1BB,SETTLED
KOTAK202606043044839,305770608971,2524187,INR,2026-06-02T09:00:47.335Z,KOTAK,ORD-A92E0A859AF8,SETTLED
KOTAK202606044568191,647069238044,3113103,INR,2026-06-02T02:00:47.335Z,KOTAK,ORD-CA827E8E6CD9,SETTLED
KOTAK202606042017229,819483517513,4735900,INR,2026-06-02T07:00:47.335Z,KOTAK,ORD-08491862D0EA,SETTLED
KOTAK202606048581750,945245353794,1710446,INR,2026-06-02T17:00:47.335Z,KOTAK,ORD-32C7D0444F3B,SETTLED
KOTAK202606043967878,530242022694,4025523,INR,2026-05-31T03:00:47.335Z,KOTAK,ORD-69ED4B3A9FB7,SETTLED
KOTAK202606042446723,225581993389,2260031,INR,2026-05-31T18:00:47.335Z,KOTAK,ORD-E3FD8FA3B91B,SETTLED
KOTAK202606042116221,163829835274,3379554,INR,2026-05-30T06:00:47.335Z,KOTAK,ORD-030E00D0D9C0,SETTLED
KOTAK202606046191535,524953868893,3663080,INR,2026-05-30T03:00:47.335Z,KOTAK,ORD-71C2ECF882B0,SETTLED
KOTAK202606040455794,912757221577,4382064,INR,2026-06-03T23:00:47.335Z,KOTAK,ORD-C467B48625DB,SETTLED
KOTAK202606040191382,261746611456,329050,INR,2026-06-02T10:00:47.335Z,KOTAK,ORD-E837C8545282,SETTLED
KOTAK202606049040510,851353992311,162257,INR,2026-05-31T02:00:47.335Z,KOTAK,ORD-E74CE5154F53,SETTLED
KOTAK202606047902892,784665434929,1247679,INR,2026-06-02T06:00:47.335Z,KOTAK,ORD-A2DC171BEB64,SETTLED
KOTAK202606044928772,382494483271,2524942,INR,2026-06-02T10:00:47.335Z,KOTAK,ORD-7E3A4C32C0ED,SETTLED
KOTAK202606046317696,741423910103,1143728,INR,2026-05-31T04:00:47.335Z,KOTAK,ORD-CADC63BFC656,SETTLED
KOTAK202606045327757,876132259012,4201726,INR,2026-06-01T18:00:47.335Z,KOTAK,ORD-F405C6B47CA2,SETTLED
KOTAK202606048616721,349992517876,2294978,INR,2026-06-01T18:00:47.335Z,KOTAK,ORD-B0888B4FEC29,SETTLED
KOTAK202606040087331,443123762642,4067227,INR,2026-06-02T02:00:47.335Z,KOTAK,ORD-6DBDD3DC4FB0,PENDING
KOTAK202606040491810,664029799318,4953696,INR,2026-05-30T03:00:47.335Z,KOTAK,ORD-400B7C0C3AEB,SETTLED
KOTAK202606043785101,873345348454,4300375,INR,2026-05-31T08:00:47.335Z,KOTAK,ORD-CFB5C1F9A721,SETTLED
KOTAK202606040655370,087672282571,4518653,INR,2026-06-03T17:00:47.335Z,KOTAK,ORD-5A53FB665BDA,SETTLED
KOTAK202606047529591,967942902453,1243140,INR,2026-06-03T04:00:47.335Z,KOTAK,ORD-A2386C968629,SETTLED
KOTAK202606047227974,745301614586,2439409,INR,2026-06-02T01:00:47.335Z,KOTAK,ORD-434CFC9961A8,SETTLED
KOTAK202606044727234,375528823289,3164673,INR,2026-05-30T04:00:47.335Z,KOTAK,ORD-C27EDCC3D567,SETTLED
KOTAK202606043451487,759396453994,651502,INR,2026-05-31T07:00:47.336Z,KOTAK,ORD-72D8CEB27440,SETTLED
KOTAK202606047263766,891797683518,2118423,INR,2026-06-01T18:00:47.336Z,KOTAK,ORD-6F32B940951D,SETTLED
KOTAK202606045492179,125737843207,922180,INR,2026-06-04T14:00:47.336Z,KOTAK,ORD-A8A64EA834F8,SETTLED
KOTAK202606044723932,862982252898,1216093,INR,2026-05-30T22:00:47.336Z,KOTAK,ORD-1CEAC01AE026,SETTLED
KOTAK202606048512583,453541125549,1331536,INR,2026-05-30T22:00:47.336Z,KOTAK,ORD-C8B5808866C5,SETTLED
KOTAK202606047265639,662216365769,3792411,INR,2026-06-04T12:00:47.336Z,KOTAK,ORD-0F5561ACE03C,SETTLED
KOTAK202606045406623,589824106515,3934322,INR,2026-05-30T12:00:47.336Z,KOTAK,ORD-C4C1FDED3A15,SETTLED
KOTAK202606047664124,006657668304,962267,INR,2026-06-04T18:00:47.336Z,KOTAK,ORD-F76A8A2DB56D,SETTLED
KOTAK202606043754988,990277917371,2206002,INR,2026-06-03T07:00:47.336Z,KOTAK,ORD-835838C27C9B,SETTLED
KOTAK202606043852561,295554204443,3155716,INR,2026-05-31T02:00:47.336Z,KOTAK,ORD-6FAD066848F3,SETTLED
KOTAK202606046598850,342096590971,3744644,INR,2026-06-04T15:00:47.336Z,KOTAK,ORD-919BDEFDF74D,SETTLED
KOTAK202606042997667,200209713395,2010848,INR,2026-06-04T16:00:47.336Z,KOTAK,ORD-13D0BB1C7B74,PENDING
KOTAK202606049348117,714994592178,900654,INR,2026-06-03T00:00:47.336Z,KOTAK,ORD-F2D9F9B361CD,PENDING
KOTAK202606048646282,183221929784,3516139,INR,2026-05-29T23:00:47.336Z,KOTAK,ORD-D6FB4ACDE078,SETTLED
KOTAK202606048080731,343630304679,4137887,INR,2026-05-30T10:00:47.336Z,KOTAK,ORD-EB0FC711DF1E,SETTLED
KOTAK202606044821821,811862625321,1397664,INR,2026-06-03T17:00:47.336Z,KOTAK,ORD-B6AEBDF93CFF,SETTLED
KOTAK202606040297654,768782744089,1891972,INR,2026-06-02T02:00:47.336Z,KOTAK,ORD-1CC959B6E1AF,SETTLED
KOTAK202606049474608,767337765469,1464200,INR,2026-05-30T23:00:47.336Z,KOTAK,ORD-0C76FD9E1C7E,SETTLED
KOTAK202606047865057,676978619176,4921901,INR,2026-06-03T08:00:47.336Z,KOTAK,ORD-9495F885A07B,SETTLED
KOTAK202606048888162,415232666502,1100909,INR,2026-06-02T15:00:47.336Z,KOTAK,ORD-230B329DD96B,SETTLED
KOTAK202606040026316,774417861633,3519498,INR,2026-05-29T07:00:47.336Z,KOTAK,ORD-96DD9FC595F8,SETTLED
KOTAK202606042867185,175359224356,4781449,INR,2026-06-01T01:00:47.336Z,KOTAK,ORD-FA2B2BA1834B,SETTLED
KOTAK202606042216070,034974530432,796501,INR,2026-06-01T16:00:47.336Z,KOTAK,ORD-B266887DEB18,SETTLED
KOTAK202606040472779,237914346117,501635,INR,2026-06-01T01:00:47.336Z,KOTAK,ORD-29E058DACD93,PENDING
KOTAK202606044815148,871992545627,3899459,INR,2026-06-04T09:00:47.336Z,KOTAK,ORD-ED7244733157,SETTLED
KOTAK202606040990263,820874561105,340101,INR,2026-05-29T20:00:47.336Z,KOTAK,ORD-3B23D9F2633F,SETTLED
KOTAK202606045987333,800205660824,2515522,INR,2026-06-04T05:00:47.336Z,KOTAK,ORD-C072EDC9B4E9,SETTLED
KOTAK202606047534460,561683907456,4180275,INR,2026-06-02T15:00:47.336Z,KOTAK,ORD-3B624D048CC8,SETTLED
KOTAK202606046102547,058726201591,3454845,INR,2026-05-29T14:00:47.336Z,KOTAK,ORD-EA9BAA4ADCFB,SETTLED
KOTAK202606045596736,883287903155,3900503,INR,2026-05-31T16:00:47.336Z,KOTAK,ORD-C0EBD8534E02,SETTLED
KOTAK202606040940179,810826990083,2000519,INR,2026-05-31T17:00:47.336Z,KOTAK,ORD-124FD117CBD4,SETTLED
KOTAK202606043601787,330031424421,2589243,INR,2026-06-04T03:00:47.336Z,KOTAK,ORD-35FF1745D0D6,SETTLED
KOTAK202606045313114,417015449133,1963129,INR,2026-05-31T01:00:47.336Z,KOTAK,ORD-878DD003899C,SETTLED
KOTAK202606049394513,242219592327,2706836,INR,2026-05-30T03:00:47.336Z,KOTAK,ORD-B0544857B862,SETTLED
KOTAK202606044872074,096987085037,3488775,INR,2026-06-01T00:00:47.336Z,KOTAK,ORD-7DF602FACC01,SETTLED
KOTAK202606047133120,616552116332,2248739,INR,2026-06-01T01:00:47.336Z,KOTAK,ORD-2EEEB51BEB33,SETTLED
KOTAK202606047155158,984504192579,1301031,INR,2026-06-01T06:00:47.336Z,KOTAK,ORD-A221840D54D4,SETTLED
KOTAK202606046444791,140535455876,1048709,INR,2026-06-02T18:00:47.336Z,KOTAK,ORD-7CA0B9A42334,SETTLED
KOTAK202606048009281,296748269363,4716038,INR,2026-05-29T14:00:47.336Z,KOTAK,ORD-517EEBB716E9,SETTLED
KOTAK202606046171961,462376259769,1812064,INR,2026-06-01T09:00:47.336Z,KOTAK,ORD-49DFF652E05C,SETTLED
KOTAK202606044042451,301192939461,2825782,INR,2026-05-30T07:00:47.336Z,KOTAK,ORD-254C68FFB1C9,SETTLED
KOTAK202606049014244,413985799199,2171632,INR,2026-06-04T02:00:47.336Z,KOTAK,ORD-1625CC23325F,SETTLED
KOTAK202606049346011,089211361515,3086137,INR,2026-05-28T21:00:47.336Z,KOTAK,ORD-504F11193774,SETTLED
KOTAK202606044117515,921725684979,3304820,INR,2026-05-30T16:00:47.336Z,KOTAK,ORD-F2D5D3C93385,SETTLED
KOTAK202606041545007,280891810551,368410,INR,2026-06-03T22:00:47.336Z,KOTAK,ORD-36948E3B98F5,SETTLED
KOTAK202606040413234,904015563491,2850583,INR,2026-05-29T20:00:47.336Z,KOTAK,ORD-FEAC98192F89,SETTLED
KOTAK202606044100631,289150485822,4953178,INR,2026-05-31T06:00:47.336Z,KOTAK,ORD-BA2A66F5DCE5,SETTLED
KOTAK202606041015680,194967736612,4890399,INR,2026-05-31T19:00:47.336Z,KOTAK,ORD-AF1C0C5E3BCE,SETTLED
KOTAK202606041707816,380721717105,4240918,INR,2026-05-30T12:00:47.336Z,KOTAK,ORD-A2F3BB722252,SETTLED
KOTAK202606048149250,233779800850,3095972,INR,2026-05-29T14:00:47.336Z,KOTAK,ORD-2F6561B02D97,PENDING
KOTAK202606042528018,829948375889,4849251,INR,2026-05-29T08:00:47.336Z,KOTAK,ORD-5AA58C02A44C,SETTLED
KOTAK202606047829868,384757059509,455590,INR,2026-05-31T00:00:47.336Z,KOTAK,ORD-F849827F5024,SETTLED
KOTAK202606042170261,094830705643,2231217,INR,2026-06-03T04:00:47.336Z,KOTAK,ORD-4E5CF57211F0,SETTLED
KOTAK202606042468816,008987723493,3736865,INR,2026-06-01T01:00:47.336Z,KOTAK,ORD-1F880A5C3D2A,SETTLED
KOTAK202606047472511,179035044176,161267,INR,2026-06-02T09:00:47.336Z,KOTAK,ORD-8952627300BE,SETTLED
KOTAK202606041581847,334399468556,4854472,INR,2026-05-31T04:00:47.336Z,KOTAK,ORD-5FB448D0E738,SETTLED
KOTAK202606040016326,080283559598,3311831,INR,2026-05-31T03:00:47.336Z,KOTAK,ORD-F86617A76085,SETTLED
KOTAK202606042570798,502761819609,3797026,INR,2026-06-02T06:00:47.336Z,KOTAK,ORD-CBA73AF762CF,SETTLED
KOTAK202606049237099,809901282507,809059,INR,2026-06-02T23:00:47.336Z,KOTAK,ORD-9F8A5120EB55,SETTLED
KOTAK202606045994433,477329331456,2635965,INR,2026-06-03T22:00:47.336Z,KOTAK,ORD-4E53233B2825,SETTLED
KOTAK202606044642928,733510273108,2769850,INR,2026-05-30T06:00:47.336Z,KOTAK,ORD-24F7BCB237D5,SETTLED
KOTAK202606045632948,802018901768,557963,INR,2026-06-03T11:00:47.336Z,KOTAK,ORD-DA0DDB38EEE6,SETTLED
KOTAK202606043308491,250475340937,3783828,INR,2026-05-28T20:00:47.336Z,KOTAK,ORD-3BB05082F941,SETTLED
KOTAK202606042845496,009389717391,4683750,INR,2026-06-01T11:00:47.336Z,KOTAK,ORD-67844851682D,SETTLED
KOTAK202606045748750,608166912028,2917165,INR,2026-06-02T05:00:47.336Z,KOTAK,ORD-3A53A2817288,SETTLED
KOTAK202606042391296,312043797446,2143954,INR,2026-05-29T05:00:47.336Z,KOTAK,ORD-7E048A6DDB2F,SETTLED
KOTAK202606042301248,649878066599,1127015,INR,2026-06-03T04:00:47.336Z,KOTAK,ORD-8B0B8CCE73B3,SETTLED
KOTAK202606046029517,682869550980,1200701,INR,2026-06-02T21:00:47.336Z,KOTAK,ORD-155A08197083,SETTLED
KOTAK202606042860811,053745305373,119187,INR,2026-05-29T12:00:47.336Z,KOTAK,ORD-1FA1EDCEF4B5,SETTLED
KOTAK202606048241976,378197880420,991972,INR,2026-05-29T00:00:47.336Z,KOTAK,ORD-FFC345007C0D,SETTLED
KOTAK202606044718992,096883715032,796985,INR,2026-05-31T18:00:47.336Z,KOTAK,ORD-A56B8ABAB590,SETTLED
KOTAK202606047051430,000342739409,2059571,INR,2026-06-01T00:00:47.336Z,KOTAK,ORD-7576715957B1,SETTLED
KOTAK202606043282654,439535579446,1215051,INR,2026-05-31T15:00:47.336Z,KOTAK,ORD-CA73B0323586,SETTLED
KOTAK202606046804555,483760964294,3716619,INR,2026-05-29T16:00:47.336Z,KOTAK,ORD-B85D0F368AF0,SETTLED
KOTAK202606049160012,392022723905,3435173,INR,2026-06-01T11:00:47.336Z,KOTAK,ORD-BBD9A463AE67,SETTLED
KOTAK202606042803085,657656134813,4137852,INR,2026-06-01T11:00:47.336Z,KOTAK,ORD-5BBCCEF1C416,SETTLED
KOTAK202606040834148,579864525206,1596050,INR,2026-05-31T01:00:47.336Z,KOTAK,ORD-1FA2F1AACD63,SETTLED
KOTAK202606041661003,714951856963,4296218,INR,2026-06-01T14:00:47.336Z,KOTAK,ORD-E1DDD5E1404C,SETTLED
KOTAK202606041634315,028267553937,636563,INR,2026-06-04T11:00:47.336Z,KOTAK,ORD-A11BE541BA78,SETTLED
KOTAK202606042092929,953489364148,4175630,INR,2026-06-02T02:00:47.336Z,KOTAK,ORD-690178E67886,SETTLED
KOTAK202606040159358,349940814115,2507408,INR,2026-05-30T14:00:47.336Z,KOTAK,ORD-EC5AF0E0915B,SETTLED
KOTAK202606040869429,961306661261,4294999,INR,2026-06-02T06:00:47.336Z,KOTAK,ORD-979772C94D7A,SETTLED
KOTAK202606043314643,954490029419,3352974,INR,2026-06-01T07:00:47.336Z,KOTAK,ORD-36F7D663182A,SETTLED
KOTAK202606046407066,648724875632,4256762,INR,2026-06-04T06:00:47.336Z,KOTAK,ORD-246CB288763D,SETTLED
KOTAK202606047476204,479885560684,3922257,INR,2026-06-02T04:00:47.336Z,KOTAK,ORD-040E90BF1986,SETTLED
KOTAK202606040337039,474092066777,2655128,INR,2026-05-29T20:00:47.336Z,KOTAK,ORD-E137B0836391,SETTLED
KOTAK202606041312248,532062310979,4802256,INR,2026-06-01T01:00:47.336Z,KOTAK,ORD-F35594E98D3C,SETTLED
KOTAK202606041653099,916544392165,3879049,INR,2026-05-31T17:00:47.336Z,KOTAK,ORD-647256E38BA3,SETTLED
KOTAK202606041356331,117727298336,806907,INR,2026-06-01T18:00:47.336Z,KOTAK,ORD-D0C3206ACA1A,SETTLED
KOTAK202606043086623,807156217057,2798728,INR,2026-05-29T13:00:47.336Z,KOTAK,ORD-81FD89FB3F1E,SETTLED
KOTAK202606040259070,108421968742,4330786,INR,2026-06-03T19:00:47.336Z,KOTAK,ORD-658287DD1795,SETTLED
KOTAK202606044757449,635808668733,2352593,INR,2026-06-02T09:00:47.336Z,KOTAK,ORD-338C0DB4D999,SETTLED
KOTAK202606048585601,868190162576,302198,INR,2026-06-04T06:00:47.336Z,KOTAK,ORD-0AF48C0AA628,SETTLED
KOTAK202606040607893,041265113610,4579608,INR,2026-06-02T04:00:47.336Z,KOTAK,ORD-06B0A1593D1E,SETTLED
KOTAK202606047847880,521149137819,245286,INR,2026-05-30T13:00:47.336Z,KOTAK,ORD-D5C14C8FD55E,SETTLED
KOTAK202606045873885,318904707570,1773704,INR,2026-05-31T01:00:47.336Z,KOTAK,ORD-12AFF34711BB,SETTLED
KOTAK202606048619392,162847520297,4142754,INR,2026-05-31T16:00:47.336Z,KOTAK,ORD-A091A7FC9B8E,SETTLED
KOTAK202606047709203,332234068632,3455088,INR,2026-06-04T07:00:47.336Z,KOTAK,ORD-F80097BA3E2E,SETTLED
KOTAK202606041862576,343818496290,3558684,INR,2026-06-01T06:00:47.336Z,KOTAK,ORD-2F98F2BDFC69,SETTLED
KOTAK202606049360571,218236339279,4610678,INR,2026-06-03T21:00:47.336Z,KOTAK,ORD-5870B32E51DD,SETTLED
KOTAK202606045054826,520934786753,4097340,INR,2026-06-03T00:00:47.336Z,KOTAK,ORD-F8948A299FB8,SETTLED
KOTAK202606043412916,449044666835,1707912,INR,2026-06-04T13:00:47.336Z,KOTAK,ORD-AF992C069007,SETTLED
KOTAK202606046515969,474550525284,546535,INR,2026-05-29T03:00:47.336Z,KOTAK,ORD-E8EF7D3F3250,SETTLED
KOTAK202606047196410,358761856768,3905894,INR,2026-06-04T11:00:47.336Z,KOTAK,ORD-505F69D8B9B5,SETTLED
KOTAK202606043273190,246268478350,4083408,INR,2026-05-28T21:00:47.336Z,KOTAK,ORD-D6B2F744418B,SETTLED
KOTAK202606047878569,062256323246,233699,INR,2026-06-03T10:00:47.336Z,KOTAK,ORD-D1AD860C7E0E,SETTLED
KOTAK202606044177364,739918233711,2811865,INR,2026-05-29T20:00:47.336Z,KOTAK,ORD-A3FFB527ACE6,SETTLED
KOTAK202606047037678,567298473382,2472668,INR,2026-05-30T11:00:47.336Z,KOTAK,ORD-49B18692E924,SETTLED
KOTAK202606045285450,949225078898,4754678,INR,2026-05-29T04:00:47.336Z,KOTAK,ORD-431F3EF5F8E9,SETTLED
KOTAK202606045151623,950685006015,3657963,INR,2026-06-01T10:00:47.336Z,KOTAK,ORD-EFDED012CC3C,SETTLED
KOTAK202606044047559,724000114629,4898879,INR,2026-05-29T13:00:47.336Z,KOTAK,ORD-22A639A9AD5C,SETTLED
KOTAK202606044101367,969733983422,3847782,INR,2026-06-04T03:00:47.336Z,KOTAK,ORD-0BB9202B2A6C,SETTLED
KOTAK202606048477614,585333595546,2970809,INR,2026-05-31T01:00:47.336Z,KOTAK,ORD-821CE8E94F91,SETTLED
KOTAK202606047356363,818867566806,4562393,INR,2026-05-31T14:00:47.336Z,KOTAK,ORD-05BD16BC54DD,SETTLED
KOTAK202606041116107,762696364378,3556076,INR,2026-05-30T00:00:47.336Z,KOTAK,ORD-E69FE87586D3,SETTLED
KOTAK202606041886095,394078875051,1690197,INR,2026-05-29T23:00:47.336Z,KOTAK,ORD-7633CC06BD98,SETTLED
KOTAK202606047232995,404238593784,3090655,INR,2026-05-31T01:00:47.336Z,KOTAK,ORD-C6434BA0D7DD,SETTLED
KOTAK202606047551782,990899622006,2110764,INR,2026-06-04T01:00:47.336Z,KOTAK,ORD-4209EE2FE73A,SETTLED
KOTAK202606043816583,345283647550,4352901,INR,2026-05-28T20:00:47.336Z,KOTAK,ORD-1D99B0FFD6DC,SETTLED
KOTAK202606040605270,524293862985,32688,INR,2026-05-30T15:00:47.336Z,KOTAK,ORD-8F2BDB119FAF,SETTLED
KOTAK202606043501478,693269577590,2809138,INR,2026-06-01T17:00:47.336Z,KOTAK,ORD-6E72846C58A9,SETTLED
KOTAK202606041407483,087542159684,848819,INR,2026-06-01T22:00:47.336Z,KOTAK,ORD-49949B200B3F,SETTLED
KOTAK202606045526329,252112982360,4166990,INR,2026-05-29T11:00:47.336Z,KOTAK,ORD-A8872AD6AAFF,SETTLED
KOTAK202606042812273,826643355040,2841783,INR,2026-06-03T06:00:47.336Z,KOTAK,ORD-9029C6F2FDDF,SETTLED
KOTAK202606044102947,518333677877,756726,INR,2026-06-01T12:00:47.336Z,KOTAK,ORD-126138BB7B31,SETTLED
KOTAK202606043362364,755459712904,425725,INR,2026-05-28T21:00:47.336Z,KOTAK,ORD-B23A87B5B449,SETTLED
KOTAK202606042810710,129949889357,1694619,INR,2026-06-03T04:00:47.336Z,KOTAK,ORD-7F3166345974,SETTLED
KOTAK202606047333121,607070755418,109807,INR,2026-06-04T04:00:47.336Z,KOTAK,ORD-D79EB9314392,PENDING
KOTAK202606042912514,931717709867,4944611,INR,2026-05-29T01:00:47.336Z,KOTAK,ORD-3EEA3150AD9A,SETTLED
KOTAK202606041501405,806659199665,112696,INR,2026-06-04T06:00:47.336Z,KOTAK,ORD-9AC70E7D13BA,SETTLED
KOTAK202606049162877,705875643103,1573070,INR,2026-06-03T17:00:47.336Z,KOTAK,ORD-7F56D7C84904,SETTLED
KOTAK202606046884413,824267688527,384087,INR,2026-06-02T15:00:47.336Z,KOTAK,ORD-C34A12274338,SETTLED
KOTAK202606048100859,546920022287,3250302,INR,2026-06-03T05:00:47.336Z,KOTAK,ORD-95B12E8FE45D,SETTLED
KOTAK202606040624462,892159276375,2591559,INR,2026-06-04T15:00:47.336Z,KOTAK,ORD-1525B1C09281,SETTLED
KOTAK202606041012588,016035860367,2719520,INR,2026-06-04T11:00:47.336Z,KOTAK,ORD-7C14856D8B07,SETTLED
KOTAK202606044532899,606009983583,280734,INR,2026-05-30T23:00:47.336Z,KOTAK,ORD-3805C09DFF1D,SETTLED
KOTAK202606046569331,245611722229,4963286,INR,2026-06-04T03:00:47.336Z,KOTAK,ORD-D99FEB66A6E6,SETTLED
KOTAK202606047282028,498867304155,1794401,INR,2026-06-01T12:00:47.336Z,KOTAK,ORD-CB4AB8FF03AC,SETTLED
KOTAK202606040032668,056001773963,3474821,INR,2026-05-30T05:00:47.336Z,KOTAK,ORD-D1F630822DB0,SETTLED
KOTAK202606048114107,475006273878,1968707,INR,2026-06-04T08:00:47.336Z,KOTAK,ORD-DA98FDA461E0,SETTLED
KOTAK202606047935965,445701519913,3310720,INR,2026-05-30T00:00:47.336Z,KOTAK,ORD-9B7EF9A7DAAB,SETTLED
KOTAK202606044531710,941161063255,3125127,INR,2026-06-03T06:00:47.336Z,KOTAK,ORD-838AB6DFF1CF,SETTLED
KOTAK202606040308634,905574159657,940211,INR,2026-06-04T08:00:47.336Z,KOTAK,ORD-0BA4C44087D3,SETTLED
KOTAK202606047825428,934150315992,2701423,INR,2026-06-04T00:00:47.336Z,KOTAK,ORD-DA39C0F61309,SETTLED
KOTAK202606044437453,153816692174,4698480,INR,2026-05-31T19:00:47.336Z,KOTAK,ORD-D35BB4B2F697,SETTLED
KOTAK202606048535959,114545780883,2595398,INR,2026-05-29T06:00:47.336Z,KOTAK,ORD-44FD3254472D,SETTLED
KOTAK202606049155928,081231261509,3890377,INR,2026-05-29T01:00:47.336Z,KOTAK,ORD-56BCA8C0326E,SETTLED
KOTAK202606040753123,367691464926,1871158,INR,2026-05-30T07:00:47.336Z,KOTAK,ORD-BD4A31A49A8F,PENDING
KOTAK202606049925205,256332961594,4771076,INR,2026-05-28T19:00:47.336Z,KOTAK,ORD-753ED1A39A34,SETTLED
KOTAK202606046869867,771669994848,521125,INR,2026-05-31T17:00:47.336Z,KOTAK,ORD-FD5A7FEC5E73,SETTLED
KOTAK202606044082315,371975173383,1982971,INR,2026-06-03T12:00:47.336Z,KOTAK,ORD-55416F29BC24,SETTLED
KOTAK202606049315077,189230458491,4944979,INR,2026-06-02T01:00:47.336Z,KOTAK,ORD-DDD7F030FFC8,SETTLED
KOTAK202606041074048,437858190054,3436793,INR,2026-06-01T08:00:47.336Z,KOTAK,ORD-4C8D0A837D7A,SETTLED
KOTAK202606040448423,044901956004,864956,INR,2026-06-04T07:00:47.336Z,KOTAK,ORD-00BA854DA685,SETTLED
KOTAK202606044509151,023493849358,4823134,INR,2026-05-31T00:00:47.337Z,KOTAK,ORD-88F43EDD57FB,SETTLED
KOTAK202606043696815,881897263766,1388692,INR,2026-05-30T03:00:47.337Z,KOTAK,ORD-2E17DB57DAD4,SETTLED
KOTAK202606047150363,035308864073,1597457,INR,2026-05-29T01:00:47.337Z,KOTAK,ORD-8293791224B5,SETTLED
KOTAK202606049913437,450181778409,660242,INR,2026-06-03T20:00:47.337Z,KOTAK,ORD-B9286E2D335C,SETTLED
KOTAK202606040348391,362474968059,1121226,INR,2026-05-30T00:00:47.337Z,KOTAK,ORD-D19B3EE7E056,SETTLED
KOTAK202606049088216,647446285495,2680522,INR,2026-06-03T17:00:47.337Z,KOTAK,ORD-2EC555007D6D,SETTLED
KOTAK202606045919745,319119338825,4536810,INR,2026-05-31T08:00:47.337Z,KOTAK,ORD-D92F7CDD97DE,SETTLED
KOTAK202606040946122,313384902779,1019595,INR,2026-06-01T04:00:47.337Z,KOTAK,ORD-D870BA2457D2,SETTLED
KOTAK202606044066971,448259429229,818966,INR,2026-05-30T21:00:47.337Z,KOTAK,ORD-05FDF98228A5,SETTLED
KOTAK202606045709172,975633140429,136064,INR,2026-06-03T21:00:47.337Z,KOTAK,ORD-96CCAD40E0A8,SETTLED
KOTAK202606046763974,928089438045,2223527,INR,2026-05-29T11:00:47.337Z,KOTAK,ORD-0D448316F879,SETTLED
KOTAK202606048455265,966489121736,1042172,INR,2026-06-04T18:00:47.337Z,KOTAK,ORD-D27869D554C5,PENDING
KOTAK202606041525207,637718500154,2067892,INR,2026-06-04T16:00:47.337Z,KOTAK,ORD-A21B388A2107,SETTLED
KOTAK202606040339396,082376573165,2050667,INR,2026-05-29T21:00:47.337Z,KOTAK,ORD-F064FCB5E687,SETTLED
KOTAK202606040536963,748947452587,3896870,INR,2026-05-31T02:00:47.337Z,KOTAK,ORD-5C7078D2F7A2,SETTLED
KOTAK202606041827164,549904054915,2708232,INR,2026-06-04T15:00:47.337Z,KOTAK,ORD-4B7B612972CA,PENDING
KOTAK202606045337662,101845574226,4521535,INR,2026-06-01T05:00:47.337Z,KOTAK,ORD-FF89D156DBBF,SETTLED
KOTAK202606047899881,979462523516,2735733,INR,2026-05-30T14:00:47.337Z,KOTAK,ORD-7B56368D40F3,SETTLED
KOTAK202606048831648,591290057180,2796509,INR,2026-06-03T11:00:47.337Z,KOTAK,ORD-26CDAE554251,SETTLED
KOTAK202606047881687,720377876575,1091108,INR,2026-05-31T17:00:47.337Z,KOTAK,ORD-3D32DF7F94C4,SETTLED
KOTAK202606043378309,568699462336,3574481,INR,2026-05-29T20:00:47.337Z,KOTAK,ORD-53C336436D49,SETTLED
KOTAK202606046145277,328138319143,4711956,INR,2026-06-01T08:00:47.337Z,KOTAK,ORD-0C7B6C65884E,SETTLED
KOTAK202606047859550,091259727900,3590211,INR,2026-05-31T17:00:47.337Z,KOTAK,ORD-3862CA230397,SETTLED
KOTAK202606048668006,862783695885,3783581,INR,2026-06-01T09:00:47.337Z,KOTAK,ORD-67F487207B57,SETTLED
KOTAK202606044781259,468383828039,1231079,INR,2026-05-31T00:00:47.337Z,KOTAK,ORD-1253737E464B,SETTLED
KOTAK202606042966483,299765647284,4911481,INR,2026-06-01T07:00:47.337Z,KOTAK,ORD-982BDD10AC99,SETTLED
KOTAK202606041012535,134864024187,4419328,INR,2026-06-02T05:00:47.337Z,KOTAK,ORD-45CAD5E9110C,SETTLED
KOTAK202606044406544,850472325206,1935787,INR,2026-05-29T12:00:47.337Z,KOTAK,ORD-F5C6C31E3399,SETTLED
KOTAK202606047803773,035239079482,1046387,INR,2026-05-30T05:00:47.337Z,KOTAK,ORD-2227ACB0E8BE,SETTLED
KOTAK202606047335837,074248779004,2644963,INR,2026-05-29T12:00:47.337Z,KOTAK,ORD-5CE6812E6E98,SETTLED
KOTAK202606049097835,776295506927,1140209,INR,2026-05-30T23:00:47.337Z,KOTAK,ORD-8475D816EFE6,SETTLED
KOTAK202606048028716,436607906703,4966237,INR,2026-06-01T01:00:47.337Z,KOTAK,ORD-DEF2EED6E2BF,SETTLED
KOTAK202606044349098,767000183677,3745150,INR,2026-06-04T06:00:47.337Z,KOTAK,ORD-788FC5AD8344,SETTLED
KOTAK202606043456957,840587175158,2425777,INR,2026-05-28T19:00:47.337Z,KOTAK,ORD-9BBE299448EA,SETTLED
KOTAK202606046062124,901177064578,3029038,INR,2026-05-30T01:00:47.337Z,KOTAK,ORD-7EA9D449ED17,SETTLED
KOTAK202606046912433,257024126511,3117941,INR,2026-06-01T15:00:47.337Z,KOTAK,ORD-38F950B6A1A9,SETTLED
KOTAK202606048181029,291698685817,2060254,INR,2026-06-02T08:00:47.337Z,KOTAK,ORD-B3C9FBFA344F,SETTLED
KOTAK202606041198651,750176376575,165717,INR,2026-05-30T14:00:47.337Z,KOTAK,ORD-2E866F1FD5CB,SETTLED
KOTAK202606041713997,210548043495,2606662,INR,2026-05-31T11:00:47.337Z,KOTAK,ORD-87ACAD28EBDB,SETTLED
KOTAK202606048308204,990778457349,3332588,INR,2026-06-04T18:00:47.337Z,KOTAK,ORD-351371E05066,SETTLED
KOTAK202606041684265,217700547092,1982429,INR,2026-05-31T13:00:47.337Z,KOTAK,ORD-B38AF1F10BEB,SETTLED
KOTAK202606042510206,233294052472,177145,INR,2026-06-04T07:00:47.337Z,KOTAK,ORD-853908F858D1,SETTLED
KOTAK202606042106242,595705439952,399366,INR,2026-05-31T05:00:47.337Z,KOTAK,ORD-53D2D4ABF582,SETTLED
KOTAK202606042749203,229388633422,3065464,INR,2026-05-28T22:00:47.337Z,KOTAK,ORD-DB37C1AC4787,SETTLED
KOTAK202606044856867,595134663578,3290476,INR,2026-06-02T12:00:47.337Z,KOTAK,ORD-C696D94DCF9A,SETTLED
KOTAK202606047344122,343692829151,2444478,INR,2026-06-01T17:00:47.337Z,KOTAK,ORD-5A6790E3B9FB,SETTLED
KOTAK202606040486146,823633066265,4917991,INR,2026-05-30T11:00:47.337Z,KOTAK,ORD-E2C5229EDFA1,SETTLED
KOTAK202606045972627,738474441667,2546125,INR,2026-06-03T13:00:47.337Z,KOTAK,ORD-EB28C982E4C5,SETTLED
KOTAK202606042786677,134436252224,2739761,INR,2026-06-04T01:00:47.337Z,KOTAK,ORD-9A3C9A0E36BE,SETTLED
KOTAK202606043042707,743500548237,2085341,INR,2026-05-30T11:00:47.337Z,KOTAK,ORD-7BEB6B7BADA3,SETTLED
KOTAK202606040555129,288073908242,422134,INR,2026-05-31T01:00:47.337Z,KOTAK,ORD-55B745915431,SETTLED
KOTAK202606045735063,157147512433,84209,INR,2026-05-29T17:00:47.337Z,KOTAK,ORD-C6DBF7440ED5,SETTLED
KOTAK202606045213610,025142507737,3632766,INR,2026-05-29T11:00:47.337Z,KOTAK,ORD-50A0A644AE3C,SETTLED
KOTAK202606046929822,834479121141,1128436,INR,2026-06-02T03:00:47.337Z,KOTAK,ORD-3EC9BBD2BC8D,SETTLED
KOTAK202606048352900,048314455081,1222860,INR,2026-05-31T02:00:47.337Z,KOTAK,ORD-656262E501F0,SETTLED
KOTAK202606048075039,997103440216,1411370,INR,2026-06-01T01:00:47.337Z,KOTAK,ORD-5B34185F48FF,SETTLED
KOTAK202606043300333,742788284383,2141842,INR,2026-05-30T22:00:47.337Z,KOTAK,ORD-BFD98EB8BD73,SETTLED
KOTAK202606040210308,521756632481,2095708,INR,2026-06-01T12:00:47.337Z,KOTAK,ORD-A582C9C2B97B,SETTLED
KOTAK202606041037156,563026724948,1396616,INR,2026-06-04T18:00:47.337Z,KOTAK,ORD-475D620D36AC,SETTLED
KOTAK202606045552285,918530304389,2604889,INR,2026-05-30T04:00:47.337Z,KOTAK,ORD-1722A6F276C2,SETTLED
KOTAK202606044487861,435684777433,4248008,INR,2026-05-31T07:00:47.337Z,KOTAK,ORD-43D7CBFA9DC9,SETTLED
KOTAK202606044746328,766933760671,2740107,INR,2026-06-01T01:00:47.337Z,KOTAK,ORD-B4B81ED77EB5,SETTLED
KOTAK202606045696331,644895650899,732219,INR,2026-06-04T03:00:47.337Z,KOTAK,ORD-739A48969779,SETTLED
KOTAK202606040886199,245660133463,4009632,INR,2026-05-31T15:00:47.337Z,KOTAK,ORD-DB3CDBEB3705,SETTLED
KOTAK202606042169659,610145227056,326632,INR,2026-06-01T20:00:47.337Z,KOTAK,ORD-4EC2D5BC3BD8,SETTLED
KOTAK202606047401872,004299554365,2991693,INR,2026-06-04T14:00:47.337Z,KOTAK,ORD-6E7F766654D8,SETTLED
KOTAK202606040239604,767399536106,2551614,INR,2026-05-30T18:00:47.337Z,KOTAK,ORD-2500DB5C53EE,SETTLED
KOTAK202606040696002,644722702405,1925281,INR,2026-05-30T16:00:47.337Z,KOTAK,ORD-6B81F4885E83,SETTLED
KOTAK202606049349264,303355104378,1134029,INR,2026-06-01T08:00:47.337Z,KOTAK,ORD-D8D92AFCE1CB,SETTLED
KOTAK202606041132099,422684021525,4725207,INR,2026-05-29T21:00:47.337Z,KOTAK,ORD-6160222CB0A3,SETTLED
KOTAK202606046746984,650355853878,1154069,INR,2026-06-03T22:00:47.337Z,KOTAK,ORD-22153F233FE5,SETTLED
KOTAK202606042952652,355065257617,460923,INR,2026-06-02T06:00:47.337Z,KOTAK,ORD-C8B5BF18EA2E,SETTLED
KOTAK202606043789277,299978660822,4115474,INR,2026-06-03T01:00:47.337Z,KOTAK,ORD-CFA34D18957E,SETTLED
KOTAK202606048557334,295847260597,1706926,INR,2026-05-29T10:00:47.337Z,KOTAK,ORD-ECBE5C9E7744,SETTLED
KOTAK202606049595393,497599980184,487118,INR,2026-05-30T08:00:47.337Z,KOTAK,ORD-E8B5ED957656,SETTLED
KOTAK202606041729180,182810113601,1649337,INR,2026-06-02T18:00:47.337Z,KOTAK,ORD-87B56AC1C2A8,SETTLED
KOTAK202606045338768,427755219298,615950,INR,2026-05-29T08:00:47.337Z,KOTAK,ORD-7F58B538D7B5,SETTLED
KOTAK202606044036402,987585998084,851389,INR,2026-05-30T22:00:47.337Z,KOTAK,ORD-68C2C0E5A0F1,SETTLED
KOTAK202606047634102,419623732707,1693776,INR,2026-06-01T07:00:47.337Z,KOTAK,ORD-8EB3B452F03E,SETTLED
KOTAK202606046017999,412633405813,1764958,INR,2026-05-31T02:00:47.337Z,KOTAK,ORD-1BF776ECD7D8,SETTLED
KOTAK202606047538471,244689431200,4615147,INR,2026-05-31T21:00:47.337Z,KOTAK,ORD-2F4913E8AA6C,SETTLED
KOTAK202606042732343,766754444839,3689072,INR,2026-05-31T06:00:47.337Z,KOTAK,ORD-ABE69402C225,SETTLED
KOTAK202606045852967,320801786225,732668,INR,2026-05-30T19:00:47.337Z,KOTAK,ORD-97E8EE9F3AFF,SETTLED
KOTAK202606045801115,064538173958,2615730,INR,2026-06-02T09:00:47.337Z,KOTAK,ORD-CBBC0F6BE283,SETTLED
KOTAK202606046919798,309959174703,750626,INR,2026-06-04T07:00:47.337Z,KOTAK,ORD-5DA08E157EF9,SETTLED
KOTAK202606042797779,455100611778,104402,INR,2026-06-03T13:00:47.337Z,KOTAK,ORD-70369350F2B0,SETTLED
KOTAK202606044698573,025848514348,1164267,INR,2026-06-01T08:00:47.337Z,KOTAK,ORD-DE23EECDBD10,SETTLED
KOTAK202606049326298,112908690642,1223725,INR,2026-06-02T02:00:47.337Z,KOTAK,ORD-31E2B4CD9691,SETTLED
KOTAK202606042776869,479352928494,3894802,INR,2026-06-02T12:00:47.337Z,KOTAK,ORD-EC39D508E7A0,SETTLED
KOTAK202606048537396,075695565199,4174145,INR,2026-06-04T18:00:47.337Z,KOTAK,ORD-5686FB0BEEC9,SETTLED
KOTAK202606046807326,473835168135,2279213,INR,2026-06-03T08:00:47.337Z,KOTAK,ORD-A26BD11F2437,SETTLED
KOTAK202606047551655,902934280127,339037,INR,2026-06-01T04:00:47.337Z,KOTAK,ORD-39138AD2CB4A,SETTLED
KOTAK202606040517082,583027188594,4251737,INR,2026-05-31T02:00:47.337Z,KOTAK,ORD-DE7A1BF67E90,SETTLED
KOTAK202606040837897,545924391427,2678375,INR,2026-05-29T04:00:47.337Z,KOTAK,ORD-7FED4927C518,SETTLED
KOTAK202606040937172,843081636325,583449,INR,2026-05-30T07:00:47.337Z,KOTAK,ORD-E30DD124F452,SETTLED
KOTAK202606044914762,545370725808,4226322,INR,2026-06-04T03:00:47.337Z,KOTAK,ORD-88B01F2E40ED,SETTLED
KOTAK202606046457037,116709041648,4861905,INR,2026-06-04T18:00:47.337Z,KOTAK,ORD-F27F10662367,SETTLED
KOTAK202606049233626,738196825417,4548093,INR,2026-06-01T13:00:47.337Z,KOTAK,ORD-C4B0B049CB07,SETTLED
KOTAK202606040720189,059124195671,1290103,INR,2026-06-03T16:00:47.337Z,KOTAK,ORD-51F4F1EBB244,SETTLED
KOTAK202606044172682,087855035384,2943882,INR,2026-06-02T19:00:47.337Z,KOTAK,ORD-51DF7B7DC946,SETTLED
KOTAK202606045716800,649171498423,626016,INR,2026-05-29T12:00:47.337Z,KOTAK,ORD-26CA57C02999,SETTLED
KOTAK202606045221410,750266171878,557597,INR,2026-06-04T13:00:47.337Z,KOTAK,ORD-C6ADAF49E21C,SETTLED
KOTAK202606047709087,461165621613,2548514,INR,2026-05-30T03:00:47.337Z,KOTAK,ORD-D69EF7B4761A,SETTLED
KOTAK202606049005174,808989332870,2099489,INR,2026-05-29T23:00:47.337Z,KOTAK,ORD-49C84ECEE289,SETTLED
KOTAK202606046610319,537172735988,2488864,INR,2026-05-30T18:00:47.337Z,KOTAK,ORD-30C00D4A86BA,SETTLED
KOTAK202606047910110,606925057308,3804572,INR,2026-05-30T14:00:47.337Z,KOTAK,ORD-AAF821803EE9,PENDING
KOTAK202606043549248,694883170321,2308361,INR,2026-06-03T11:00:47.337Z,KOTAK,ORD-6F750BE3B32F,SETTLED
KOTAK202606046045581,447239819227,2808469,INR,2026-06-03T06:00:47.337Z,KOTAK,ORD-957B6FB895C8,SETTLED
KOTAK202606041973132,483279131083,940712,INR,2026-06-02T09:00:47.337Z,KOTAK,ORD-4CFBC779DFA8,SETTLED
KOTAK202606049314878,365186352306,1582957,INR,2026-05-29T12:00:47.337Z,KOTAK,ORD-4F06B486EA6C,SETTLED
KOTAK202606043022412,850849822898,4485499,INR,2026-05-31T21:00:47.337Z,KOTAK,ORD-4016F7A69119,SETTLED
KOTAK202606049724030,786390269076,2438561,INR,2026-05-31T18:00:47.337Z,KOTAK,ORD-BD981CFE9D47,SETTLED
KOTAK202606045268077,303927251000,2304700,INR,2026-06-02T10:00:47.337Z,KOTAK,ORD-3B28AC140A84,SETTLED
KOTAK202606042553061,387448738512,3970813,INR,2026-06-01T08:00:47.337Z,KOTAK,ORD-E1FAE11258E5,SETTLED
KOTAK202606042332609,670062480254,1133269,INR,2026-05-31T17:00:47.337Z,KOTAK,ORD-73022C339EC6,SETTLED
KOTAK202606047284781,428335728364,4373607,INR,2026-06-01T20:00:47.337Z,KOTAK,ORD-613378CD38F8,SETTLED
KOTAK202606045414497,551061165298,860481,INR,2026-06-03T12:00:47.337Z,KOTAK,ORD-0EB5F5AD82AE,SETTLED
KOTAK202606046070401,143153586066,3386470,INR,2026-05-29T15:00:47.337Z,KOTAK,ORD-B460AF3F7099,SETTLED
KOTAK202606047342450,866949541895,4327426,INR,2026-05-30T02:00:47.337Z,KOTAK,ORD-BAB79A7B4634,SETTLED
KOTAK202606047401342,111279054870,3986619,INR,2026-06-02T12:00:47.337Z,KOTAK,ORD-6FF0D68EAD47,SETTLED
KOTAK202606049688652,800512091384,2482709,INR,2026-06-03T02:00:47.337Z,KOTAK,ORD-AF656D66A9C1,SETTLED
KOTAK202606048537665,696230998211,773238,INR,2026-06-01T12:00:47.337Z,KOTAK,ORD-97427B922FAF,SETTLED
KOTAK202606041735035,550333184032,577428,INR,2026-06-03T06:00:47.337Z,KOTAK,ORD-9C6225D958D2,PENDING
KOTAK202606041285594,408939753456,4863641,INR,2026-06-01T11:00:47.337Z,KOTAK,ORD-CFDBAEA56816,SETTLED
KOTAK202606045827154,019316300796,2151588,INR,2026-06-03T05:00:47.337Z,KOTAK,ORD-FE826418A335,SETTLED
KOTAK202606048916624,872646572922,1956054,INR,2026-06-04T01:00:47.337Z,KOTAK,ORD-F5A917DF29BD,SETTLED
KOTAK202606040987428,554575800824,4169556,INR,2026-06-02T07:00:47.337Z,KOTAK,ORD-8A784D7C5828,SETTLED
KOTAK202606045704059,227980994236,287049,INR,2026-05-30T06:00:47.337Z,KOTAK,ORD-72C661D0ED22,SETTLED
KOTAK202606040814888,661541855244,4450295,INR,2026-06-03T15:00:47.337Z,KOTAK,ORD-E4ED2B152AAC,PENDING
KOTAK202606049708293,171364525127,2011583,INR,2026-06-04T15:00:47.337Z,KOTAK,ORD-B18DD67D74BD,SETTLED
KOTAK202606041648546,653215018086,4406082,INR,2026-05-30T07:00:47.337Z,KOTAK,ORD-0DDA66705ADF,SETTLED
KOTAK202606044203332,415658852887,4870230,INR,2026-05-30T10:00:47.337Z,KOTAK,ORD-088882818C05,SETTLED
KOTAK202606046193965,954685308920,3874071,INR,2026-06-02T21:00:47.337Z,KOTAK,ORD-2D9CD4E0A141,SETTLED
KOTAK202606042864869,365821530363,4889255,INR,2026-06-03T19:00:47.337Z,KOTAK,ORD-BC5A9E23F58C,SETTLED
KOTAK202606043113737,585714877521,2309726,INR,2026-05-29T06:00:47.337Z,KOTAK,ORD-7FBB8B4C2A27,SETTLED
KOTAK202606044855243,176435675798,378577,INR,2026-06-01T05:00:47.337Z,KOTAK,ORD-0629945A88C0,SETTLED
KOTAK202606047386608,789655331622,1227794,INR,2026-06-01T15:00:47.337Z,KOTAK,ORD-2467B3602541,SETTLED
KOTAK202606047410953,240674643648,3873701,INR,2026-06-02T10:00:47.337Z,KOTAK,ORD-49029CF80105,SETTLED
KOTAK202606044246437,765829655039,134301,INR,2026-05-29T04:00:47.337Z,KOTAK,ORD-8BA6CA28D572,SETTLED
KOTAK202606045556631,574554497094,280180,INR,2026-05-31T01:00:47.337Z,KOTAK,ORD-4F73DD9697F3,SETTLED
KOTAK202606047405970,608788635147,1135139,INR,2026-06-01T09:00:47.337Z,KOTAK,ORD-DA9D91AD8C3E,SETTLED
KOTAK202606049479412,236631195064,4049005,INR,2026-05-31T03:00:47.337Z,KOTAK,ORD-CD088719F05B,SETTLED
KOTAK202606043954356,578600186390,2998590,INR,2026-06-03T04:00:47.337Z,KOTAK,ORD-075C7C69F049,SETTLED
KOTAK202606040745408,916666568924,358803,INR,2026-06-04T07:00:47.337Z,KOTAK,ORD-D4DED02690C8,SETTLED
KOTAK202606048578989,988437791255,1776991,INR,2026-06-02T22:00:47.337Z,KOTAK,ORD-05A32E6A81F1,SETTLED
KOTAK202606045565657,198065749848,4904946,INR,2026-06-02T01:00:47.337Z,KOTAK,ORD-3095CE58F701,SETTLED
KOTAK202606048316509,158081275641,242217,INR,2026-06-03T13:00:47.337Z,KOTAK,ORD-95D36007BCF3,SETTLED
KOTAK202606046953971,896847449051,4783627,INR,2026-05-29T01:00:47.337Z,KOTAK,ORD-32200BED6E9B,SETTLED
KOTAK202606041584994,399124552433,4522093,INR,2026-06-04T00:00:47.337Z,KOTAK,ORD-D2DE1C2A87F8,SETTLED
KOTAK202606048002194,191999535526,1393680,INR,2026-06-03T11:00:47.337Z,KOTAK,ORD-017E6EBD0627,SETTLED
KOTAK202606048307004,794930323787,2065736,INR,2026-05-30T15:00:47.337Z,KOTAK,ORD-A01C0EDE29AC,SETTLED
KOTAK202606049428707,997195976354,1250835,INR,2026-06-01T18:00:47.337Z,KOTAK,ORD-CA10ED0E66C9,SETTLED
KOTAK202606047502026,767953199502,4444730,INR,2026-05-29T02:00:47.337Z,KOTAK,ORD-99D464B3B2E0,SETTLED
KOTAK202606040180208,196810192340,2932644,INR,2026-06-03T19:00:47.337Z,KOTAK,ORD-566377778CDF,SETTLED
KOTAK202606046710534,661426812484,4544355,INR,2026-05-29T02:00:47.337Z,KOTAK,ORD-B91666E4348C,SETTLED
KOTAK202606045743191,639041973117,4556074,INR,2026-06-04T15:00:47.337Z,KOTAK,ORD-86A230F24DF0,SETTLED
KOTAK202606043730147,658436938766,3653953,INR,2026-06-03T16:00:47.337Z,KOTAK,ORD-0013B1A117E4,PENDING
KOTAK202606042205468,538905347377,2289701,INR,2026-05-30T05:00:47.337Z,KOTAK,ORD-11B219C7CC79,SETTLED
KOTAK202606044322848,449916032473,682005,INR,2026-06-04T17:00:47.337Z,KOTAK,ORD-4A81272A49DE,SETTLED
KOTAK202606046436458,820874123480,4131680,INR,2026-05-30T10:00:47.337Z,KOTAK,ORD-16C04E48AF2A,SETTLED
KOTAK202606045579318,044593777887,4198353,INR,2026-05-30T07:00:47.337Z,KOTAK,ORD-863628F4D9CB,SETTLED
KOTAK202606045849928,777040430638,1073192,INR,2026-06-01T21:00:47.337Z,KOTAK,ORD-6497CA5019E7,SETTLED
KOTAK202606042993079,635566120850,4895759,INR,2026-06-01T17:00:47.337Z,KOTAK,ORD-52184C687820,SETTLED
KOTAK202606040875029,417750738389,128139,INR,2026-06-04T17:00:47.337Z,KOTAK,ORD-A56B520F4E7C,SETTLED
KOTAK202606049115334,107130732421,1615396,INR,2026-06-01T00:00:47.337Z,KOTAK,ORD-AB15941D2E1B,SETTLED
KOTAK202606042927368,457654786515,4588241,INR,2026-05-28T19:00:47.337Z,KOTAK,ORD-75A0DD57F308,SETTLED
KOTAK202606040653324,032893052741,1430587,INR,2026-06-01T05:00:47.337Z,KOTAK,ORD-1612683C4DBD,SETTLED
KOTAK202606043717141,240676693356,2123696,INR,2026-05-29T22:00:47.337Z,KOTAK,ORD-8658B6702397,SETTLED
KOTAK202606047371035,307226486819,4643165,INR,2026-06-02T21:00:47.338Z,KOTAK,ORD-84D8676CD033,SETTLED
KOTAK202606046084467,137305078210,3433014,INR,2026-05-28T22:00:47.338Z,KOTAK,ORD-61EC26E98E96,SETTLED
KOTAK202606047095348,712558089949,4048380,INR,2026-06-03T22:00:47.338Z,KOTAK,ORD-E00DA76EEE6C,SETTLED
KOTAK202606046016235,935143823978,3082379,INR,2026-06-01T18:00:47.338Z,KOTAK,ORD-419FB14F93E8,SETTLED
KOTAK202606046471183,412837929373,106746,INR,2026-05-31T06:00:47.338Z,KOTAK,ORD-609CEB55D843,PENDING
KOTAK202606048740698,007527813020,655869,INR,2026-06-03T08:00:47.338Z,KOTAK,ORD-3CBAC1119937,PENDING
KOTAK202606045921017,640715268475,1489699,INR,2026-06-01T01:00:47.338Z,KOTAK,ORD-969DD1965FC6,SETTLED
KOTAK202606049151404,506043828144,1355884,INR,2026-06-01T03:00:47.338Z,KOTAK,ORD-6073514AEA6B,SETTLED
KOTAK202606047432945,253167233268,1722868,INR,2026-05-29T15:00:47.338Z,KOTAK,ORD-9B6DC9ACFBD4,SETTLED
KOTAK202606048210741,923502255043,2963595,INR,2026-05-29T11:00:47.338Z,KOTAK,ORD-4A946EA1A148,PENDING
KOTAK202606044054999,491619003387,1802648,INR,2026-05-31T18:00:47.338Z,KOTAK,ORD-F45919B7FC3F,SETTLED
KOTAK202606047577715,873834331290,541222,INR,2026-06-03T20:00:47.338Z,KOTAK,ORD-A0C75CA28AF1,SETTLED
KOTAK202606044421061,623467210216,948633,INR,2026-05-29T17:00:47.338Z,KOTAK,ORD-D7BDCE4A717F,SETTLED
KOTAK202606041883159,897900009087,511791,INR,2026-05-31T00:00:47.338Z,KOTAK,ORD-8E4F35460661,SETTLED
KOTAK202606045948162,506590052047,4919521,INR,2026-06-02T10:00:47.338Z,KOTAK,ORD-9AAF82213764,SETTLED
KOTAK202606040936741,011315838628,4435543,INR,2026-05-29T21:00:47.338Z,KOTAK,ORD-D3B48C6998BA,SETTLED
KOTAK202606049256111,212618113028,4422293,INR,2026-06-03T05:00:47.338Z,KOTAK,ORD-1511EAABB368,SETTLED
KOTAK202606049008197,181366011714,598352,INR,2026-06-04T10:00:47.338Z,KOTAK,ORD-39DD060BB101,SETTLED
KOTAK202606042510045,696427260358,4552540,INR,2026-06-01T09:00:47.338Z,KOTAK,ORD-77F5810596DC,SETTLED
KOTAK202606047853104,009744799450,2044341,INR,2026-06-01T07:00:47.338Z,KOTAK,ORD-476DA8A209ED,PENDING
KOTAK202606047244197,749034649632,1825080,INR,2026-05-29T09:00:47.338Z,KOTAK,ORD-85114D12F13A,SETTLED
KOTAK202606043884576,429194610363,568141,INR,2026-05-31T16:00:47.338Z,KOTAK,ORD-A5FD19479DA1,SETTLED
KOTAK202606049554135,335437652257,1495812,INR,2026-05-30T03:00:47.338Z,KOTAK,ORD-3C3A317F1984,SETTLED
KOTAK202606040653749,673698306009,1968206,INR,2026-06-02T10:00:47.338Z,KOTAK,ORD-485D92622B1A,SETTLED
KOTAK202606041907458,425745583464,1236923,INR,2026-06-04T02:00:47.338Z,KOTAK,ORD-A255B2310743,SETTLED
KOTAK202606042533644,576194450775,4432668,INR,2026-05-30T01:00:47.338Z,KOTAK,ORD-E38EF0A0E7DD,SETTLED
KOTAK202606045764063,661015644641,3736926,INR,2026-06-01T03:00:47.338Z,KOTAK,ORD-9CAC3788152A,SETTLED
KOTAK202606042087192,225831310873,3985852,INR,2026-06-02T01:00:47.338Z,KOTAK,ORD-DC0029A0E892,SETTLED
KOTAK202606040593010,002959586141,4584010,INR,2026-06-03T20:00:47.338Z,KOTAK,ORD-B108BE3816D6,SETTLED
KOTAK202606041582074,968250518137,3809860,INR,2026-06-01T05:00:47.338Z,KOTAK,ORD-798ACA27BDB6,SETTLED
KOTAK202606040170948,225821297657,395945,INR,2026-05-30T23:00:47.338Z,KOTAK,ORD-9AD12DA0974A,SETTLED
KOTAK202606045781364,201461484999,1937558,INR,2026-05-30T01:00:47.338Z,KOTAK,ORD-77338E7A169B,SETTLED
KOTAK202606047090136,600293530017,1979732,INR,2026-06-03T18:00:47.338Z,KOTAK,ORD-E59DF80A0C58,SETTLED
KOTAK202606049297661,296737034449,680575,INR,2026-06-02T12:00:47.338Z,KOTAK,ORD-E74D6A28BF02,SETTLED
KOTAK202606048114328,268988686068,57605,INR,2026-06-01T02:00:47.338Z,KOTAK,ORD-18EA91EB85FB,SETTLED
KOTAK202606049549018,998139097820,2082945,INR,2026-05-31T09:00:47.338Z,KOTAK,ORD-FC5771E9EE5B,SETTLED
KOTAK202606040214183,671631051742,2548142,INR,2026-05-29T08:00:47.338Z,KOTAK,ORD-3C8A19F2AC9B,PENDING
KOTAK202606047208336,662928949610,1088026,INR,2026-05-31T14:00:47.338Z,KOTAK,ORD-71C97B59FCAD,SETTLED
KOTAK202606041205421,563048081218,3454277,INR,2026-06-01T23:00:47.338Z,KOTAK,ORD-BC1D4A80EDEF,SETTLED
KOTAK202606046996856,775205491506,2899935,INR,2026-05-29T02:00:47.338Z,KOTAK,ORD-9C6ABC60F90B,SETTLED
KOTAK202606046764968,045282026466,2897195,INR,2026-06-02T11:00:47.338Z,KOTAK,ORD-6DBB264EFC20,SETTLED
KOTAK202606049652643,063252471524,432458,INR,2026-05-28T22:00:47.338Z,KOTAK,ORD-002D8DD05A71,SETTLED
KOTAK202606049346305,032732586525,539193,INR,2026-06-01T14:00:47.338Z,KOTAK,ORD-5401B90D4E31,SETTLED
KOTAK202606040144738,709954263861,2230354,INR,2026-05-29T12:00:47.338Z,KOTAK,ORD-D48AA5756E3B,SETTLED
KOTAK202606043148336,184153187094,271166,INR,2026-05-28T21:00:47.338Z,KOTAK,ORD-8A96A868FAFD,SETTLED
KOTAK202606042096974,642273102494,1905818,INR,2026-05-31T06:00:47.338Z,KOTAK,ORD-D3ECFF2E4EBB,SETTLED
KOTAK202606046686931,652917584459,3824018,INR,2026-06-04T09:00:47.338Z,KOTAK,ORD-0919170F53CB,SETTLED
KOTAK202606041294384,032791252464,694382,INR,2026-05-29T01:00:47.338Z,KOTAK,ORD-0771CC7E3A18,SETTLED
KOTAK202606041601533,797474210023,4036662,INR,2026-06-01T17:00:47.338Z,KOTAK,ORD-3A41AFAD681F,SETTLED
KOTAK202606043988586,340082317831,1266927,INR,2026-06-04T14:00:47.338Z,KOTAK,ORD-081725435B96,SETTLED
KOTAK202606048015201,207032138519,3551397,INR,2026-06-03T10:00:47.338Z,KOTAK,ORD-9D7364CB2BB5,SETTLED
KOTAK202606049589260,853822460338,2040680,INR,2026-05-30T02:00:47.338Z,KOTAK,ORD-4087F0D17AE6,SETTLED
KOTAK202606042913004,004041732643,3848254,INR,2026-05-30T19:00:47.338Z,KOTAK,ORD-1C1C569A3A8E,SETTLED
KOTAK202606041793110,370224378015,4825717,INR,2026-05-30T09:00:47.338Z,KOTAK,ORD-71E2AD969985,SETTLED
KOTAK202606049254923,061385901791,4487556,INR,2026-06-03T00:00:47.338Z,KOTAK,ORD-F76EACE8234B,SETTLED
KOTAK202606041195928,578407630275,2273076,INR,2026-05-30T11:00:47.338Z,KOTAK,ORD-72C7588A5471,SETTLED
KOTAK202606044459720,723759409104,1659769,INR,2026-05-31T04:00:47.338Z,KOTAK,ORD-EB152CF517C0,PENDING
KOTAK202606048030527,231691360154,3626855,INR,2026-05-29T20:00:47.338Z,KOTAK,ORD-304B132BD880,SETTLED
KOTAK202606047592697,690113046227,1690984,INR,2026-06-04T02:00:47.338Z,KOTAK,ORD-B60190EED63D,SETTLED
KOTAK202606045411776,232411605501,3639334,INR,2026-06-02T03:00:47.338Z,KOTAK,ORD-DE1170527585,SETTLED
KOTAK202606048771023,236034426713,4696734,INR,2026-05-31T04:00:47.338Z,KOTAK,ORD-E6E4CCBCBBFA,SETTLED
KOTAK202606041778351,943231807911,373609,INR,2026-05-29T09:00:47.338Z,KOTAK,ORD-9332D270C456,SETTLED
KOTAK202606040803067,087154068143,3669980,INR,2026-05-29T07:00:47.338Z,KOTAK,ORD-B5BE4BE1B712,SETTLED
KOTAK202606040667893,453396171462,4420829,INR,2026-06-03T09:00:47.338Z,KOTAK,ORD-36E7DC5DB80E,SETTLED
KOTAK202606043444352,608567266019,367886,INR,2026-06-01T14:00:47.339Z,KOTAK,ORD-65A40530908C,SETTLED
KOTAK202606046654345,912185695902,2401217,INR,2026-06-02T02:00:47.339Z,KOTAK,ORD-A363EB394863,SETTLED
KOTAK202606040062772,257627601550,1879428,INR,2026-05-30T03:00:47.339Z,KOTAK,ORD-25D0F7F85BC8,SETTLED
KOTAK202606044666040,230686810083,1895935,INR,2026-06-02T03:00:47.339Z,KOTAK,ORD-249017A1457D,SETTLED
KOTAK202606040475839,483711256263,1948944,INR,2026-06-01T04:00:47.339Z,KOTAK,ORD-BE6514A62172,PENDING
KOTAK202606045619461,286518069534,3811895,INR,2026-05-30T06:00:47.339Z,KOTAK,ORD-1129D35FB535,SETTLED
KOTAK202606040139578,787408430161,2010118,INR,2026-06-03T06:00:47.339Z,KOTAK,ORD-D065D8E3C74F,SETTLED
KOTAK202606042988865,452734118303,4874019,INR,2026-05-30T11:00:47.339Z,KOTAK,ORD-501ECAFE8DC3,SETTLED
KOTAK202606043125182,071565312566,652138,INR,2026-05-29T02:00:47.339Z,KOTAK,ORD-16E27E6087D1,SETTLED
KOTAK202606042853072,849291229607,867640,INR,2026-05-31T12:00:47.339Z,KOTAK,ORD-7B4B0E1446DF,SETTLED
KOTAK202606042554323,524163416663,47525,INR,2026-05-30T06:00:47.339Z,KOTAK,ORD-A7BDAF07C5E5,SETTLED
KOTAK202606046119093,805181265842,3106624,INR,2026-05-30T04:00:47.339Z,KOTAK,ORD-68498657D15A,SETTLED
KOTAK202606047140392,676871226738,4190852,INR,2026-06-02T12:00:47.339Z,KOTAK,ORD-A98A2CFA6861,SETTLED
KOTAK202606045835789,372104561383,3834335,INR,2026-06-01T01:00:47.339Z,KOTAK,ORD-C93FA0D513A2,SETTLED
KOTAK202606045323159,285543382020,4321927,INR,2026-06-01T17:00:47.339Z,KOTAK,ORD-8D5F73C1299F,SETTLED
KOTAK202606042227672,980410897584,76552,INR,2026-05-30T12:00:47.339Z,KOTAK,ORD-DDA7E887945D,SETTLED
KOTAK202606049835071,480363615100,4336164,INR,2026-06-01T23:00:47.339Z,KOTAK,ORD-5C1EB0EDDCFA,SETTLED
KOTAK202606044377927,039174897942,4655942,INR,2026-05-30T17:00:47.339Z,KOTAK,ORD-FD74AFD10116,SETTLED
KOTAK202606041187238,234602651156,2238853,INR,2026-06-01T00:00:47.339Z,KOTAK,ORD-168ADE0DDB8F,SETTLED
KOTAK202606040517647,701018457512,4542305,INR,2026-06-03T08:00:47.339Z,KOTAK,ORD-D446B9E4B5B0,SETTLED
KOTAK202606040477238,870127344839,4268271,INR,2026-05-29T02:00:47.339Z,KOTAK,ORD-76B75F5A6920,SETTLED
KOTAK202606049009830,248383253593,679504,INR,2026-05-29T12:00:47.339Z,KOTAK,ORD-679A1DFF2EC7,SETTLED
KOTAK202606046630018,151691745415,1279376,INR,2026-06-03T06:00:47.339Z,KOTAK,ORD-840B9E7F3C7E,SETTLED
KOTAK202606045149935,666148565788,611940,INR,2026-06-01T05:00:47.339Z,KOTAK,ORD-AAD4590EE220,SETTLED
KOTAK202606041520014,832780166669,2693389,INR,2026-06-04T05:00:47.339Z,KOTAK,ORD-776A1DEA0E4C,SETTLED
KOTAK202606047803993,472845000697,1968793,INR,2026-05-28T23:00:47.339Z,KOTAK,ORD-080611631585,SETTLED
KOTAK202606040013526,335044324385,4524400,INR,2026-05-31T06:00:47.339Z,KOTAK,ORD-38727F2D1BBE,SETTLED
KOTAK202606044068263,326422948361,3711546,INR,2026-06-01T23:00:47.339Z,KOTAK,ORD-68BC830EED3C,SETTLED
KOTAK202606041236801,422383922114,3245637,INR,2026-05-29T18:00:47.339Z,KOTAK,ORD-79545C3002DE,SETTLED
KOTAK202606049698966,428495331693,4099402,INR,2026-06-04T00:00:47.339Z,KOTAK,ORD-EA9570DADDB6,SETTLED
KOTAK202606049027815,530130998010,745742,INR,2026-06-04T18:00:47.339Z,KOTAK,ORD-BC3A9751ED96,SETTLED
KOTAK202606048533694,934565390589,2155015,INR,2026-06-03T01:00:47.339Z,KOTAK,ORD-1117A702DE33,SETTLED
KOTAK202606045246573,944140940274,1803546,INR,2026-06-03T21:00:47.339Z,KOTAK,ORD-7CFC5B9D9B68,SETTLED
KOTAK202606043373170,206935890703,2525650,INR,2026-06-04T13:00:47.339Z,KOTAK,ORD-B3238984C323,SETTLED
KOTAK202606041912403,906354626510,1030333,INR,2026-06-04T18:00:47.339Z,KOTAK,ORD-DF8397A0C6E7,SETTLED
KOTAK202606048338681,808662110299,2611281,INR,2026-06-02T06:00:47.339Z,KOTAK,ORD-788A5D304CC0,SETTLED
KOTAK202606041813381,349969243990,1240846,INR,2026-06-03T18:00:47.339Z,KOTAK,ORD-7301D14A111B,SETTLED
KOTAK202606049742491,297936012099,4191874,INR,2026-06-04T10:00:47.339Z,KOTAK,ORD-1B61D4DD2A3F,SETTLED
KOTAK202606045187812,839069953821,3653407,INR,2026-05-29T11:00:47.339Z,KOTAK,ORD-E4EE1DEA0CCF,PENDING
KOTAK202606040739913,404773290114,1882982,INR,2026-06-02T02:00:47.339Z,KOTAK,ORD-369F4F3C7BD7,SETTLED
KOTAK202606040089126,790688124405,2358366,INR,2026-06-02T07:00:47.339Z,KOTAK,ORD-B23E9C968BAC,SETTLED
KOTAK202606040579360,180393796042,3192137,INR,2026-05-31T21:00:47.339Z,KOTAK,ORD-E73E4F80481E,SETTLED
KOTAK202606043380067,039615689806,3115565,INR,2026-05-31T17:00:47.339Z,KOTAK,ORD-EAA715E632C0,SETTLED
KOTAK202606049280601,018503382262,4181445,INR,2026-06-02T15:00:47.339Z,KOTAK,ORD-B1730AC22E62,SETTLED
KOTAK202606045639089,487803582187,453111,INR,2026-05-31T17:00:47.339Z,KOTAK,ORD-BD4C009A78F1,SETTLED
KOTAK202606043100781,035750984880,1452636,INR,2026-05-29T01:00:47.339Z,KOTAK,ORD-50D4443348F5,SETTLED
KOTAK202606042512070,347723877232,1011940,INR,2026-05-29T22:00:47.339Z,KOTAK,ORD-2218C1BA0B18,SETTLED
KOTAK202606046619265,185828495133,2212891,INR,2026-05-29T19:00:47.339Z,KOTAK,ORD-203FEB1942A8,SETTLED
KOTAK202606042644743,487402377344,695065,INR,2026-05-29T12:00:47.339Z,KOTAK,ORD-B5F9AA08CAE5,SETTLED
KOTAK202606046275714,546871855029,1980047,INR,2026-06-01T06:00:47.339Z,KOTAK,ORD-AB76566A14E0,SETTLED
KOTAK202606045429751,773126632935,1447918,INR,2026-06-01T19:00:47.339Z,KOTAK,ORD-50FB84AD4EE5,SETTLED
KOTAK202606043799943,418958247187,1345377,INR,2026-05-30T06:00:47.339Z,KOTAK,ORD-69D8C426A88F,PENDING
KOTAK202606040976488,266207374995,3310458,INR,2026-05-30T12:00:47.339Z,KOTAK,ORD-2A4AE33DB389,SETTLED
KOTAK202606041135799,421979343240,1997539,INR,2026-06-02T01:00:47.339Z,KOTAK,ORD-AB1C38AC2DE7,SETTLED
KOTAK202606043051681,036406360380,3167532,INR,2026-06-02T13:00:47.339Z,KOTAK,ORD-32828F2CBC78,SETTLED
KOTAK202606049734462,301862847900,301835,INR,2026-05-31T15:00:47.339Z,KOTAK,ORD-E175ABA295EA,PENDING
KOTAK202606048794069,087599628341,1328578,INR,2026-06-01T10:00:47.339Z,KOTAK,ORD-7170943DD9A9,SETTLED
KOTAK202606045519496,963288081506,1268156,INR,2026-06-02T08:00:47.339Z,KOTAK,ORD-66C83FE82AC7,SETTLED
KOTAK202606046663768,552519676778,3601140,INR,2026-05-28T19:00:47.339Z,KOTAK,ORD-8AAFD2EE6F2D,SETTLED
KOTAK202606043898288,987157953506,710533,INR,2026-05-29T07:00:47.339Z,KOTAK,ORD-1131D3FC9340,SETTLED
KOTAK202606041972997,152005440335,679556,INR,2026-06-03T08:00:47.339Z,KOTAK,ORD-F9FD15FD8A81,SETTLED
KOTAK202606042315881,804423231788,4394020,INR,2026-05-31T03:00:47.339Z,KOTAK,ORD-D4FB8800DBF8,SETTLED
KOTAK202606044405989,877121746033,2587960,INR,2026-06-01T12:00:47.339Z,KOTAK,ORD-7B9A560FF7B2,SETTLED
KOTAK202606047873536,767273297867,2453368,INR,2026-06-02T17:00:47.339Z,KOTAK,ORD-562BCBD74D79,SETTLED
KOTAK202606046739215,270274880813,207842,INR,2026-06-02T17:00:47.339Z,KOTAK,ORD-DA3C594D0ED5,SETTLED
KOTAK202606041313366,114738058732,3443084,INR,2026-06-03T05:00:47.339Z,KOTAK,ORD-F9B7F15ED35D,SETTLED
KOTAK202606041035043,564888177151,4962140,INR,2026-06-04T12:00:47.339Z,KOTAK,ORD-353B04E0714C,SETTLED
KOTAK202606042224230,515634835227,1156746,INR,2026-05-29T07:00:47.339Z,KOTAK,ORD-99655254B9E9,SETTLED
KOTAK202606046476701,634486367149,872126,INR,2026-06-02T13:00:47.339Z,KOTAK,ORD-E011B6F2E5A9,SETTLED
KOTAK202606048547333,837641424948,638128,INR,2026-05-29T20:00:47.339Z,KOTAK,ORD-8BB901831042,SETTLED
KOTAK202606043312187,305491269040,2139725,INR,2026-05-30T14:00:47.339Z,KOTAK,ORD-52259C521333,SETTLED
KOTAK202606047987513,127895069304,677950,INR,2026-05-31T21:00:47.339Z,KOTAK,ORD-47358005AEA4,SETTLED
KOTAK202606048376253,309854853985,2069501,INR,2026-05-31T19:00:47.339Z,KOTAK,ORD-D87F2BBE13E6,SETTLED
KOTAK202606046940030,473716359811,3926816,INR,2026-05-29T10:00:47.339Z,KOTAK,ORD-F9066CF8607A,SETTLED
KOTAK202606040454281,914672499577,3171359,INR,2026-06-01T19:00:47.339Z,KOTAK,ORD-A5094D3158E3,SETTLED
KOTAK202606045402047,526000999282,1662494,INR,2026-05-28T23:00:47.339Z,KOTAK,ORD-1D122808C062,SETTLED
KOTAK202606049327525,673425781203,373775,INR,2026-05-31T12:00:47.339Z,KOTAK,ORD-6C398EB3E163,SETTLED
KOTAK202606049962268,442185500809,3222072,INR,2026-06-01T09:00:47.339Z,KOTAK,ORD-07327ED2F571,SETTLED
KOTAK202606045214532,541937166627,3997425,INR,2026-05-31T10:00:47.339Z,KOTAK,ORD-1774D2EF271D,SETTLED
KOTAK202606045732112,886606586163,4992402,INR,2026-06-01T01:00:47.339Z,KOTAK,ORD-9818DF3E43F7,SETTLED
KOTAK202606041524192,263048431128,4583639,INR,2026-05-29T06:00:47.339Z,KOTAK,ORD-792F984D5B28,SETTLED
KOTAK202606044927186,109221735008,4234880,INR,2026-05-29T12:00:47.339Z,KOTAK,ORD-0E576C9BBA7F,SETTLED
KOTAK202606047642525,847312919356,4283912,INR,2026-06-02T13:00:47.339Z,KOTAK,ORD-7DE1D2CD40ED,SETTLED
KOTAK202606042551391,064990965113,727011,INR,2026-06-04T06:00:47.339Z,KOTAK,ORD-61847F28BEC5,SETTLED
KOTAK202606048955227,659020995637,2601552,INR,2026-05-30T05:00:47.339Z,KOTAK,ORD-3355E20C37E0,SETTLED
KOTAK202606049414016,923168121666,4737416,INR,2026-06-04T18:00:47.339Z,KOTAK,ORD-FB84B1626B32,SETTLED
KOTAK202606046754456,711223513622,4171939,INR,2026-05-30T19:00:47.339Z,KOTAK,ORD-8B43C84F7EF6,SETTLED
KOTAK202606046132241,861611676582,1090569,INR,2026-06-01T23:00:47.339Z,KOTAK,ORD-D1A955041039,SETTLED
KOTAK202606048101058,546143842597,1075026,INR,2026-06-03T16:00:47.339Z,KOTAK,ORD-7B7F9CE560FF,SETTLED
KOTAK202606043906993,296321928095,3699604,INR,2026-05-29T03:00:47.339Z,KOTAK,ORD-E4AEE2B0BDED,SETTLED
KOTAK202606043960053,626967591537,1809355,INR,2026-06-04T13:00:47.339Z,KOTAK,ORD-C68DF8EBBFB2,SETTLED
KOTAK202606047935184,330637651237,898600,INR,2026-06-04T15:00:47.339Z,KOTAK,ORD-3B2460AB3F7B,SETTLED
KOTAK202606049311540,677300715340,4529367,INR,2026-05-29T14:00:47.339Z,KOTAK,ORD-D303A6373208,SETTLED
KOTAK202606047133317,247704017160,3045453,INR,2026-06-01T13:00:47.339Z,KOTAK,ORD-68B539F78A88,SETTLED
KOTAK202606040788058,959562295912,4342614,INR,2026-06-03T05:00:47.339Z,KOTAK,ORD-DF858B550B1E,SETTLED
KOTAK202606041027589,855681676532,253192,INR,2026-06-01T00:00:47.339Z,KOTAK,ORD-4E41FFBCAA93,PENDING
KOTAK202606049200883,420267289562,1637700,INR,2026-05-30T20:00:47.339Z,KOTAK,ORD-1AC79F502B30,SETTLED
KOTAK202606049307361,046664507324,405478,INR,2026-05-31T10:00:47.339Z,KOTAK,ORD-8BAFC13B7831,SETTLED
KOTAK202606048908726,891046811990,100394,INR,2026-06-03T21:00:47.339Z,KOTAK,ORD-2BDE3B5DD660,SETTLED
KOTAK202606042675989,035078101617,4679317,INR,2026-06-02T19:00:47.339Z,KOTAK,ORD-A4E02A2995D5,SETTLED
KOTAK202606047596150,703756993046,2110698,INR,2026-05-30T00:00:47.339Z,KOTAK,ORD-2E392A583F1C,SETTLED
KOTAK202606046538022,994065424649,3878689,INR,2026-05-30T01:00:47.339Z,KOTAK,ORD-A28881021027,SETTLED
KOTAK202606045464589,845059190791,4066635,INR,2026-05-29T23:00:47.340Z,KOTAK,ORD-6CDA347DECAF,SETTLED
KOTAK202606045233240,118915725687,3573990,INR,2026-06-03T21:00:47.340Z,KOTAK,ORD-E568F6DDA926,PENDING
KOTAK202606040252348,976582881210,2735588,INR,2026-05-30T12:00:47.340Z,KOTAK,ORD-982590A6A028,SETTLED
KOTAK202606044513646,903633828691,3400910,INR,2026-05-30T16:00:47.340Z,KOTAK,ORD-C19B6C0ABF22,SETTLED
KOTAK202606041496012,731786677259,1501527,INR,2026-06-03T10:00:47.340Z,KOTAK,ORD-5B24BA01BDF3,SETTLED
KOTAK202606043749035,050099169277,1894066,INR,2026-05-31T09:00:47.340Z,KOTAK,ORD-91FB3C2CB8AE,SETTLED
KOTAK202606046656745,409772321569,4481814,INR,2026-06-01T16:00:47.340Z,KOTAK,ORD-C783EC2DE174,SETTLED
KOTAK202606042056008,771420272194,3905832,INR,2026-06-02T04:00:47.340Z,KOTAK,ORD-4AEC11E18269,SETTLED
KOTAK202606040539891,253106048639,2762906,INR,2026-06-02T02:00:47.340Z,KOTAK,ORD-DAE7B88EC16C,SETTLED
KOTAK202606042675106,165742648985,2325836,INR,2026-06-03T09:00:47.340Z,KOTAK,ORD-DFEDE81D9A44,SETTLED
KOTAK202606045723849,092868096177,655046,INR,2026-05-29T02:00:47.340Z,KOTAK,ORD-3EB07918FF97,SETTLED
KOTAK202606045122982,980177596575,313019,INR,2026-05-28T19:00:47.340Z,KOTAK,ORD-F60345B91FD4,SETTLED
KOTAK202606049311165,638859777928,744494,INR,2026-05-31T05:00:47.340Z,KOTAK,ORD-C835A86936E7,SETTLED
KOTAK202606048086194,934634274538,4510618,INR,2026-05-31T16:00:47.340Z,KOTAK,ORD-6934A5E23B63,SETTLED
KOTAK202606045199503,898385375624,2071100,INR,2026-06-02T09:00:47.340Z,KOTAK,ORD-E9F0D769AFF4,SETTLED
KOTAK202606049597064,348150834201,2943836,INR,2026-05-30T08:00:47.340Z,KOTAK,ORD-CDE8DF7F5AA1,SETTLED
KOTAK202606049897104,208371663298,351572,INR,2026-05-31T16:00:47.340Z,KOTAK,ORD-E4CCF75DCB29,SETTLED
KOTAK202606047972572,240959406734,3517240,INR,2026-05-31T12:00:47.340Z,KOTAK,ORD-88303E895933,SETTLED
KOTAK202606042988397,563893253628,4500161,INR,2026-06-02T16:00:47.340Z,KOTAK,ORD-BC99868F7090,SETTLED
KOTAK202606041891374,590060758877,2518766,INR,2026-05-31T00:00:47.340Z,KOTAK,ORD-3A2D224E4DCB,SETTLED
KOTAK202606044913709,688107397385,4651847,INR,2026-06-03T01:00:47.340Z,KOTAK,ORD-20D182360A6E,SETTLED
KOTAK202606047716303,970165224717,3207391,INR,2026-05-29T03:00:47.340Z,KOTAK,ORD-ADD185932E21,SETTLED
KOTAK202606045048629,048802785916,3476607,INR,2026-05-30T12:00:47.340Z,KOTAK,ORD-65EC94E6DAD8,SETTLED
KOTAK202606047282402,091780796797,1232702,INR,2026-05-29T04:00:47.340Z,KOTAK,ORD-716B3B829601,SETTLED
KOTAK202606041933568,714657549189,1683640,INR,2026-06-02T04:00:47.340Z,KOTAK,ORD-256D8DE5EAD1,SETTLED
KOTAK202606040971498,121498486811,4230562,INR,2026-05-29T15:00:47.340Z,KOTAK,ORD-6422183B9126,SETTLED
KOTAK202606041611523,970389153623,3007600,INR,2026-05-30T17:00:47.340Z,KOTAK,ORD-FD6D69B52EFD,SETTLED
KOTAK202606044418745,910101232721,2036805,INR,2026-06-03T18:00:47.340Z,KOTAK,ORD-9840EE2120E8,SETTLED
KOTAK202606045950358,625391735180,771074,INR,2026-05-30T15:00:47.340Z,KOTAK,ORD-40E462A3A7AA,SETTLED
KOTAK202606048921046,914799920083,2656509,INR,2026-06-01T17:00:47.340Z,KOTAK,ORD-CDEFEA5CCB93,SETTLED
KOTAK202606047665593,254085418061,2125092,INR,2026-05-30T02:00:47.340Z,KOTAK,ORD-F0F179E1C53E,SETTLED
KOTAK202606049836856,572317341407,677733,INR,2026-05-29T00:00:47.340Z,KOTAK,ORD-7DD0E4F683A6,SETTLED
KOTAK202606046314638,093006320351,4868157,INR,2026-05-30T12:00:47.340Z,KOTAK,ORD-38B566764DC9,PENDING
KOTAK202606047080193,598509451850,3333465,INR,2026-06-03T18:00:47.340Z,KOTAK,ORD-EC36BA9DB9C6,SETTLED
KOTAK202606042516166,139066671746,3003717,INR,2026-05-31T00:00:47.340Z,KOTAK,ORD-51F6567D6589,SETTLED
KOTAK202606046319488,475771717378,1738808,INR,2026-05-31T08:00:47.340Z,KOTAK,ORD-CFC14A40671E,SETTLED
KOTAK202606041053404,163359566101,1525899,INR,2026-05-29T11:00:47.340Z,KOTAK,ORD-10E7FE7CB2D9,SETTLED
KOTAK202606044043558,141865940837,523349,INR,2026-05-31T10:00:47.340Z,KOTAK,ORD-DA6C8DA70A4C,SETTLED
KOTAK202606043566754,485962845423,1458213,INR,2026-05-29T03:00:47.340Z,KOTAK,ORD-40D72C5E5649,SETTLED
KOTAK202606046236101,930612296238,3587985,INR,2026-06-02T17:00:47.340Z,KOTAK,ORD-670516BBB8DD,PENDING
KOTAK202606040527544,650424083713,1875559,INR,2026-05-31T00:00:47.340Z,KOTAK,ORD-01A553EFB666,SETTLED
KOTAK202606046981172,068250859084,3200689,INR,2026-05-30T09:00:47.340Z,KOTAK,ORD-AC5B9768E893,SETTLED
KOTAK202606040453731,584436175660,3025910,INR,2026-06-02T11:00:47.340Z,KOTAK,ORD-1B1803B899DF,SETTLED
KOTAK202606043159703,100482626876,1227359,INR,2026-06-03T09:00:47.340Z,KOTAK,ORD-7B61A7B47270,SETTLED
KOTAK202606048664676,663817561300,311766,INR,2026-06-01T14:00:47.340Z,KOTAK,ORD-A38D9B2B12D0,SETTLED
KOTAK202606040481886,854314633499,4366801,INR,2026-05-29T19:00:47.340Z,KOTAK,ORD-9802E7870B8A,SETTLED
KOTAK202606042217628,210868746555,3522508,INR,2026-06-03T13:00:47.340Z,KOTAK,ORD-75AC83E194DD,SETTLED
KOTAK202606044627662,258915029967,4067778,INR,2026-06-03T01:00:47.340Z,KOTAK,ORD-525D8A54BCA6,SETTLED
KOTAK202606046165382,970061210906,1921107,INR,2026-05-28T22:00:47.340Z,KOTAK,ORD-645ACC08C7A4,SETTLED
KOTAK202606042812725,551866646683,979430,INR,2026-05-28T23:00:47.340Z,KOTAK,ORD-9E725AAC4E46,SETTLED
KOTAK202606046192530,710366401005,4375469,INR,2026-06-01T00:00:47.340Z,KOTAK,ORD-3527E27408C3,SETTLED
KOTAK202606044948464,783089107521,4814460,INR,2026-05-30T10:00:47.340Z,KOTAK,ORD-8DF1486C2E8B,SETTLED
KOTAK202606045487701,317238905804,1676458,INR,2026-06-01T09:00:47.340Z,KOTAK,ORD-3CB84A391BB4,SETTLED
KOTAK202606046412155,342165665335,4071312,INR,2026-06-04T12:00:47.340Z,KOTAK,ORD-1267059DC8CD,SETTLED
KOTAK202606046104208,004436111985,2449033,INR,2026-06-04T16:00:47.340Z,KOTAK,ORD-D6CD89EE8A39,SETTLED
KOTAK202606043666291,447476754458,3538519,INR,2026-05-30T09:00:47.340Z,KOTAK,ORD-C6EF559968E5,SETTLED
KOTAK202606041434482,438804748436,1127031,INR,2026-06-03T07:00:47.340Z,KOTAK,ORD-E9285ABA8F37,SETTLED
KOTAK202606049352292,617287314709,1208312,INR,2026-05-30T22:00:47.340Z,KOTAK,ORD-4C636B347A51,SETTLED
KOTAK202606045374347,638342809007,2620452,INR,2026-05-30T15:00:47.340Z,KOTAK,ORD-14C2DBFECDD1,SETTLED
KOTAK202606047166814,376734381205,3734208,INR,2026-05-30T02:00:47.340Z,KOTAK,ORD-D5FA6765CD60,SETTLED
KOTAK202606043415736,371722210823,4636148,INR,2026-05-31T06:00:47.340Z,KOTAK,ORD-E4860FEBAA89,SETTLED
KOTAK202606047579497,679185720578,2725599,INR,2026-06-02T16:00:47.340Z,KOTAK,ORD-12AC0007E2BC,SETTLED
KOTAK202606040884480,659714440364,3500585,INR,2026-06-01T13:00:47.340Z,KOTAK,ORD-07297C4F8CD8,SETTLED
KOTAK202606046147780,807330696633,493745,INR,2026-06-03T09:00:47.340Z,KOTAK,ORD-2512BF231223,SETTLED
KOTAK202606049621324,151742587545,1050650,INR,2026-06-04T18:00:47.340Z,KOTAK,ORD-8F4710EF473D,SETTLED
KOTAK202606043022130,939311331741,2723190,INR,2026-06-02T05:00:47.340Z,KOTAK,ORD-8742DE22A8D2,SETTLED
KOTAK202606044463057,443336308555,3393242,INR,2026-05-28T23:00:47.340Z,KOTAK,ORD-1EF3F3A1904D,SETTLED
KOTAK202606041291734,547658772811,844044,INR,2026-05-31T22:00:47.340Z,KOTAK,ORD-8142F367759C,SETTLED
KOTAK202606041037693,590190191033,194346,INR,2026-05-28T21:00:47.340Z,KOTAK,ORD-476DE699CF6C,SETTLED
KOTAK202606042396731,648558424056,3030764,INR,2026-06-01T22:00:47.340Z,KOTAK,ORD-925948F3A181,SETTLED
KOTAK202606047489990,868317040566,4860400,INR,2026-05-29T03:00:47.340Z,KOTAK,ORD-191750EDFBBB,PENDING
KOTAK202606042390859,442333853752,3815404,INR,2026-05-29T06:00:47.340Z,KOTAK,ORD-A85E629D582D,SETTLED
KOTAK202606049864595,938762695762,3329826,INR,2026-06-04T17:00:47.340Z,KOTAK,ORD-5996CD255735,SETTLED
KOTAK202606049449568,445197511285,3996611,INR,2026-06-03T16:00:47.340Z,KOTAK,ORD-3A93BED83BEE,SETTLED
KOTAK202606048479299,374205725829,2291896,INR,2026-05-29T23:00:47.340Z,KOTAK,ORD-5BDC8FE09E2F,SETTLED
KOTAK202606048124246,218844904828,4945830,INR,2026-06-04T04:00:47.340Z,KOTAK,ORD-4B0C5FC5C4AD,SETTLED
KOTAK202606049143299,167767487127,1055675,INR,2026-05-29T03:00:47.340Z,KOTAK,ORD-332B227C058F,SETTLED
KOTAK202606049755240,521298977723,4296291,INR,2026-06-03T00:00:47.340Z,KOTAK,ORD-7997DA57C306,SETTLED
KOTAK202606049879368,264859595276,2039186,INR,2026-06-02T10:00:47.340Z,KOTAK,ORD-11A1BD5A5D2E,SETTLED
KOTAK202606043602670,477680744028,3082160,INR,2026-05-31T11:00:47.340Z,KOTAK,ORD-E9F99CAB8B87,SETTLED
KOTAK202606048809882,956563018308,4205019,INR,2026-06-01T05:00:47.340Z,KOTAK,ORD-00E696B2A5C9,SETTLED
KOTAK202606044363212,707898572220,73840,INR,2026-06-03T02:00:47.340Z,KOTAK,ORD-A5084D9334C3,SETTLED
KOTAK202606049511588,517539723865,3758909,INR,2026-05-31T03:00:47.340Z,KOTAK,ORD-A88040C0B3DE,SETTLED
KOTAK202606041574910,689777488475,2172835,INR,2026-06-01T20:00:47.340Z,KOTAK,ORD-CBC345DAD0A5,SETTLED
KOTAK202606048924367,031654843873,4794322,INR,2026-06-01T01:00:47.340Z,KOTAK,ORD-AB9D763964E0,SETTLED
KOTAK202606049066709,460432055932,3016003,INR,2026-05-29T17:00:47.340Z,KOTAK,ORD-C54CF2CF89D3,SETTLED
KOTAK202606047042529,153428519039,4204251,INR,2026-05-31T23:00:47.340Z,KOTAK,ORD-6EAC0B179152,SETTLED
KOTAK202606046109918,097896471787,3350463,INR,2026-05-29T06:00:47.340Z,KOTAK,ORD-0F48217FFB4B,SETTLED
KOTAK202606047775103,908607487486,4059039,INR,2026-06-01T03:00:47.340Z,KOTAK,ORD-1CD25FE19AEE,SETTLED
KOTAK202606043771957,223192087535,134371,INR,2026-05-30T23:00:47.340Z,KOTAK,ORD-DC4820806CF3,SETTLED
KOTAK202606044171921,025127979169,3493562,INR,2026-06-01T04:00:47.340Z,KOTAK,ORD-0FBBB71D4218,SETTLED
KOTAK202606049272460,321232846652,469173,INR,2026-06-04T13:00:47.340Z,KOTAK,ORD-0EF4718D1952,SETTLED
KOTAK202606048547140,097199986870,720730,INR,2026-06-01T17:00:47.340Z,KOTAK,ORD-2737DEA88CDE,SETTLED
KOTAK202606048440685,307893963887,2452549,INR,2026-05-31T02:00:47.340Z,KOTAK,ORD-3EC39F9FB833,SETTLED
KOTAK202606047085740,318374420865,1359925,INR,2026-05-31T03:00:47.340Z,KOTAK,ORD-042587B14891,SETTLED
KOTAK202606041466451,315155163189,263128,INR,2026-06-04T07:00:47.340Z,KOTAK,ORD-1B5455EEC82C,SETTLED
KOTAK202606043267752,911123729494,682957,INR,2026-05-30T03:00:47.340Z,KOTAK,ORD-3CFCBC41CDC7,SETTLED
KOTAK202606049578852,472640020831,15962,INR,2026-06-04T01:00:47.340Z,KOTAK,ORD-0A1B31815071,SETTLED
KOTAK202606047679154,464061589920,4248640,INR,2026-06-02T17:00:47.340Z,KOTAK,ORD-51E8839F5E54,SETTLED
KOTAK202606042151966,213119105259,3351547,INR,2026-06-04T03:00:47.340Z,KOTAK,ORD-51865F902F50,SETTLED
KOTAK202606044435460,540147015299,3036473,INR,2026-05-30T08:00:47.340Z,KOTAK,ORD-73E667EE7E00,SETTLED
KOTAK202606043526809,586353671243,4902054,INR,2026-05-31T06:00:47.340Z,KOTAK,ORD-77226824B2BF,SETTLED
KOTAK202606045601100,903691603382,2617613,INR,2026-05-29T17:00:47.340Z,KOTAK,ORD-C61A577944E8,PENDING
KOTAK202606045208729,238829698467,264102,INR,2026-05-31T01:00:47.340Z,KOTAK,ORD-6288F4AF15E6,SETTLED
KOTAK202606049464827,969704241369,4727072,INR,2026-05-31T08:00:47.340Z,KOTAK,ORD-A6CB028E8250,SETTLED
KOTAK202606040413016,674320206378,477019,INR,2026-06-01T18:00:47.340Z,KOTAK,ORD-9A46FA8BC92A,SETTLED
KOTAK202606044537933,235654218461,4616293,INR,2026-06-04T05:00:47.340Z,KOTAK,ORD-ECF49AF02171,PENDING
KOTAK202606049476750,116549362900,259278,INR,2026-05-30T00:00:47.340Z,KOTAK,ORD-311F409A6D57,SETTLED
KOTAK202606047928936,476910924803,2725340,INR,2026-05-29T10:00:47.340Z,KOTAK,ORD-19F3F72599DE,SETTLED
KOTAK202606041372549,382865333537,190167,INR,2026-06-01T15:00:47.340Z,KOTAK,ORD-40512450FD1D,SETTLED
KOTAK202606046572678,524306714268,3182220,INR,2026-05-30T12:00:47.340Z,KOTAK,ORD-0B32E8723533,PENDING
KOTAK202606046781354,058911521786,3864996,INR,2026-06-02T23:00:47.340Z,KOTAK,ORD-056C57A6486C,SETTLED
KOTAK202606047549710,163192221547,3910789,INR,2026-05-31T19:00:47.340Z,KOTAK,ORD-BCFD5411512F,SETTLED
KOTAK202606043899525,935974251205,1902991,INR,2026-05-31T05:00:47.340Z,KOTAK,ORD-31F6B071EF07,SETTLED
KOTAK202606042507299,118232959933,3754161,INR,2026-06-01T15:00:47.340Z,KOTAK,ORD-EFEF62BCB9AB,SETTLED
KOTAK202606049007305,479648252875,1119215,INR,2026-06-03T19:00:47.340Z,KOTAK,ORD-14E2F180F385,SETTLED
KOTAK202606041885971,370504048060,2540463,INR,2026-05-30T09:00:47.340Z,KOTAK,ORD-7935FAC70919,SETTLED
KOTAK202606047868631,201394006202,3622343,INR,2026-05-29T23:00:47.340Z,KOTAK,ORD-F2CAC590F358,PENDING
KOTAK202606047509873,192915673396,1246099,INR,2026-05-30T18:00:47.340Z,KOTAK,ORD-6198C8DA57CA,SETTLED
KOTAK202606048021771,814855670645,472047,INR,2026-05-31T15:00:47.340Z,KOTAK,ORD-0C0AA0749F48,SETTLED
KOTAK202606045135908,355054830794,1204510,INR,2026-05-29T12:00:47.340Z,KOTAK,ORD-4F08FD25A695,SETTLED
KOTAK202606043578191,786733348379,519489,INR,2026-05-30T02:00:47.340Z,KOTAK,ORD-B6FE18E1FF7B,SETTLED
KOTAK202606044828149,652027919013,3045449,INR,2026-05-31T05:00:47.340Z,KOTAK,ORD-8D1F8BD664E9,PENDING
KOTAK202606049437280,341906981552,2488890,INR,2026-06-04T04:00:47.340Z,KOTAK,ORD-150E16DA3F59,PENDING
KOTAK202606040242101,263267399993,4775732,INR,2026-06-03T13:00:47.340Z,KOTAK,ORD-B8EA7F57482D,SETTLED
KOTAK202606041191446,032995882340,4639348,INR,2026-06-01T08:00:47.340Z,KOTAK,ORD-ECF9D6029FA3,SETTLED
KOTAK202606040720493,052690559198,1759132,INR,2026-06-02T06:00:47.340Z,KOTAK,ORD-23E9780D2870,SETTLED
KOTAK202606045044236,752941949206,2557617,INR,2026-06-02T14:00:47.340Z,KOTAK,ORD-FBB66FB89D75,SETTLED
KOTAK202606044035942,515088870659,911802,INR,2026-06-03T23:00:47.340Z,KOTAK,ORD-8364C406A35F,SETTLED
KOTAK202606046017000,870616237941,3926425,INR,2026-05-29T23:00:47.340Z,KOTAK,ORD-6F932E756F93,SETTLED
KOTAK202606043648734,833701606807,1024083,INR,2026-05-30T05:00:47.340Z,KOTAK,ORD-157A81C53DD5,SETTLED
KOTAK202606040403459,499636461407,331625,INR,2026-05-30T08:00:47.340Z,KOTAK,ORD-D02F0E3E1D8E,SETTLED
KOTAK202606046171698,815267080628,4745446,INR,2026-06-02T03:00:47.340Z,KOTAK,ORD-94D6E6AD9D48,SETTLED
KOTAK202606042462568,102288088373,2369441,INR,2026-06-01T17:00:47.340Z,KOTAK,ORD-49630043BDAB,SETTLED
KOTAK202606043304921,360520235475,3098024,INR,2026-05-30T05:00:47.340Z,KOTAK,ORD-8A3330344F79,SETTLED
KOTAK202606049899516,302093757403,3981572,INR,2026-06-04T14:00:47.340Z,KOTAK,ORD-46A5005A828A,SETTLED
KOTAK202606045970788,130323644686,4786869,INR,2026-05-29T01:00:47.340Z,KOTAK,ORD-B4F8594AD298,SETTLED
KOTAK202606047272194,558405976373,3040184,INR,2026-05-29T08:00:47.340Z,KOTAK,ORD-3E5BFFCE0C48,SETTLED