UTR,RRN,Amount,Currency,Settlement_Date,Bank_Name,Merchant_Ref,Status
KOTAK202606044889195,740172653034,2830439,INR,2026-05-29T19:48:18.329Z,KOTAK,ORD-E69FA1DCDC65,SETTLED
KOTAK202606045642780,211869875298,323731,INR,2026-06-01T20:48:18.329Z,KOTAK,ORD-67FCFDB54352,PENDING
KOTAK202606048124021,678641247559,1491251,INR,2026-06-02T03:48:18.329Z,KOTAK,ORD-AF05228D4C16,SETTLED
KOTAK202606045789666,718118497928,1357696,INR,2026-05-31T14:48:18.329Z,KOTAK,ORD-7AB3E1162E7E,SETTLED
KOTAK202606044463158,595238051713,2535999,INR,2026-06-04T04:48:18.329Z,KOTAK,ORD-2703220F6BBF,SETTLED
KOTAK202606044099012,961137670209,3584836,INR,2026-06-01T15:48:18.329Z,KOTAK,ORD-A71DBFAA5212,SETTLED
KOTAK202606046324074,817554433649,1345354,INR,2026-06-03T05:48:18.329Z,KOTAK,ORD-AEB7637022FD,SETTLED
KOTAK202606046073390,759242819477,1796225,INR,2026-06-01T02:48:18.329Z,KOTAK,ORD-CC7C088F1C47,SETTLED
KOTAK202606048058624,934450463708,884816,INR,2026-06-04T06:48:18.329Z,KOTAK,ORD-D27D5961D30D,SETTLED
KOTAK202606040782800,718239311647,1965406,INR,2026-05-31T05:48:18.329Z,KOTAK,ORD-5C423E6B541A,SETTLED
KOTAK202606040396314,795463126074,978725,INR,2026-05-28T19:48:18.329Z,KOTAK,ORD-BD7772B4C3B3,SETTLED
KOTAK202606046670048,263296304343,1831092,INR,2026-06-01T13:48:18.329Z,KOTAK,ORD-7040C1DC1EA3,SETTLED
KOTAK202606042675072,901170409843,4076887,INR,2026-05-31T20:48:18.329Z,KOTAK,ORD-7B23D9771B41,SETTLED
KOTAK202606041275306,879023623649,3842944,INR,2026-06-03T17:48:18.329Z,KOTAK,ORD-FFB5D26846CF,SETTLED
KOTAK202606045011456,066287480336,1922241,INR,2026-06-03T16:48:18.329Z,KOTAK,ORD-18EA75241A38,SETTLED
KOTAK202606041541800,761871815000,4047719,INR,2026-06-02T16:48:18.329Z,KOTAK,ORD-B14FDF1838DE,SETTLED
KOTAK202606042332745,066171644681,1791305,INR,2026-06-02T03:48:18.329Z,KOTAK,ORD-780E5DB1CEE6,SETTLED
KOTAK202606043760844,001992815777,1496210,INR,2026-05-30T07:48:18.329Z,KOTAK,ORD-B869BBF6BCBE,SETTLED
KOTAK202606044771342,204502514462,3600337,INR,2026-06-03T01:48:18.329Z,KOTAK,ORD-EE04D3DB0087,SETTLED
KOTAK202606047698540,874838571987,3928611,INR,2026-06-02T09:48:18.329Z,KOTAK,ORD-06A9FC633B4C,SETTLED
KOTAK202606046141300,239135509399,1240293,INR,2026-06-01T10:48:18.329Z,KOTAK,ORD-53C3A5A48FF6,SETTLED
KOTAK202606041387701,738977991539,4634587,INR,2026-06-02T16:48:18.329Z,KOTAK,ORD-4814D6BD7B41,SETTLED
KOTAK202606040721621,056849555823,965051,INR,2026-05-29T17:48:18.329Z,KOTAK,ORD-FD048ECB2BEB,SETTLED
KOTAK202606041649407,297817606484,2547179,INR,2026-06-02T05:48:18.330Z,KOTAK,ORD-B4D0454CC4D6,SETTLED
KOTAK202606042958967,223223625509,1859672,INR,2026-05-30T12:48:18.330Z,KOTAK,ORD-F1E64FF0CD38,SETTLED
KOTAK202606048005012,505978970683,3561099,INR,2026-05-31T21:48:18.330Z,KOTAK,ORD-BCAFFA6EE104,SETTLED
KOTAK202606041268047,260484671768,1588005,INR,2026-05-28T21:48:18.330Z,KOTAK,ORD-FB603C177D58,SETTLED
KOTAK202606049973596,620994969569,741660,INR,2026-06-03T11:48:18.330Z,KOTAK,ORD-45F57D600F0E,SETTLED
KOTAK202606042994399,943359535758,667813,INR,2026-06-03T21:48:18.330Z,KOTAK,ORD-2D7DAE9E6C27,SETTLED
KOTAK202606040865195,962780667281,1807565,INR,2026-06-02T17:48:18.330Z,KOTAK,ORD-C815CAC67E26,SETTLED
KOTAK202606046696081,445589567568,334523,INR,2026-05-30T00:48:18.330Z,KOTAK,ORD-AFC5878929EB,SETTLED
KOTAK202606047838404,194843745356,3722404,INR,2026-06-02T23:48:18.330Z,KOTAK,ORD-5B6AC060F09E,SETTLED
KOTAK202606047712962,592575922280,2235537,INR,2026-06-04T06:48:18.330Z,KOTAK,ORD-F08817955E8A,SETTLED
KOTAK202606049774768,180501707310,3775183,INR,2026-06-04T04:48:18.330Z,KOTAK,ORD-7DEB16C0354A,SETTLED
KOTAK202606049711751,807864789314,861443,INR,2026-06-03T07:48:18.330Z,KOTAK,ORD-3C30AA0F8C7C,SETTLED
KOTAK202606042338468,715518840679,262285,INR,2026-05-30T20:48:18.330Z,KOTAK,ORD-AC1C8868ABBB,SETTLED
KOTAK202606044997420,604902361531,3141030,INR,2026-05-30T21:48:18.330Z,KOTAK,ORD-F4719B2A1EC1,SETTLED
KOTAK202606046509364,009654715042,1801159,INR,2026-05-28T20:48:18.330Z,KOTAK,ORD-9B1672114BDD,SETTLED
KOTAK202606042651092,227769868537,400717,INR,2026-06-03T16:48:18.330Z,KOTAK,ORD-972693DC40BC,SETTLED
KOTAK202606048739017,747078936250,4171383,INR,2026-06-02T16:48:18.330Z,KOTAK,ORD-CEE16B2EA965,SETTLED
KOTAK202606043590698,228288621432,3833680,INR,2026-05-31T20:48:18.330Z,KOTAK,ORD-627348728EA6,SETTLED
KOTAK202606042814304,774073388572,4813906,INR,2026-05-29T13:48:18.330Z,KOTAK,ORD-CA9B743B2B87,SETTLED
KOTAK202606041426570,648893356954,3043977,INR,2026-06-02T15:48:18.330Z,KOTAK,ORD-2E8550638A9E,SETTLED
KOTAK202606046056946,336920854048,4709929,INR,2026-05-31T11:48:18.330Z,KOTAK,ORD-53103046B1BC,SETTLED
KOTAK202606048554214,982782275649,1388619,INR,2026-06-02T14:48:18.330Z,KOTAK,ORD-0E90987D8867,SETTLED
KOTAK202606041344512,107189055763,2150566,INR,2026-06-03T07:48:18.330Z,KOTAK,ORD-5812C0210935,SETTLED
KOTAK202606042820777,973712917249,2691134,INR,2026-06-02T20:48:18.330Z,KOTAK,ORD-86D637EE5DA9,SETTLED
KOTAK202606045063841,403244013390,4546211,INR,2026-06-01T04:48:18.330Z,KOTAK,ORD-733796309577,SETTLED
KOTAK202606047139152,545903091778,3499010,INR,2026-06-02T10:48:18.330Z,KOTAK,ORD-5032F799B0D9,SETTLED
KOTAK202606042480879,242630877895,2079923,INR,2026-05-30T14:48:18.330Z,KOTAK,ORD-860BC040ED05,SETTLED
KOTAK202606045233631,879830739196,1968320,INR,2026-06-03T12:48:18.330Z,KOTAK,ORD-1EEA59050252,SETTLED
KOTAK202606046763426,491677685412,4933381,INR,2026-06-02T12:48:18.330Z,KOTAK,ORD-25D54CCCC6C6,SETTLED
KOTAK202606043398179,105565824305,1021448,INR,2026-06-01T16:48:18.330Z,KOTAK,ORD-BE86B2E4D661,SETTLED
KOTAK202606042605371,211442138134,1930696,INR,2026-05-31T10:48:18.330Z,KOTAK,ORD-69B792BA922B,SETTLED
KOTAK202606048187995,781977973115,2620933,INR,2026-06-01T09:48:18.330Z,KOTAK,ORD-1D9C8840A568,SETTLED
KOTAK202606042647578,002671961307,47681,INR,2026-05-31T03:48:18.330Z,KOTAK,ORD-486A9D86C5E8,SETTLED
KOTAK202606046374839,293868342054,4003362,INR,2026-06-01T12:48:18.330Z,KOTAK,ORD-0B114A7BF997,SETTLED
KOTAK202606049604032,976514893996,820727,INR,2026-05-30T00:48:18.330Z,KOTAK,ORD-FDDE476712BE,SETTLED
KOTAK202606048631502,401325855974,581004,INR,2026-06-02T23:48:18.330Z,KOTAK,ORD-B53E234522A7,SETTLED
KOTAK202606043351638,908073845000,2154241,INR,2026-05-28T22:48:18.330Z,KOTAK,ORD-FA8045F761E1,SETTLED
KOTAK202606042499593,275520083936,2586584,INR,2026-06-04T07:48:18.330Z,KOTAK,ORD-843B99052019,SETTLED
KOTAK202606045184019,944786517439,3761681,INR,2026-06-03T18:48:18.330Z,KOTAK,ORD-AB0DA560B161,SETTLED
KOTAK202606041459451,349209646759,3696402,INR,2026-05-29T20:48:18.330Z,KOTAK,ORD-882F55842C77,SETTLED
KOTAK202606040558927,625336337818,818973,INR,2026-05-30T03:48:18.330Z,KOTAK,ORD-4888476E6508,SETTLED
KOTAK202606048551828,550315123451,2502035,INR,2026-05-30T04:48:18.330Z,KOTAK,ORD-A77ACE0E1340,SETTLED
KOTAK202606048768901,365395197744,1950010,INR,2026-06-01T14:48:18.330Z,KOTAK,ORD-C6A10DCB7D7D,SETTLED
KOTAK202606042525775,232336747384,4630668,INR,2026-05-31T20:48:18.330Z,KOTAK,ORD-3BBA0E858564,SETTLED
KOTAK202606040289939,395837571920,684339,INR,2026-06-03T16:48:18.330Z,KOTAK,ORD-A4B63AC79811,SETTLED
KOTAK202606044188168,704901776710,1680178,INR,2026-05-30T19:48:18.330Z,KOTAK,ORD-DCA138F76A36,SETTLED
KOTAK202606041971511,068019530174,1050582,INR,2026-06-03T17:48:18.330Z,KOTAK,ORD-F5908D7D543D,SETTLED
KOTAK202606047262484,833245107080,2439611,INR,2026-06-02T15:48:18.330Z,KOTAK,ORD-170B2201AE36,SETTLED
KOTAK202606041968598,325355438584,3581103,INR,2026-05-29T09:48:18.330Z,KOTAK,ORD-1A09F5F4F40D,SETTLED
KOTAK202606043653307,687366305641,4341739,INR,2026-06-03T09:48:18.330Z,KOTAK,ORD-36210B65B92B,SETTLED
KOTAK202606040944711,390910009783,494701,INR,2026-05-30T09:48:18.330Z,KOTAK,ORD-B55AA52A332F,SETTLED
KOTAK202606046974387,335981280625,3039554,INR,2026-06-04T07:48:18.330Z,KOTAK,ORD-5B2FC32ADF6D,SETTLED
KOTAK202606042763459,414404846100,1064369,INR,2026-06-02T20:48:18.330Z,KOTAK,ORD-E6667425D996,SETTLED
KOTAK202606043450887,303720408254,3994475,INR,2026-06-03T13:48:18.330Z,KOTAK,ORD-C30885129CC8,SETTLED
KOTAK202606040806686,564779209030,4011283,INR,2026-06-03T11:48:18.330Z,KOTAK,ORD-AB8416AE4590,SETTLED
KOTAK202606047067811,904924405817,520492,INR,2026-06-03T00:48:18.330Z,KOTAK,ORD-A40ECAB68214,SETTLED
KOTAK202606042579585,854094841769,4788101,INR,2026-05-31T05:48:18.330Z,KOTAK,ORD-936770A64F5A,SETTLED
KOTAK202606045505179,062293396423,863679,INR,2026-06-03T15:48:18.330Z,KOTAK,ORD-320EE5246995,SETTLED
KOTAK202606040994764,901661008874,3723759,INR,2026-06-01T07:48:18.330Z,KOTAK,ORD-34473A53B417,SETTLED
KOTAK202606040229825,135387740019,1899277,INR,2026-05-31T21:48:18.330Z,KOTAK,ORD-B76F38FF871E,SETTLED
KOTAK202606047962874,663175329305,4128641,INR,2026-05-29T11:48:18.330Z,KOTAK,ORD-86E41F4DD99B,SETTLED
KOTAK202606043215266,408934565621,280084,INR,2026-05-31T04:48:18.330Z,KOTAK,ORD-21DD8E737B45,SETTLED
KOTAK202606047107373,053858496169,3048530,INR,2026-06-02T12:48:18.330Z,KOTAK,ORD-63BA8D974E2C,PENDING
KOTAK202606047532930,707514940241,2466457,INR,2026-06-02T16:48:18.330Z,KOTAK,ORD-6EF7A7160AD1,SETTLED
KOTAK202606044829092,797332803290,1403298,INR,2026-06-01T23:48:18.330Z,KOTAK,ORD-8A712EBA86DB,SETTLED
KOTAK202606040508956,317817495854,3092517,INR,2026-06-01T22:48:18.330Z,KOTAK,ORD-F464C1792E74,SETTLED
KOTAK202606049315626,423917389648,4443712,INR,2026-05-31T12:48:18.330Z,KOTAK,ORD-2341BFCE5251,SETTLED
KOTAK202606041909427,017161007780,4352022,INR,2026-06-01T18:48:18.330Z,KOTAK,ORD-FAA88DE7D1E2,SETTLED
KOTAK202606049176322,802306845093,2802680,INR,2026-05-28T20:48:18.330Z,KOTAK,ORD-C9F288C5CA32,SETTLED
KOTAK202606042072393,401260048382,4215605,INR,2026-06-03T03:48:18.330Z,KOTAK,ORD-9C760E1F4794,SETTLED
KOTAK202606047054287,764771626030,4557266,INR,2026-06-02T03:48:18.330Z,KOTAK,ORD-8671FAB3B9F2,SETTLED
KOTAK202606042904882,359370046820,3396513,INR,2026-05-29T07:48:18.330Z,KOTAK,ORD-9B14C5213998,SETTLED
KOTAK202606042775050,145931392973,1754753,INR,2026-06-01T04:48:18.330Z,KOTAK,ORD-91A6DF7DF252,SETTLED
KOTAK202606040031090,413379693016,4129452,INR,2026-05-29T14:48:18.330Z,KOTAK,ORD-F6EA35DC1BCB,SETTLED
KOTAK202606049395683,841408648519,3793387,INR,2026-05-29T10:48:18.330Z,KOTAK,ORD-DA1F5BD7DDF2,SETTLED
KOTAK202606041672321,714991155652,3963893,INR,2026-06-02T22:48:18.330Z,KOTAK,ORD-C2945A878264,SETTLED
KOTAK202606044657077,443554024993,4508142,INR,2026-05-30T20:48:18.330Z,KOTAK,ORD-DCC7770A73E1,SETTLED
KOTAK202606041778898,764015640730,1723329,INR,2026-05-31T13:48:18.330Z,KOTAK,ORD-93C626CDA43A,SETTLED
KOTAK202606046235106,591504700988,3732337,INR,2026-06-03T19:48:18.330Z,KOTAK,ORD-90629F48AC09,SETTLED
KOTAK202606045895301,479818285458,2214785,INR,2026-05-31T14:48:18.330Z,KOTAK,ORD-59CD8F380835,SETTLED
KOTAK202606043489123,931325192207,2567034,INR,2026-06-01T03:48:18.330Z,KOTAK,ORD-C216A652CC3A,SETTLED
KOTAK202606040469889,131491987636,347731,INR,2026-06-02T14:48:18.330Z,KOTAK,ORD-28B4D2CC1D5F,SETTLED
KOTAK202606047387944,112566514126,4827716,INR,2026-06-03T19:48:18.330Z,KOTAK,ORD-039BC7D0A75B,SETTLED
KOTAK202606043559583,680479632557,2822070,INR,2026-06-04T06:48:18.330Z,KOTAK,ORD-3543EA387F71,SETTLED
KOTAK202606042855017,758162790636,4757467,INR,2026-05-31T20:48:18.330Z,KOTAK,ORD-18C3A2D9E823,SETTLED
KOTAK202606049146354,920248233597,1457391,INR,2026-05-31T18:48:18.330Z,KOTAK,ORD-02B02B563305,SETTLED
KOTAK202606043832583,683734331936,3680681,INR,2026-05-31T01:48:18.330Z,KOTAK,ORD-8ACA5D5E94BD,SETTLED
KOTAK202606041149828,135684817939,1998283,INR,2026-06-02T10:48:18.330Z,KOTAK,ORD-810B8A1B2346,SETTLED
KOTAK202606049312817,280646579705,3521900,INR,2026-05-31T10:48:18.330Z,KOTAK,ORD-1EDB9A2EDE06,SETTLED
KOTAK202606045946442,735011233097,2929117,INR,2026-05-29T16:48:18.330Z,KOTAK,ORD-BD60512E6EFA,SETTLED
KOTAK202606049409883,835545361041,1280619,INR,2026-05-28T20:48:18.330Z,KOTAK,ORD-FFBB8B912C96,PENDING
KOTAK202606041544383,427340423954,3727190,INR,2026-06-02T10:48:18.330Z,KOTAK,ORD-CB9D06614715,SETTLED
KOTAK202606048870707,098646190287,2619752,INR,2026-05-29T13:48:18.330Z,KOTAK,ORD-77FB3AE47CE4,SETTLED
KOTAK202606048202746,291425712476,2849691,INR,2026-06-02T13:48:18.330Z,KOTAK,ORD-A532AFE358AD,SETTLED
KOTAK202606043264353,387312461837,42471,INR,2026-06-01T11:48:18.330Z,KOTAK,ORD-D4329CC4DBFB,SETTLED
KOTAK202606043045396,256997671007,1123427,INR,2026-05-31T08:48:18.331Z,KOTAK,ORD-442D4F1D2EEF,SETTLED
KOTAK202606043208114,493708111104,3228151,INR,2026-06-04T11:48:18.331Z,KOTAK,ORD-358676DB38F2,SETTLED
KOTAK202606043609912,781883860870,1163295,INR,2026-05-31T11:48:18.331Z,KOTAK,ORD-858EAEF92912,SETTLED
KOTAK202606048983595,804275156047,2053660,INR,2026-06-02T07:48:18.331Z,KOTAK,ORD-5DB621C87A7D,SETTLED
KOTAK202606041847473,946841333798,4493862,INR,2026-06-04T11:48:18.331Z,KOTAK,ORD-F63E99582E1F,SETTLED
KOTAK202606042558635,403739289311,3782468,INR,2026-05-31T19:48:18.331Z,KOTAK,ORD-6242D734B14F,SETTLED
KOTAK202606048678663,124967751653,731031,INR,2026-05-31T15:48:18.331Z,KOTAK,ORD-93A1AEC228C2,PENDING
KOTAK202606042439215,587905243830,3966941,INR,2026-06-01T16:48:18.331Z,KOTAK,ORD-CAD7F6072518,SETTLED
KOTAK202606048055338,523087706255,4081151,INR,2026-06-04T07:48:18.331Z,KOTAK,ORD-21110EE6FB88,SETTLED
KOTAK202606046111066,064307056773,3765368,INR,2026-05-29T16:48:18.331Z,KOTAK,ORD-191C6C3AC853,SETTLED
KOTAK202606043631101,627123640264,917355,INR,2026-06-04T09:48:18.331Z,KOTAK,ORD-90ED0A80EE09,SETTLED
KOTAK202606049424428,411214962211,3768665,INR,2026-06-01T04:48:18.331Z,KOTAK,ORD-DC7D88068BF6,PENDING
KOTAK202606046965851,724842315330,1401094,INR,2026-06-02T21:48:18.331Z,KOTAK,ORD-1B52CED21704,SETTLED
KOTAK202606046433852,223450601877,31846,INR,2026-06-03T13:48:18.331Z,KOTAK,ORD-5A5CF68BEFD8,SETTLED
KOTAK202606048759629,935108849251,1761517,INR,2026-06-04T10:48:18.331Z,KOTAK,ORD-4CABA39EC31A,SETTLED
KOTAK202606047912132,699049366951,2756255,INR,2026-06-02T14:48:18.331Z,KOTAK,ORD-FE264D8B7BBE,SETTLED
KOTAK202606042652140,002593031148,1851750,INR,2026-05-29T15:48:18.331Z,KOTAK,ORD-348BF531E90E,SETTLED
KOTAK202606041361980,449180427914,1348396,INR,2026-06-01T12:48:18.331Z,KOTAK,ORD-4005D07E166B,SETTLED
KOTAK202606046164173,177465731604,3972654,INR,2026-06-03T15:48:18.331Z,KOTAK,ORD-6F4CD8EF0053,PENDING
KOTAK202606049991954,182825189968,3973217,INR,2026-06-04T10:48:18.331Z,KOTAK,ORD-A6864393B3E0,SETTLED
KOTAK202606040443038,340019868101,2030030,INR,2026-06-01T07:48:18.331Z,KOTAK,ORD-C828335C5EA1,SETTLED
KOTAK202606045508862,754340858506,3170201,INR,2026-06-01T18:48:18.331Z,KOTAK,ORD-80D4B002CED6,SETTLED
KOTAK202606043427412,884321853661,2678130,INR,2026-05-29T08:48:18.331Z,KOTAK,ORD-0F3F62822DFA,SETTLED
KOTAK202606048414295,127037141325,1781213,INR,2026-05-30T00:48:18.331Z,KOTAK,ORD-7099D2816F7A,PENDING
KOTAK202606046443393,128355328319,2504323,INR,2026-06-03T06:48:18.331Z,KOTAK,ORD-BF8408A06B80,PENDING
KOTAK202606046024619,830677067596,4675255,INR,2026-06-01T10:48:18.331Z,KOTAK,ORD-E59F47E48C2F,SETTLED
KOTAK202606045455128,270815206814,2175418,INR,2026-06-03T00:48:18.331Z,KOTAK,ORD-859B0EE74896,SETTLED
KOTAK202606046267846,582424228468,501612,INR,2026-05-30T05:48:18.331Z,KOTAK,ORD-422853A5B60C,SETTLED
KOTAK202606049091215,297990383153,613201,INR,2026-05-29T04:48:18.331Z,KOTAK,ORD-92633516C7F3,SETTLED
KOTAK202606043203990,843227242345,2883224,INR,2026-05-28T22:48:18.331Z,KOTAK,ORD-B43D1D7DFAEC,SETTLED
KOTAK202606048789083,655798935934,3514017,INR,2026-05-31T01:48:18.331Z,KOTAK,ORD-827EAA0EEB79,SETTLED
KOTAK202606048413232,595558223062,447547,INR,2026-06-04T03:48:18.331Z,KOTAK,ORD-435322D0EAED,SETTLED
KOTAK202606040944973,048356142053,3859866,INR,2026-05-29T20:48:18.331Z,KOTAK,ORD-218B4C6E6C33,SETTLED
KOTAK202606042249577,539834215980,2576241,INR,2026-05-30T20:48:18.331Z,KOTAK,ORD-6B6774C9AECB,SETTLED
KOTAK202606048633596,712935595918,828567,INR,2026-06-04T11:48:18.331Z,KOTAK,ORD-14A42D7E655A,SETTLED
KOTAK202606046949923,220303025060,2350131,INR,2026-06-02T00:48:18.331Z,KOTAK,ORD-14F9962C8C39,SETTLED
KOTAK202606042057946,426243428520,833206,INR,2026-06-01T19:48:18.331Z,KOTAK,ORD-78E508584723,SETTLED
KOTAK202606041726206,672927554314,3002341,INR,2026-06-01T08:48:18.331Z,KOTAK,ORD-391FDAEC80AB,SETTLED
KOTAK202606049987303,417780464450,1335024,INR,2026-06-02T09:48:18.331Z,KOTAK,ORD-96A32FA9232F,PENDING
KOTAK202606040703900,088906170466,729333,INR,2026-06-03T06:48:18.331Z,KOTAK,ORD-24EA22FE1D4B,SETTLED
KOTAK202606049559714,191778652701,3980762,INR,2026-05-28T22:48:18.331Z,KOTAK,ORD-FD9C14F62F9F,SETTLED
KOTAK202606042101187,366265975616,2290615,INR,2026-05-31T10:48:18.331Z,KOTAK,ORD-61AAC87FA25F,SETTLED
KOTAK202606046688934,068122699802,2260251,INR,2026-06-04T15:48:18.331Z,KOTAK,ORD-E7AA99F6FA8B,SETTLED
KOTAK202606047244998,836925961879,2098378,INR,2026-05-28T22:48:18.331Z,KOTAK,ORD-FD3A6DF08D9A,SETTLED
KOTAK202606045840874,915043133295,1360054,INR,2026-05-30T23:48:18.331Z,KOTAK,ORD-8FFF45E0E085,SETTLED
KOTAK202606041675247,413231275961,1318210,INR,2026-05-28T22:48:18.331Z,KOTAK,ORD-0E0756354A7B,SETTLED
KOTAK202606040195132,346040881846,2582620,INR,2026-05-30T00:48:18.331Z,KOTAK,ORD-EADA9F56D970,SETTLED
KOTAK202606049963308,774433745752,4451195,INR,2026-05-29T19:48:18.331Z,KOTAK,ORD-44358A781959,SETTLED
KOTAK202606044307196,657727254384,1811163,INR,2026-05-31T08:48:18.331Z,KOTAK,ORD-E5E6DD46FC62,SETTLED
KOTAK202606048524903,766190664319,2825136,INR,2026-05-30T19:48:18.331Z,KOTAK,ORD-CA64AFD58F81,SETTLED
KOTAK202606041597896,408205205083,1502288,INR,2026-06-03T10:48:18.331Z,KOTAK,ORD-C5DB9A36151C,SETTLED
KOTAK202606040728802,776064328050,2023296,INR,2026-06-03T18:48:18.331Z,KOTAK,ORD-E25375A4678C,SETTLED
KOTAK202606044635525,462725135862,4398579,INR,2026-06-02T12:48:18.331Z,KOTAK,ORD-66FDC737DE89,PENDING
KOTAK202606044233731,932776990783,1084446,INR,2026-06-01T08:48:18.331Z,KOTAK,ORD-F41086179B48,SETTLED
KOTAK202606047797314,518359905001,2142009,INR,2026-05-29T10:48:18.331Z,KOTAK,ORD-5C0C4E1C720C,SETTLED
KOTAK202606048662739,095320361688,775648,INR,2026-05-31T16:48:18.331Z,KOTAK,ORD-44108A502465,SETTLED
KOTAK202606043775024,887957060552,2410931,INR,2026-05-31T21:48:18.331Z,KOTAK,ORD-616909C899FA,SETTLED
KOTAK202606040475426,737714639258,4241442,INR,2026-05-30T02:48:18.331Z,KOTAK,ORD-3679B833C835,SETTLED
KOTAK202606046833465,912459549154,3516608,INR,2026-06-04T09:48:18.331Z,KOTAK,ORD-E6B0479A324E,SETTLED
KOTAK202606048549022,691133178605,1860725,INR,2026-05-29T08:48:18.331Z,KOTAK,ORD-0BF28E94C937,SETTLED
KOTAK202606047430789,060612400245,2796503,INR,2026-05-28T20:48:18.331Z,KOTAK,ORD-4AEA740F6DC7,SETTLED
KOTAK202606048319267,454665112928,1770968,INR,2026-05-31T23:48:18.331Z,KOTAK,ORD-23E2B562E31D,PENDING
KOTAK202606040629626,865282273779,219220,INR,2026-06-04T09:48:18.331Z,KOTAK,ORD-73F55895C862,SETTLED
KOTAK202606047800613,457454396065,4149715,INR,2026-06-02T01:48:18.331Z,KOTAK,ORD-6FA10C0D1B03,SETTLED
KOTAK202606043324963,510845679028,4700633,INR,2026-06-01T02:48:18.331Z,KOTAK,ORD-8BB8F57FA7AA,SETTLED
KOTAK202606047677837,925241434849,2909281,INR,2026-06-02T22:48:18.331Z,KOTAK,ORD-6510986469FD,SETTLED
KOTAK202606044584767,930965415579,1937689,INR,2026-06-01T13:48:18.331Z,KOTAK,ORD-99B955ECB813,PENDING
KOTAK202606043140712,722706901476,1072242,INR,2026-05-29T00:48:18.331Z,KOTAK,ORD-39DCEFC4CABB,SETTLED
KOTAK202606043053290,596315371637,1341329,INR,2026-06-03T09:48:18.331Z,KOTAK,ORD-D0BA1D5469F1,SETTLED
KOTAK202606048420740,996981771984,3736116,INR,2026-05-29T15:48:18.331Z,KOTAK,ORD-1589A8B9EA7C,SETTLED
KOTAK202606047656013,996446824436,187888,INR,2026-05-30T01:48:18.331Z,KOTAK,ORD-51BEFAB6A7DE,SETTLED
KOTAK202606040662937,611382723332,3572295,INR,2026-05-31T00:48:18.331Z,KOTAK,ORD-53724BA7501F,PENDING
KOTAK202606041397646,167016034345,1188150,INR,2026-05-31T11:48:18.331Z,KOTAK,ORD-D30F58066564,SETTLED
KOTAK202606049398948,693718563497,4260717,INR,2026-05-29T02:48:18.331Z,KOTAK,ORD-BA62ED94F2DB,SETTLED
KOTAK202606049110073,311099899380,2350476,INR,2026-06-02T13:48:18.331Z,KOTAK,ORD-5CA0142F1288,PENDING
KOTAK202606049987353,399274894383,4100940,INR,2026-06-03T21:48:18.331Z,KOTAK,ORD-EE72AE9310A0,SETTLED
KOTAK202606049696417,772590694314,1752323,INR,2026-06-04T04:48:18.331Z,KOTAK,ORD-C9937F63B588,SETTLED
KOTAK202606043488868,431422681330,4161605,INR,2026-06-04T02:48:18.331Z,KOTAK,ORD-86C514FFE226,SETTLED
KOTAK202606049339500,832998070079,2747602,INR,2026-06-04T09:48:18.331Z,KOTAK,ORD-17554F4DD660,SETTLED
KOTAK202606045731733,260675365977,3055202,INR,2026-05-31T01:48:18.331Z,KOTAK,ORD-94655027AC6E,SETTLED
KOTAK202606048380284,637496775335,1148509,INR,2026-05-31T04:48:18.331Z,KOTAK,ORD-736D1DE71364,SETTLED
KOTAK202606048321062,964306779522,1246165,INR,2026-06-03T17:48:18.331Z,KOTAK,ORD-6C1BF0B913D5,SETTLED
KOTAK202606047352836,504397333104,2365731,INR,2026-06-02T20:48:18.331Z,KOTAK,ORD-D39A3507CC86,SETTLED
KOTAK202606048055906,812726770806,3337122,INR,2026-06-04T11:48:18.331Z,KOTAK,ORD-CE258024C819,SETTLED
KOTAK202606041452262,249909125211,496504,INR,2026-05-30T15:48:18.331Z,KOTAK,ORD-C0CC4C3AD9B4,SETTLED
KOTAK202606047525779,000564705723,2810582,INR,2026-05-31T11:48:18.331Z,KOTAK,ORD-C1B43861C52B,SETTLED
KOTAK202606044082205,452445615982,2596108,INR,2026-05-30T11:48:18.331Z,KOTAK,ORD-454C48610441,SETTLED
KOTAK202606040590489,951698107071,3650905,INR,2026-06-03T00:48:18.331Z,KOTAK,ORD-FFEA2047ED0E,SETTLED
KOTAK202606040960700,188487354776,1594367,INR,2026-06-04T10:48:18.331Z,KOTAK,ORD-557D658415ED,SETTLED
KOTAK202606040304517,292974935368,1063532,INR,2026-05-30T19:48:18.331Z,KOTAK,ORD-7E65575BB83A,PENDING
KOTAK202606045969204,509660019780,1853772,INR,2026-06-03T01:48:18.331Z,KOTAK,ORD-E992CE5120B7,SETTLED
KOTAK202606042583632,622162750870,278046,INR,2026-06-02T12:48:18.331Z,KOTAK,ORD-A36FD68E565B,SETTLED
KOTAK202606042481809,662798659777,2950518,INR,2026-06-02T02:48:18.331Z,KOTAK,ORD-BDC3CED6D915,SETTLED
KOTAK202606045172810,608111467938,1100518,INR,2026-06-01T13:48:18.331Z,KOTAK,ORD-4BB5C25494B9,SETTLED
KOTAK202606045098887,089338046060,2840816,INR,2026-06-01T11:48:18.331Z,KOTAK,ORD-637D8C26C5AC,SETTLED
KOTAK202606041655731,054824880648,2533916,INR,2026-06-03T04:48:18.331Z,KOTAK,ORD-167B670EA657,SETTLED
KOTAK202606047535402,196001893999,1261924,INR,2026-06-01T08:48:18.331Z,KOTAK,ORD-20999D78DA94,SETTLED
KOTAK202606041036382,325912070573,1215359,INR,2026-06-02T02:48:18.332Z,KOTAK,ORD-05ABC8E912CD,SETTLED
KOTAK202606040465359,102375978439,1856351,INR,2026-05-30T18:48:18.332Z,KOTAK,ORD-9616EA2B9EB3,SETTLED
KOTAK202606044661245,177364122300,2218925,INR,2026-06-04T00:48:18.332Z,KOTAK,ORD-40BFD61724DB,SETTLED
KOTAK202606043561721,049787568653,192712,INR,2026-06-01T10:48:18.332Z,KOTAK,ORD-EACCDD82DAA4,SETTLED
KOTAK202606043538576,273624083987,1189821,INR,2026-06-01T02:48:18.332Z,KOTAK,ORD-7E8049AB3661,SETTLED
KOTAK202606049029254,882737159446,2165567,INR,2026-05-29T11:48:18.332Z,KOTAK,ORD-DEA88BFAAA00,SETTLED
KOTAK202606048615826,093026915387,1371583,INR,2026-06-01T18:48:18.332Z,KOTAK,ORD-96D70C753FBE,SETTLED
KOTAK202606047324261,951017998680,3982774,INR,2026-06-03T22:48:18.332Z,KOTAK,ORD-94087F08C782,SETTLED
KOTAK202606044015978,662789119151,46219,INR,2026-06-02T21:48:18.332Z,KOTAK,ORD-CD6EBBF301C9,SETTLED
KOTAK202606048948684,215132612386,4907922,INR,2026-06-03T14:48:18.332Z,KOTAK,ORD-EB94B13DF5F6,SETTLED
KOTAK202606046873259,345648202408,67332,INR,2026-06-04T02:48:18.332Z,KOTAK,ORD-ADCD4F348BE1,SETTLED
KOTAK202606041088812,500707908272,360775,INR,2026-06-02T04:48:18.332Z,KOTAK,ORD-366FE371BEF6,SETTLED
KOTAK202606041153860,152852379011,68326,INR,2026-06-03T11:48:18.332Z,KOTAK,ORD-EC498C3B7B25,SETTLED
KOTAK202606044936325,669755898308,2947515,INR,2026-06-04T06:48:18.332Z,KOTAK,ORD-89FC57B2D328,SETTLED
KOTAK202606043768484,611028212320,525345,INR,2026-05-31T09:48:18.332Z,KOTAK,ORD-406319F8A223,SETTLED
KOTAK202606042010090,130085056900,3703045,INR,2026-05-30T06:48:18.332Z,KOTAK,ORD-65D2F3A6FE96,PENDING
KOTAK202606046404304,488652452117,2049011,INR,2026-05-31T02:48:18.332Z,KOTAK,ORD-CD59495F7132,SETTLED
KOTAK202606040511982,309020349650,2267383,INR,2026-05-29T15:48:18.332Z,KOTAK,ORD-59050DFD1529,SETTLED
KOTAK202606046362972,512953330358,3453891,INR,2026-06-04T08:48:18.332Z,KOTAK,ORD-D30FBD7560FD,PENDING
KOTAK202606049774409,636791271877,3899271,INR,2026-05-31T13:48:18.332Z,KOTAK,ORD-EDA39D11E68E,SETTLED
KOTAK202606043073661,782948919907,2964095,INR,2026-06-01T08:48:18.332Z,KOTAK,ORD-259A28A86163,SETTLED
KOTAK202606047025761,607326355866,1853245,INR,2026-06-03T04:48:18.332Z,KOTAK,ORD-ECD2E786201A,SETTLED
KOTAK202606044099103,904555798265,1735154,INR,2026-06-03T07:48:18.332Z,KOTAK,ORD-7687218C235F,SETTLED
KOTAK202606047895968,580555466364,241527,INR,2026-06-01T09:48:18.332Z,KOTAK,ORD-DEDBF5F858B1,SETTLED
KOTAK202606047357415,158792619704,1288474,INR,2026-06-03T10:48:18.332Z,KOTAK,ORD-7E049C2948FA,SETTLED
KOTAK202606048781273,468366449281,181108,INR,2026-06-01T23:48:18.332Z,KOTAK,ORD-0D1FA30CF0F9,SETTLED
KOTAK202606045217438,858311593366,767439,INR,2026-05-28T19:48:18.332Z,KOTAK,ORD-C26AF42F74E2,SETTLED
KOTAK202606046393690,553590378392,2120732,INR,2026-06-01T20:48:18.332Z,KOTAK,ORD-0DC4D8118E11,PENDING
KOTAK202606048855514,219393115499,885166,INR,2026-06-02T11:48:18.332Z,KOTAK,ORD-148F16E7FF10,PENDING
KOTAK202606040966866,561854311500,1021506,INR,2026-05-30T06:48:18.332Z,KOTAK,ORD-49969375E3BE,SETTLED
KOTAK202606049936983,555662406461,4860113,INR,2026-05-31T19:48:18.332Z,KOTAK,ORD-95B556AD7DBC,SETTLED
KOTAK202606043342369,673693566939,430451,INR,2026-05-31T00:48:18.332Z,KOTAK,ORD-F058830017A4,SETTLED
KOTAK202606040554633,608563724928,757108,INR,2026-06-04T13:48:18.332Z,KOTAK,ORD-8F19FDCAFDD9,SETTLED
KOTAK202606040130120,069568919871,1090680,INR,2026-06-03T01:48:18.332Z,KOTAK,ORD-E30443FF1F9E,SETTLED
KOTAK202606042490329,141444896148,852254,INR,2026-06-02T13:48:18.332Z,KOTAK,ORD-34A9754B6082,SETTLED
KOTAK202606049787273,323382299304,1225094,INR,2026-05-29T11:48:18.332Z,KOTAK,ORD-777A691C6D6F,SETTLED
KOTAK202606044719094,073807976738,3783217,INR,2026-05-31T22:48:18.332Z,KOTAK,ORD-C34A19DBEBE1,SETTLED
KOTAK202606045545808,395298089511,4608570,INR,2026-06-04T15:48:18.332Z,KOTAK,ORD-E05536544E9C,SETTLED
KOTAK202606045763292,216416834616,2527441,INR,2026-05-30T01:48:18.332Z,KOTAK,ORD-E8674AACB708,SETTLED
KOTAK202606048089977,134763044329,3960116,INR,2026-06-02T19:48:18.332Z,KOTAK,ORD-46B8CA6A6052,SETTLED
KOTAK202606049920018,699284371121,1569466,INR,2026-05-29T17:48:18.332Z,KOTAK,ORD-422F800C828B,SETTLED
KOTAK202606048061240,200207472080,4227164,INR,2026-06-01T11:48:18.332Z,KOTAK,ORD-5F341869556F,SETTLED
KOTAK202606046902148,148097897585,1896114,INR,2026-05-30T01:48:18.332Z,KOTAK,ORD-C3AEF477DD90,SETTLED
KOTAK202606041624080,700025897684,4939868,INR,2026-05-29T04:48:18.332Z,KOTAK,ORD-B20DCF1D4EF2,SETTLED
KOTAK202606046569904,885073146430,873285,INR,2026-05-30T16:48:18.332Z,KOTAK,ORD-532DE1555628,SETTLED
KOTAK202606040393001,885702575921,2324658,INR,2026-05-30T18:48:18.332Z,KOTAK,ORD-18E38B166FE4,SETTLED
KOTAK202606045441137,397511518200,728194,INR,2026-05-28T21:48:18.332Z,KOTAK,ORD-E2F0D32660D7,SETTLED
KOTAK202606042591534,923927796666,1706713,INR,2026-05-28T23:48:18.332Z,KOTAK,ORD-0C7B1871E9E2,SETTLED
KOTAK202606049394226,361890177742,2604910,INR,2026-06-01T17:48:18.332Z,KOTAK,ORD-D8CC8812C960,SETTLED
KOTAK202606041879444,722461391120,4164611,INR,2026-05-31T04:48:18.332Z,KOTAK,ORD-F6EE199DF5B5,SETTLED
KOTAK202606043835970,311888249765,4104475,INR,2026-06-02T23:48:18.332Z,KOTAK,ORD-295C41982EED,SETTLED
KOTAK202606044442930,464718988561,4318091,INR,2026-06-02T22:48:18.332Z,KOTAK,ORD-E595027FD9A7,SETTLED
KOTAK202606048159850,596116524901,3628786,INR,2026-05-28T19:48:18.332Z,KOTAK,ORD-E87A60BBD0C4,SETTLED
KOTAK202606041945572,687053085797,3214057,INR,2026-05-31T11:48:18.332Z,KOTAK,ORD-5C9DA6FE904E,SETTLED
KOTAK202606046807552,743563813394,4306299,INR,2026-06-01T10:48:18.332Z,KOTAK,ORD-A4C05F366E3B,SETTLED
KOTAK202606042631274,470764615028,4653750,INR,2026-06-04T07:48:18.332Z,KOTAK,ORD-8775E9DD74CE,SETTLED
KOTAK202606045540692,708661274889,3448899,INR,2026-05-29T06:48:18.332Z,KOTAK,ORD-B056CFDD1E4C,SETTLED
KOTAK202606049816396,486017267988,4457331,INR,2026-06-01T09:48:18.332Z,KOTAK,ORD-07909B6D5241,SETTLED
KOTAK202606045625052,401566762153,2390362,INR,2026-06-01T13:48:18.332Z,KOTAK,ORD-BFCFD81E7158,SETTLED
KOTAK202606047263554,424531550617,1855518,INR,2026-05-29T23:48:18.332Z,KOTAK,ORD-B9034813674A,SETTLED
KOTAK202606042275948,502254557498,1407555,INR,2026-05-30T04:48:18.332Z,KOTAK,ORD-42213503F73A,SETTLED
KOTAK202606043215939,546874986328,1479397,INR,2026-05-31T11:48:18.332Z,KOTAK,ORD-FE06D6FDC3E7,SETTLED
KOTAK202606041502341,161778510255,4760530,INR,2026-05-30T20:48:18.332Z,KOTAK,ORD-748437C089EB,SETTLED
KOTAK202606043761471,219795675331,3418996,INR,2026-06-01T11:48:18.332Z,KOTAK,ORD-15F2412F6D6C,SETTLED
KOTAK202606043997430,118687669476,2992549,INR,2026-06-01T12:48:18.332Z,KOTAK,ORD-5F838F33A17B,SETTLED
KOTAK202606043430814,773880934349,3968410,INR,2026-06-04T09:48:18.332Z,KOTAK,ORD-36FE383131F5,SETTLED
KOTAK202606044820182,301258756183,1633493,INR,2026-06-03T20:48:18.332Z,KOTAK,ORD-289A421F405C,SETTLED
KOTAK202606043105214,327652296862,2568532,INR,2026-05-30T16:48:18.332Z,KOTAK,ORD-539786ADD59E,SETTLED
KOTAK202606047712050,998226306932,179666,INR,2026-06-02T17:48:18.332Z,KOTAK,ORD-E54FA0F89A58,SETTLED
KOTAK202606042851959,669819295940,604881,INR,2026-05-31T19:48:18.332Z,KOTAK,ORD-E8395132D36B,SETTLED
KOTAK202606041274879,532505063224,4364010,INR,2026-05-31T07:48:18.332Z,KOTAK,ORD-235F5DAF6929,SETTLED
KOTAK202606040477144,538902748924,2920004,INR,2026-06-03T11:48:18.332Z,KOTAK,ORD-BE3B0BAD12EC,SETTLED
KOTAK202606041508371,856898245063,3930388,INR,2026-05-31T14:48:18.332Z,KOTAK,ORD-65359E8D0E9F,SETTLED
KOTAK202606047480526,258355053931,1783471,INR,2026-06-03T23:48:18.332Z,KOTAK,ORD-314E243774A8,SETTLED
KOTAK202606047993661,156340406600,131216,INR,2026-05-29T21:48:18.332Z,KOTAK,ORD-15743FDD5DFE,SETTLED
KOTAK202606047300685,596578540802,402534,INR,2026-06-03T06:48:18.332Z,KOTAK,ORD-ADE24DF38B84,SETTLED
KOTAK202606048887074,595867576553,2107808,INR,2026-05-30T08:48:18.332Z,KOTAK,ORD-AA5FD5740962,SETTLED
KOTAK202606045978005,046455894128,2324895,INR,2026-06-04T17:48:18.332Z,KOTAK,ORD-A3F4270F6A02,SETTLED
KOTAK202606043758012,426941892222,1346866,INR,2026-05-31T01:48:18.332Z,KOTAK,ORD-CB41BC5BD778,PENDING
KOTAK202606040032530,745603408368,4743448,INR,2026-05-30T00:48:18.332Z,KOTAK,ORD-53174F29FCBE,SETTLED
KOTAK202606042782075,321559025556,2951026,INR,2026-06-01T08:48:18.332Z,KOTAK,ORD-AAC553E88C9D,SETTLED
KOTAK202606041002066,716122974138,1692311,INR,2026-05-29T12:48:18.332Z,KOTAK,ORD-7324DC64C78C,SETTLED
KOTAK202606049423114,854139116673,1843261,INR,2026-05-29T13:48:18.332Z,KOTAK,ORD-BD32D77A5BAC,SETTLED
KOTAK202606046220968,697096479381,1452524,INR,2026-05-31T20:48:18.332Z,KOTAK,ORD-875D3D19956D,SETTLED
KOTAK202606049767505,309634365260,3640966,INR,2026-06-04T12:48:18.332Z,KOTAK,ORD-28A31D46C2E8,SETTLED
KOTAK202606044674973,700007800682,4248271,INR,2026-05-31T07:48:18.332Z,KOTAK,ORD-CFBEB417D804,SETTLED
KOTAK202606045411297,421922279845,4297198,INR,2026-05-29T00:48:18.332Z,KOTAK,ORD-54BBC1F4A1D0,SETTLED
KOTAK202606042337556,351077588688,1920663,INR,2026-06-03T20:48:18.332Z,KOTAK,ORD-C7285FE35FD3,SETTLED
KOTAK202606040224571,948482727954,255123,INR,2026-06-02T19:48:18.332Z,KOTAK,ORD-6B9AEECD4951,SETTLED
KOTAK202606040132558,703098097890,4662313,INR,2026-06-03T08:48:18.332Z,KOTAK,ORD-B327AF0F36ED,SETTLED
KOTAK202606042281275,538927852442,339003,INR,2026-05-30T12:48:18.332Z,KOTAK,ORD-2D94A659AB3D,SETTLED
KOTAK202606045264196,109901947701,270821,INR,2026-05-31T04:48:18.332Z,KOTAK,ORD-3C80B8F504A1,SETTLED
KOTAK202606046975343,562294340888,4020953,INR,2026-05-30T01:48:18.332Z,KOTAK,ORD-A2C6DBC9DEBF,SETTLED
KOTAK202606049250246,952789631280,3824252,INR,2026-05-29T22:48:18.332Z,KOTAK,ORD-579318C703DA,SETTLED
KOTAK202606043407499,603493842127,3834503,INR,2026-05-30T09:48:18.332Z,KOTAK,ORD-4A7C5A01BF35,SETTLED
KOTAK202606047026261,256585382203,3686075,INR,2026-06-02T13:48:18.332Z,KOTAK,ORD-7433363FD51D,SETTLED
KOTAK202606049467923,584773581438,2107815,INR,2026-06-03T05:48:18.332Z,KOTAK,ORD-659389A9212B,SETTLED
KOTAK202606045163127,331457388529,1772510,INR,2026-05-30T22:48:18.332Z,KOTAK,ORD-473C7460C1C5,SETTLED
KOTAK202606045776954,556970057852,2139160,INR,2026-06-04T07:48:18.332Z,KOTAK,ORD-3D57D149345E,SETTLED
KOTAK202606045151190,178576644062,3370308,INR,2026-05-30T15:48:18.332Z,KOTAK,ORD-CE8A4A794075,SETTLED
KOTAK202606048089785,385748034685,286422,INR,2026-06-01T17:48:18.332Z,KOTAK,ORD-567471A26CEC,SETTLED
KOTAK202606048154911,767125233114,3860772,INR,2026-06-01T05:48:18.332Z,KOTAK,ORD-08609BEF3D92,SETTLED
KOTAK202606040724073,299349785809,2636547,INR,2026-05-30T13:48:18.332Z,KOTAK,ORD-24AC642F9244,SETTLED
KOTAK202606041810049,419622014755,3103919,INR,2026-05-30T05:48:18.333Z,KOTAK,ORD-F4090A95C145,SETTLED
KOTAK202606045034848,714743428687,142446,INR,2026-06-01T03:48:18.333Z,KOTAK,ORD-D932422BC11F,SETTLED
KOTAK202606048752521,065087825384,1390799,INR,2026-06-01T21:48:18.333Z,KOTAK,ORD-157F4B29CAA2,PENDING
KOTAK202606042846041,841536952872,2236170,INR,2026-05-30T10:48:18.333Z,KOTAK,ORD-93CC5176E1D2,SETTLED
KOTAK202606049774990,963334647552,3834881,INR,2026-05-31T09:48:18.333Z,KOTAK,ORD-5D226895E1A3,SETTLED
KOTAK202606048074990,958707015549,433742,INR,2026-05-29T05:48:18.333Z,KOTAK,ORD-7607F51044A9,SETTLED
KOTAK202606045778007,526417472773,3168763,INR,2026-05-29T17:48:18.333Z,KOTAK,ORD-A15A57B03BFF,SETTLED
KOTAK202606043791518,401045899565,1972464,INR,2026-06-01T04:48:18.333Z,KOTAK,ORD-DED5616B4A9F,SETTLED
KOTAK202606040000576,597192496714,1889880,INR,2026-06-03T19:48:18.333Z,KOTAK,ORD-ADD3B39DEF79,SETTLED
KOTAK202606043323546,163647203431,3768339,INR,2026-06-02T16:48:18.333Z,KOTAK,ORD-81DE33DB48E8,SETTLED
KOTAK202606040114966,046034160927,2813798,INR,2026-05-30T02:48:18.333Z,KOTAK,ORD-180692FD8949,SETTLED
KOTAK202606044433569,881907188394,2890662,INR,2026-05-30T23:48:18.333Z,KOTAK,ORD-3C7F8E389F65,SETTLED
KOTAK202606043528800,005225835799,3474681,INR,2026-05-28T21:48:18.333Z,KOTAK,ORD-4596AB9E59F7,PENDING
KOTAK202606044377469,153637567130,3504166,INR,2026-06-02T20:48:18.333Z,KOTAK,ORD-FA2F7EDB890D,SETTLED
KOTAK202606045537347,783185586546,4112450,INR,2026-05-30T09:48:18.333Z,KOTAK,ORD-D44D62032127,SETTLED
KOTAK202606043256814,396306999534,3974192,INR,2026-05-30T22:48:18.333Z,KOTAK,ORD-3E31068A77E1,SETTLED
KOTAK202606040838760,996360675177,4198865,INR,2026-06-02T21:48:18.333Z,KOTAK,ORD-8F0ED56C8182,SETTLED
KOTAK202606041198871,238300264840,2032311,INR,2026-06-01T15:48:18.333Z,KOTAK,ORD-2212CC57BA1F,SETTLED
KOTAK202606040783346,000174740390,1745924,INR,2026-05-30T16:48:18.333Z,KOTAK,ORD-0E1D99074741,SETTLED
KOTAK202606040041907,499869021471,3971933,INR,2026-05-31T01:48:18.333Z,KOTAK,ORD-953A04C27491,SETTLED
KOTAK202606047752777,533887425933,1331742,INR,2026-05-31T05:48:18.333Z,KOTAK,ORD-E9D26440B45C,SETTLED
KOTAK202606045335235,156001193459,348527,INR,2026-05-30T06:48:18.333Z,KOTAK,ORD-3F75A7932E3E,SETTLED
KOTAK202606047608217,634943976326,2742311,INR,2026-06-04T15:48:18.333Z,KOTAK,ORD-FA2E4A65F1A1,SETTLED
KOTAK202606041881123,319550741819,2741626,INR,2026-06-01T13:48:18.333Z,KOTAK,ORD-28FB9EAB1092,SETTLED
KOTAK202606043708494,851220685725,4200679,INR,2026-06-01T03:48:18.333Z,KOTAK,ORD-302259507A1C,PENDING
KOTAK202606043629956,413052111604,4703633,INR,2026-05-31T12:48:18.333Z,KOTAK,ORD-3A0CD8F08E98,SETTLED
KOTAK202606044311844,692588266318,1428390,INR,2026-06-01T07:48:18.333Z,KOTAK,ORD-E46491BB1A29,SETTLED
KOTAK202606040685174,597224599945,359062,INR,2026-06-02T14:48:18.333Z,KOTAK,ORD-02D3C04E90F9,SETTLED
KOTAK202606049758874,804141907455,4556743,INR,2026-05-30T03:48:18.333Z,KOTAK,ORD-9A18BFE7EB02,SETTLED
KOTAK202606044600544,904762378439,2282198,INR,2026-06-03T18:48:18.333Z,KOTAK,ORD-18094F5D9D05,SETTLED
KOTAK202606040346549,293321074815,1843740,INR,2026-06-03T21:48:18.333Z,KOTAK,ORD-80D6AC712371,SETTLED
KOTAK202606044929930,133038346514,4266078,INR,2026-05-29T18:48:18.333Z,KOTAK,ORD-31F0DEB7DAC3,SETTLED
KOTAK202606044270543,620863829813,107652,INR,2026-06-02T03:48:18.333Z,KOTAK,ORD-A5EBC863565B,SETTLED
KOTAK202606045481672,733750761751,4445752,INR,2026-06-03T22:48:18.333Z,KOTAK,ORD-AC81B81AA2CA,SETTLED
KOTAK202606044658679,599897005014,298864,INR,2026-05-31T22:48:18.333Z,KOTAK,ORD-17EE74EFC444,SETTLED
KOTAK202606044331025,929523543686,2282033,INR,2026-06-01T17:48:18.333Z,KOTAK,ORD-1D63FB1D4C64,SETTLED
KOTAK202606041661230,899367129558,922911,INR,2026-06-01T01:48:18.333Z,KOTAK,ORD-FA4C8778C4E8,SETTLED
KOTAK202606043253600,710565619191,156014,INR,2026-05-31T15:48:18.333Z,KOTAK,ORD-8110FE5A54B8,SETTLED
KOTAK202606040598890,143305332869,4809835,INR,2026-06-02T01:48:18.333Z,KOTAK,ORD-67394685BCE4,SETTLED
KOTAK202606048118989,725418180463,2249687,INR,2026-05-30T13:48:18.333Z,KOTAK,ORD-FFBA26D4C3E4,SETTLED
KOTAK202606046910364,629918576627,3885349,INR,2026-05-30T05:48:18.333Z,KOTAK,ORD-DA6DCEB5ABC7,SETTLED
KOTAK202606046161810,055041130000,4220658,INR,2026-06-01T18:48:18.333Z,KOTAK,ORD-2D48829739AE,SETTLED
KOTAK202606040708024,258010396486,3929584,INR,2026-06-01T05:48:18.333Z,KOTAK,ORD-49FD3761126E,SETTLED
KOTAK202606042772768,260675362232,2007490,INR,2026-06-02T10:48:18.333Z,KOTAK,ORD-4C6C12A1AD9B,SETTLED
KOTAK202606040131995,128366043566,582125,INR,2026-06-01T03:48:18.333Z,KOTAK,ORD-71026D553A15,SETTLED
KOTAK202606044903598,050776913162,4922069,INR,2026-05-31T19:48:18.333Z,KOTAK,ORD-BA5987FC489C,SETTLED
KOTAK202606049215228,175111200401,3031899,INR,2026-05-31T04:48:18.333Z,KOTAK,ORD-AB2EC24D5983,SETTLED
KOTAK202606042513342,288861593697,2684772,INR,2026-06-01T07:48:18.333Z,KOTAK,ORD-E6B7D685E23D,SETTLED
KOTAK202606045984450,668981403383,4069118,INR,2026-06-04T00:48:18.333Z,KOTAK,ORD-8FDFD0979D59,SETTLED
KOTAK202606049207986,934120081331,596061,INR,2026-05-31T23:48:18.333Z,KOTAK,ORD-941A5EC70221,SETTLED
KOTAK202606048295736,951117373246,2673587,INR,2026-05-29T23:48:18.333Z,KOTAK,ORD-EB682E8EA00E,SETTLED
KOTAK202606048527352,317461587297,3807021,INR,2026-05-31T19:48:18.333Z,KOTAK,ORD-599EBF60D52C,SETTLED
KOTAK202606045853942,208410269105,4532118,INR,2026-05-29T06:48:18.333Z,KOTAK,ORD-1ED733934106,SETTLED
KOTAK202606040454287,437469813566,549257,INR,2026-06-04T04:48:18.333Z,KOTAK,ORD-86BA13376AEF,SETTLED
KOTAK202606048006345,922008397505,3498228,INR,2026-05-30T17:48:18.333Z,KOTAK,ORD-96C35580865E,SETTLED
KOTAK202606046304061,574268620244,1740425,INR,2026-06-04T05:48:18.333Z,KOTAK,ORD-30F2C43797AD,SETTLED
KOTAK202606042163154,855946276969,1025425,INR,2026-05-31T20:48:18.333Z,KOTAK,ORD-8EB8393300FD,SETTLED
KOTAK202606048108580,269064335666,1635067,INR,2026-05-30T14:48:18.333Z,KOTAK,ORD-2B21B4306A7E,SETTLED
KOTAK202606040299408,525337056082,4335344,INR,2026-06-02T20:48:18.333Z,KOTAK,ORD-7D5154BBC4E5,SETTLED
KOTAK202606040481696,734428365546,1365495,INR,2026-05-30T06:48:18.333Z,KOTAK,ORD-7C048DD1DE96,SETTLED
KOTAK202606040637420,622628756787,3892765,INR,2026-05-31T11:48:18.333Z,KOTAK,ORD-6503434259CE,SETTLED
KOTAK202606042522969,898754287145,1358809,INR,2026-06-03T09:48:18.333Z,KOTAK,ORD-840DFD0E170A,PENDING
KOTAK202606048309023,690797261746,3872283,INR,2026-06-02T13:48:18.333Z,KOTAK,ORD-CC3B500FF38E,SETTLED
KOTAK202606045602112,227928968992,4832878,INR,2026-06-04T15:48:18.333Z,KOTAK,ORD-E0C3BC4CA034,SETTLED
KOTAK202606040465857,575741637512,3325673,INR,2026-05-29T05:48:18.333Z,KOTAK,ORD-6DE930EA70B7,SETTLED
KOTAK202606047040077,552387181176,4657230,INR,2026-06-01T13:48:18.333Z,KOTAK,ORD-B38C0AD78CC5,SETTLED
KOTAK202606043287707,668599954998,2222768,INR,2026-05-30T01:48:18.333Z,KOTAK,ORD-D814A920F43D,SETTLED
KOTAK202606040052481,927861399046,2518377,INR,2026-06-01T08:48:18.333Z,KOTAK,ORD-F9BBFE15E073,SETTLED
KOTAK202606048819511,652458297142,1160909,INR,2026-05-29T11:48:18.333Z,KOTAK,ORD-791E6BF5B493,SETTLED
KOTAK202606045339992,997981860845,38631,INR,2026-06-01T01:48:18.333Z,KOTAK,ORD-B9660E13DEBD,SETTLED
KOTAK202606048599352,281361882714,532351,INR,2026-05-29T07:48:18.333Z,KOTAK,ORD-0B8400B14B22,SETTLED
KOTAK202606049164812,414366303069,1072066,INR,2026-05-31T09:48:18.333Z,KOTAK,ORD-3DADB3E935AB,SETTLED
KOTAK202606043722083,659648878532,4277962,INR,2026-06-03T11:48:18.333Z,KOTAK,ORD-D4B91B948F37,SETTLED
KOTAK202606046124808,609547559568,2578981,INR,2026-06-03T22:48:18.333Z,KOTAK,ORD-15ADBA08CABB,SETTLED
KOTAK202606041328590,470339323913,2158409,INR,2026-05-28T21:48:18.333Z,KOTAK,ORD-BB978134FF54,SETTLED
KOTAK202606045711394,418438740552,2586817,INR,2026-06-01T05:48:18.333Z,KOTAK,ORD-B44DA616C27B,SETTLED
KOTAK202606044006469,960461348993,1782565,INR,2026-06-03T00:48:18.333Z,KOTAK,ORD-8FF8ACB07637,SETTLED
KOTAK202606041033809,993498830609,2694243,INR,2026-06-01T08:48:18.333Z,KOTAK,ORD-409250E1A6CB,SETTLED
KOTAK202606045491107,414075492905,2599591,INR,2026-06-01T05:48:18.333Z,KOTAK,ORD-589B776A6C4F,SETTLED
KOTAK202606040760979,882337304309,851583,INR,2026-06-03T01:48:18.333Z,KOTAK,ORD-3705397C03A3,SETTLED
KOTAK202606049972802,294965988756,497992,INR,2026-05-31T11:48:18.333Z,KOTAK,ORD-58E4FB2E4709,SETTLED
KOTAK202606040644039,994412994535,4689294,INR,2026-06-02T14:48:18.333Z,KOTAK,ORD-B05226449D63,SETTLED
KOTAK202606043529401,579534970874,809893,INR,2026-05-29T12:48:18.333Z,KOTAK,ORD-5FC543B1B0B7,SETTLED
KOTAK202606045303435,309866920397,2308697,INR,2026-05-30T08:48:18.333Z,KOTAK,ORD-711D598C2FC7,SETTLED
KOTAK202606040702558,679104854015,2670678,INR,2026-06-01T07:48:18.333Z,KOTAK,ORD-FBD8A077C3B5,SETTLED
KOTAK202606041109735,887059863686,985155,INR,2026-05-28T19:48:18.333Z,KOTAK,ORD-A21495AAFBF1,SETTLED
KOTAK202606042696224,733655355385,1396526,INR,2026-06-02T03:48:18.333Z,KOTAK,ORD-AB5277A8EDC2,SETTLED
KOTAK202606040430616,373807830126,579776,INR,2026-06-01T16:48:18.333Z,KOTAK,ORD-FA1A927E9A33,SETTLED
KOTAK202606043006015,344403366530,925726,INR,2026-06-04T00:48:18.333Z,KOTAK,ORD-B5A74FE0C852,SETTLED
KOTAK202606046775128,798557991303,1804440,INR,2026-06-04T17:48:18.333Z,KOTAK,ORD-CCE32DCBF1F3,SETTLED
KOTAK202606046637728,072068468440,3808035,INR,2026-06-03T21:48:18.333Z,KOTAK,ORD-A12A962301B3,SETTLED
KOTAK202606048868541,832443808250,4473120,INR,2026-06-03T20:48:18.333Z,KOTAK,ORD-1DD997A2D746,SETTLED
KOTAK202606046633329,039614015909,4083296,INR,2026-05-29T18:48:18.333Z,KOTAK,ORD-CFD1C407A740,SETTLED
KOTAK202606042547821,741714089314,2014436,INR,2026-06-03T10:48:18.333Z,KOTAK,ORD-5DBB2551E840,SETTLED
KOTAK202606047896566,977407139161,3571302,INR,2026-06-01T14:48:18.333Z,KOTAK,ORD-79E866678635,SETTLED
KOTAK202606048509895,085401297369,4654595,INR,2026-06-03T22:48:18.333Z,KOTAK,ORD-B14ABF09F9F7,SETTLED
KOTAK202606045599589,268734130764,372584,INR,2026-06-03T19:48:18.333Z,KOTAK,ORD-281655A08AD9,SETTLED
KOTAK202606042748087,341143580799,771043,INR,2026-06-02T22:48:18.333Z,KOTAK,ORD-FDD5E2E5B0AC,SETTLED
KOTAK202606041322356,992178833394,1181316,INR,2026-05-31T10:48:18.333Z,KOTAK,ORD-B4F2125CDA8C,SETTLED
KOTAK202606045062775,885990825201,2988937,INR,2026-06-01T05:48:18.333Z,KOTAK,ORD-8C6FA05439F8,SETTLED
KOTAK202606047742311,526747092521,1475004,INR,2026-05-31T12:48:18.334Z,KOTAK,ORD-2DA4F8F6F26C,SETTLED
KOTAK202606045490059,970376477336,1021320,INR,2026-06-02T12:48:18.334Z,KOTAK,ORD-8F9E1BDDBC94,SETTLED
KOTAK202606047034701,111422989560,2867223,INR,2026-06-04T12:48:18.334Z,KOTAK,ORD-C6A515F0B6B4,SETTLED
KOTAK202606046413047,355838867416,2462535,INR,2026-06-03T08:48:18.334Z,KOTAK,ORD-5479FB2976A4,SETTLED
KOTAK202606040411047,478615090057,3199168,INR,2026-06-04T10:48:18.334Z,KOTAK,ORD-4D64E29F4D1D,SETTLED
KOTAK202606048348092,234853272621,3028249,INR,2026-05-29T10:48:18.334Z,KOTAK,ORD-F023FD1D2CC2,SETTLED
KOTAK202606040285266,956646013976,504030,INR,2026-05-30T14:48:18.334Z,KOTAK,ORD-0F07AF8F3994,SETTLED
KOTAK202606042712031,222002012037,2961610,INR,2026-06-02T17:48:18.334Z,KOTAK,ORD-4EADAA0CB70B,SETTLED
KOTAK202606045483019,660775766391,291676,INR,2026-06-01T09:48:18.334Z,KOTAK,ORD-00E790929BCC,SETTLED
KOTAK202606047521652,603800598911,3959691,INR,2026-06-01T05:48:18.334Z,KOTAK,ORD-339D7F06F1FA,SETTLED
KOTAK202606042830914,621902241950,357894,INR,2026-06-04T00:48:18.334Z,KOTAK,ORD-95A93636543E,SETTLED
KOTAK202606047933943,637286616811,4012527,INR,2026-05-29T17:48:18.334Z,KOTAK,ORD-38661BC09BE2,SETTLED
KOTAK202606043428875,363959728411,1048321,INR,2026-05-28T23:48:18.334Z,KOTAK,ORD-3AD429F81523,SETTLED
KOTAK202606048205031,932612118600,2972697,INR,2026-06-03T01:48:18.334Z,KOTAK,ORD-38D11BB7BAB0,SETTLED
KOTAK202606045351862,406249984998,1827132,INR,2026-05-31T13:48:18.334Z,KOTAK,ORD-F3C411DB66E8,SETTLED
KOTAK202606040319945,831864546356,3464032,INR,2026-06-04T00:48:18.334Z,KOTAK,ORD-6B1FA176980D,SETTLED
KOTAK202606040998390,669362981419,4670117,INR,2026-06-03T15:48:18.334Z,KOTAK,ORD-FA49F3D9BACE,SETTLED
KOTAK202606043066053,285300346782,655533,INR,2026-05-30T06:48:18.334Z,KOTAK,ORD-C0DE4B5ADF88,SETTLED
KOTAK202606049621679,095806202951,465165,INR,2026-06-01T10:48:18.334Z,KOTAK,ORD-8C22752CC4E9,SETTLED
KOTAK202606049192165,149051252291,767062,INR,2026-05-30T22:48:18.334Z,KOTAK,ORD-68FD33E2CFD1,SETTLED
KOTAK202606042847675,221316557701,805362,INR,2026-05-29T00:48:18.334Z,KOTAK,ORD-5D25A8F3B809,SETTLED
KOTAK202606048443661,934042453202,3267256,INR,2026-06-01T14:48:18.334Z,KOTAK,ORD-4EDCE5E98E6F,SETTLED
KOTAK202606043587870,229345291876,2585877,INR,2026-06-01T00:48:18.334Z,KOTAK,ORD-A0805710C85D,SETTLED
KOTAK202606042272934,131478704167,2070954,INR,2026-05-31T07:48:18.334Z,KOTAK,ORD-9B48348D081D,SETTLED
KOTAK202606048891894,408371125142,4830928,INR,2026-06-02T18:48:18.334Z,KOTAK,ORD-FF6F6157B650,SETTLED
KOTAK202606040055944,302683874231,3897419,INR,2026-05-30T08:48:18.334Z,KOTAK,ORD-7407A7E80953,SETTLED
KOTAK202606041346170,761552854655,683621,INR,2026-05-30T15:48:18.334Z,KOTAK,ORD-092CABA7292F,SETTLED
KOTAK202606040955956,900553410469,4173392,INR,2026-06-04T01:48:18.334Z,KOTAK,ORD-31995919EF89,SETTLED
KOTAK202606041292418,072537608946,2714204,INR,2026-05-31T05:48:18.334Z,KOTAK,ORD-CD38B2405837,SETTLED
KOTAK202606046466013,673421596867,3644503,INR,2026-05-29T05:48:18.334Z,KOTAK,ORD-44C1096F3469,SETTLED
KOTAK202606046030858,442581901653,2122529,INR,2026-06-01T03:48:18.334Z,KOTAK,ORD-14F39EEBBF9D,SETTLED
KOTAK202606048490640,947317602638,647463,INR,2026-05-30T01:48:18.334Z,KOTAK,ORD-7BE57648681F,SETTLED
KOTAK202606044237663,101414245907,1358275,INR,2026-06-03T14:48:18.334Z,KOTAK,ORD-0224F74B1049,SETTLED
KOTAK202606049115037,397635434842,3334173,INR,2026-05-29T16:48:18.334Z,KOTAK,ORD-34E1ED1A7F1B,SETTLED
KOTAK202606049558804,695104902972,3115102,INR,2026-06-01T06:48:18.334Z,KOTAK,ORD-8B1369801E57,PENDING
KOTAK202606041816953,516388376169,616195,INR,2026-06-04T06:48:18.334Z,KOTAK,ORD-BEDC3F69AF51,SETTLED
KOTAK202606041527136,798298400772,4353018,INR,2026-06-02T13:48:18.334Z,KOTAK,ORD-14499E9DE260,SETTLED
KOTAK202606045937304,595437179490,4333193,INR,2026-06-01T13:48:18.334Z,KOTAK,ORD-63D33F90EDC3,SETTLED
KOTAK202606047036230,885919860402,2065956,INR,2026-06-01T10:48:18.334Z,KOTAK,ORD-F77382047D58,SETTLED
KOTAK202606041260264,836681144586,1453450,INR,2026-05-30T07:48:18.334Z,KOTAK,ORD-7C2D55774F90,PENDING
KOTAK202606042653625,476756721232,3406623,INR,2026-05-29T07:48:18.334Z,KOTAK,ORD-E3F6F325928E,SETTLED
KOTAK202606040058601,875376201528,2304685,INR,2026-06-01T03:48:18.334Z,KOTAK,ORD-0B31B2700CBD,SETTLED
KOTAK202606045836114,108517804465,4304230,INR,2026-06-04T06:48:18.334Z,KOTAK,ORD-475CC88D87E0,SETTLED
KOTAK202606040918310,908139405001,1658972,INR,2026-06-03T18:48:18.334Z,KOTAK,ORD-EE61F093777D,SETTLED
KOTAK202606047258346,669000577046,4377002,INR,2026-06-04T04:48:18.334Z,KOTAK,ORD-678272E4038B,SETTLED
KOTAK202606046005144,493858787960,1869793,INR,2026-06-04T13:48:18.334Z,KOTAK,ORD-E706A7675C5F,SETTLED
KOTAK202606047460749,617931533265,4800909,INR,2026-05-31T15:48:18.334Z,KOTAK,ORD-3A17F4772122,SETTLED
KOTAK202606046052874,213245430657,509813,INR,2026-06-02T08:48:18.334Z,KOTAK,ORD-1A8E63C55C38,SETTLED
KOTAK202606045778349,022849804291,2446020,INR,2026-06-04T08:48:18.334Z,KOTAK,ORD-206C5E77F30E,SETTLED
KOTAK202606040249356,526083823252,2549780,INR,2026-05-29T00:48:18.334Z,KOTAK,ORD-F5F26C1B2D8C,SETTLED
KOTAK202606044350802,911620961097,2610514,INR,2026-05-30T19:48:18.334Z,KOTAK,ORD-62AB8CA8EC2B,SETTLED
KOTAK202606045169826,045340401328,4634060,INR,2026-06-01T23:48:18.334Z,KOTAK,ORD-107A304F932A,SETTLED
KOTAK202606044653041,310057922109,2697586,INR,2026-05-31T01:48:18.334Z,KOTAK,ORD-31289C029225,SETTLED
KOTAK202606049008258,806677632056,4808591,INR,2026-06-02T02:48:18.334Z,KOTAK,ORD-8042849AE08B,SETTLED
KOTAK202606046560938,692829892187,3361001,INR,2026-05-29T12:48:18.334Z,KOTAK,ORD-312A1A1346DA,SETTLED
KOTAK202606041486454,041247375739,600567,INR,2026-05-31T19:48:18.334Z,KOTAK,ORD-D70F8B4F6B4C,SETTLED
KOTAK202606044997479,514046063170,393219,INR,2026-05-30T21:48:18.334Z,KOTAK,ORD-4B0A6F881795,SETTLED
KOTAK202606043107478,213950055380,291188,INR,2026-06-01T06:48:18.334Z,KOTAK,ORD-A961B3E3CF87,SETTLED
KOTAK202606049323540,301979152583,1494096,INR,2026-06-02T11:48:18.335Z,KOTAK,ORD-44721EF6B5FB,SETTLED
KOTAK202606042080369,080301921218,2652383,INR,2026-05-29T06:48:18.335Z,KOTAK,ORD-56265BBEBCD7,SETTLED
KOTAK202606049239688,478664461061,4112288,INR,2026-05-31T17:48:18.335Z,KOTAK,ORD-7B9514FE3069,SETTLED
KOTAK202606049379738,696685653705,1860603,INR,2026-05-29T21:48:18.335Z,KOTAK,ORD-8DB52EB132A7,SETTLED
KOTAK202606046663933,760063430704,4662660,INR,2026-06-04T17:48:18.335Z,KOTAK,ORD-A71092949FC6,SETTLED
KOTAK202606040933818,343513894268,785141,INR,2026-05-29T06:48:18.335Z,KOTAK,ORD-C45B50CB2E9B,SETTLED
KOTAK202606040862610,395133733213,2930555,INR,2026-05-31T08:48:18.335Z,KOTAK,ORD-B1872E06BE43,SETTLED
KOTAK202606042570265,276954308504,1925998,INR,2026-06-03T18:48:18.335Z,KOTAK,ORD-22BE9B947AC5,PENDING
KOTAK202606044549751,059515532040,3870911,INR,2026-05-29T15:48:18.335Z,KOTAK,ORD-29CA598149A0,SETTLED
KOTAK202606041568644,479350220376,1284733,INR,2026-05-29T21:48:18.335Z,KOTAK,ORD-F7110DD4196E,SETTLED
KOTAK202606046179140,182705926653,4149440,INR,2026-06-03T04:48:18.335Z,KOTAK,ORD-C5952F8FB880,SETTLED
KOTAK202606048485339,295843963497,3885871,INR,2026-06-02T23:48:18.335Z,KOTAK,ORD-DDC8709D575E,SETTLED
KOTAK202606048323718,601110219829,4881756,INR,2026-06-03T19:48:18.335Z,KOTAK,ORD-49650780A821,SETTLED
KOTAK202606046274018,486934720412,1926820,INR,2026-05-29T23:48:18.335Z,KOTAK,ORD-AD62F7B2E707,SETTLED
KOTAK202606048374293,996385122941,131309,INR,2026-05-29T18:48:18.335Z,KOTAK,ORD-1AB8128AD26B,SETTLED
KOTAK202606046343500,551114888516,234217,INR,2026-05-31T08:48:18.335Z,KOTAK,ORD-FEFFBE98A283,SETTLED
KOTAK202606045902646,034919026036,2743922,INR,2026-06-01T09:48:18.335Z,KOTAK,ORD-C1E438D4625A,SETTLED
KOTAK202606047151194,202334911533,163514,INR,2026-06-01T15:48:18.335Z,KOTAK,ORD-56D18CF8EA70,SETTLED
KOTAK202606046269435,237429812963,3905916,INR,2026-06-01T10:48:18.335Z,KOTAK,ORD-54BB9F96460A,SETTLED
KOTAK202606042991647,546335534304,4429725,INR,2026-06-03T13:48:18.335Z,KOTAK,ORD-21E4E933A2DD,SETTLED
KOTAK202606040399994,394364459013,3373716,INR,2026-05-30T21:48:18.335Z,KOTAK,ORD-3198B0A1BD81,SETTLED
KOTAK202606045336926,641824671818,1142097,INR,2026-06-01T18:48:18.335Z,KOTAK,ORD-3F6B6FC2E16A,SETTLED
KOTAK202606042741426,218487068913,2559742,INR,2026-06-01T22:48:18.335Z,KOTAK,ORD-85FA813088D5,SETTLED
KOTAK202606046859262,734698935400,3523304,INR,2026-06-02T06:48:18.335Z,KOTAK,ORD-4382C9715516,SETTLED
KOTAK202606047308401,742967742842,904876,INR,2026-06-04T17:48:18.335Z,KOTAK,ORD-02C1AEB08733,SETTLED
KOTAK202606047423079,125281952604,1280377,INR,2026-06-02T06:48:18.335Z,KOTAK,ORD-EB0CD4622845,SETTLED
KOTAK202606049824877,444849774865,2593679,INR,2026-06-04T15:48:18.335Z,KOTAK,ORD-7E96D5446A19,SETTLED
KOTAK202606047241367,053454731709,670885,INR,2026-06-01T07:48:18.335Z,KOTAK,ORD-BE5F8F00993A,SETTLED
KOTAK202606047390928,454361086195,743435,INR,2026-06-01T19:48:18.335Z,KOTAK,ORD-40B50A774B7E,SETTLED
KOTAK202606041591074,323767133985,2838560,INR,2026-05-30T03:48:18.335Z,KOTAK,ORD-BB7B882656E1,SETTLED
KOTAK202606048274713,398937680811,3027984,INR,2026-06-03T20:48:18.335Z,KOTAK,ORD-6842BBDBBA78,SETTLED
KOTAK202606046677537,255892758083,550658,INR,2026-05-29T15:48:18.335Z,KOTAK,ORD-AC22B3990374,SETTLED
KOTAK202606049028211,317455232089,3139294,INR,2026-06-01T02:48:18.335Z,KOTAK,ORD-E7D603EA8519,SETTLED
KOTAK202606048646236,361323405999,4877408,INR,2026-06-03T17:48:18.335Z,KOTAK,ORD-BC48AEFDB3BD,SETTLED
KOTAK202606048220002,672412187404,4069663,INR,2026-06-01T07:48:18.335Z,KOTAK,ORD-2D7D53FEBA78,SETTLED
KOTAK202606043239177,994873528465,3506091,INR,2026-05-30T05:48:18.335Z,KOTAK,ORD-A4E950EA2796,SETTLED
KOTAK202606042859023,533312431491,2260618,INR,2026-06-02T09:48:18.335Z,KOTAK,ORD-407381529BB1,SETTLED
KOTAK202606040207301,505604457483,419611,INR,2026-06-01T01:48:18.335Z,KOTAK,ORD-921BB89B77CC,SETTLED
KOTAK202606048848313,140580705301,489224,INR,2026-05-31T22:48:18.335Z,KOTAK,ORD-6E9C7184CB63,SETTLED
KOTAK202606045165028,473734408201,2250767,INR,2026-06-02T12:48:18.335Z,KOTAK,ORD-3810417381CF,SETTLED
KOTAK202606048170788,717654225243,613183,INR,2026-05-31T19:48:18.335Z,KOTAK,ORD-6627A2B6C1FE,SETTLED
KOTAK202606045501907,703575445583,3969854,INR,2026-06-04T09:48:18.335Z,KOTAK,ORD-11BD4EDC3517,SETTLED
KOTAK202606048937257,435059478328,1940358,INR,2026-06-01T17:48:18.335Z,KOTAK,ORD-A6843FAD8F64,SETTLED
KOTAK202606040518365,312904141817,2433681,INR,2026-05-30T22:48:18.335Z,KOTAK,ORD-6D90BD110BC8,SETTLED
KOTAK202606042886649,325893883892,214531,INR,2026-06-04T01:48:18.335Z,KOTAK,ORD-4D46E38FCB15,SETTLED
KOTAK202606041250770,486785057951,2023981,INR,2026-06-03T12:48:18.335Z,KOTAK,ORD-CFE010081C6F,SETTLED
KOTAK202606040449607,021919428588,4022544,INR,2026-06-04T14:48:18.335Z,KOTAK,ORD-1A9611B4EB33,SETTLED
KOTAK202606040565870,580893187800,2006322,INR,2026-06-01T16:48:18.335Z,KOTAK,ORD-A0399E702413,SETTLED
KOTAK202606043616590,459160505344,678475,INR,2026-05-31T12:48:18.335Z,KOTAK,ORD-A4C2A04CE3AD,SETTLED
KOTAK202606043962554,933399940580,1930608,INR,2026-05-29T10:48:18.335Z,KOTAK,ORD-D96033187524,SETTLED
KOTAK202606043573354,960211850754,53404,INR,2026-05-30T23:48:18.335Z,KOTAK,ORD-F4989A2E6C2C,SETTLED
KOTAK202606041183108,243295452893,2708855,INR,2026-05-31T01:48:18.335Z,KOTAK,ORD-16AA8A3BD323,SETTLED
KOTAK202606046621802,752809773476,1051891,INR,2026-05-29T23:48:18.335Z,KOTAK,ORD-4334CD61C41F,SETTLED
KOTAK202606041203842,989153057181,2531618,INR,2026-06-02T16:48:18.335Z,KOTAK,ORD-0480FD33C935,SETTLED
KOTAK202606045343155,371481064675,2633615,INR,2026-05-30T01:48:18.335Z,KOTAK,ORD-9AAD0D7BB0CE,SETTLED
KOTAK202606049462964,593435612592,1404900,INR,2026-05-31T03:48:18.335Z,KOTAK,ORD-E63FAE71BA9A,SETTLED
KOTAK202606044899526,481505613838,1606642,INR,2026-06-04T02:48:18.335Z,KOTAK,ORD-0C7D7C578BA2,SETTLED
KOTAK202606041984126,681143228013,3195815,INR,2026-06-04T06:48:18.335Z,KOTAK,ORD-17728E89A124,SETTLED
KOTAK202606045091855,204186800351,816301,INR,2026-05-30T19:48:18.335Z,KOTAK,ORD-68E7595169B6,SETTLED
KOTAK202606041306446,785907478093,3695161,INR,2026-05-30T16:48:18.335Z,KOTAK,ORD-11ACBD817358,SETTLED
KOTAK202606040904745,986332659937,3825428,INR,2026-06-04T07:48:18.335Z,KOTAK,ORD-15C3C7D03968,SETTLED
KOTAK202606044461431,759965246095,4119633,INR,2026-06-04T02:48:18.335Z,KOTAK,ORD-B5E233CE2644,SETTLED
KOTAK202606045920591,651524005145,662606,INR,2026-06-02T18:48:18.335Z,KOTAK,ORD-83EACB54B78A,SETTLED
KOTAK202606040722062,808122476461,4095126,INR,2026-06-02T04:48:18.335Z,KOTAK,ORD-1B7279367413,SETTLED
KOTAK202606046207704,161332026007,4202104,INR,2026-06-04T14:48:18.335Z,KOTAK,ORD-8DB190025676,SETTLED
KOTAK202606045643467,759553492641,4752650,INR,2026-06-04T10:48:18.335Z,KOTAK,ORD-E86072E063A9,SETTLED
KOTAK202606040867539,830212955231,4399056,INR,2026-06-04T03:48:18.335Z,KOTAK,ORD-F8AFA704746F,SETTLED
KOTAK202606042733653,807249017706,2194077,INR,2026-05-31T19:48:18.335Z,KOTAK,ORD-3E6B96894006,SETTLED
KOTAK202606043135587,637955250336,4703362,INR,2026-05-29T23:48:18.335Z,KOTAK,ORD-7A71A8CCDB3E,SETTLED
KOTAK202606042794178,806827101246,2046480,INR,2026-05-30T14:48:18.335Z,KOTAK,ORD-4E72344B1878,SETTLED
KOTAK202606045148360,357595629329,1123811,INR,2026-06-01T21:48:18.335Z,KOTAK,ORD-34F4431ADC98,SETTLED
KOTAK202606045040408,674340477464,4129020,INR,2026-06-01T00:48:18.335Z,KOTAK,ORD-404DC1DE6D33,SETTLED
KOTAK202606043904932,322987573566,4651531,INR,2026-06-02T01:48:18.335Z,KOTAK,ORD-98FB1C52B1E1,SETTLED
KOTAK202606048131436,981410188933,1950021,INR,2026-05-30T22:48:18.335Z,KOTAK,ORD-E3D9511774A1,SETTLED
KOTAK202606040744419,591713515491,452725,INR,2026-06-03T12:48:18.335Z,KOTAK,ORD-340B85F106E7,SETTLED
KOTAK202606049117514,808344550078,2817526,INR,2026-06-04T12:48:18.335Z,KOTAK,ORD-28ACBF7D9670,SETTLED
KOTAK202606049282727,238615154725,435892,INR,2026-05-31T07:48:18.335Z,KOTAK,ORD-E81A9CC148F9,SETTLED
KOTAK202606049252028,696544020520,2767741,INR,2026-06-02T06:48:18.335Z,KOTAK,ORD-6C2A25FC4929,SETTLED
KOTAK202606042879430,812147553780,125863,INR,2026-06-04T02:48:18.335Z,KOTAK,ORD-6FA69AFD26BB,SETTLED
KOTAK202606042412694,699407156721,2652075,INR,2026-05-30T07:48:18.335Z,KOTAK,ORD-96EF8A80364E,SETTLED
KOTAK202606046118024,749614626825,1936912,INR,2026-06-02T22:48:18.335Z,KOTAK,ORD-33214CA2DF8A,SETTLED
KOTAK202606049852165,547539260751,4025165,INR,2026-06-03T02:48:18.335Z,KOTAK,ORD-91B36FFC2DBC,SETTLED
KOTAK202606045595945,289846690954,555540,INR,2026-06-01T18:48:18.335Z,KOTAK,ORD-24D382757A12,SETTLED
KOTAK202606048792794,529050640771,1782668,INR,2026-06-02T05:48:18.335Z,KOTAK,ORD-F64E24F3062F,SETTLED
KOTAK202606043166617,676925104192,4192722,INR,2026-06-02T07:48:18.335Z,KOTAK,ORD-55928D3366A3,SETTLED
KOTAK202606041301652,783073793155,4062253,INR,2026-05-30T14:48:18.335Z,KOTAK,ORD-0020BF892158,SETTLED
KOTAK202606044240461,504053349594,4345048,INR,2026-06-03T11:48:18.335Z,KOTAK,ORD-B936783BFF8F,SETTLED
KOTAK202606044235284,208050099601,677147,INR,2026-05-30T11:48:18.335Z,KOTAK,ORD-CCB19CA5C516,SETTLED
KOTAK202606047219484,555304388625,3403206,INR,2026-06-02T18:48:18.335Z,KOTAK,ORD-57D038E3BD35,SETTLED
KOTAK202606042507152,329514999480,2923966,INR,2026-06-03T17:48:18.335Z,KOTAK,ORD-1033175A2080,SETTLED
KOTAK202606048670748,042087409775,3831625,INR,2026-05-31T21:48:18.335Z,KOTAK,ORD-1FC146AA8328,PENDING
KOTAK202606043120567,869443723171,3352781,INR,2026-05-29T18:48:18.335Z,KOTAK,ORD-329A76179A41,SETTLED
KOTAK202606044241449,935607285746,2775571,INR,2026-06-02T18:48:18.335Z,KOTAK,ORD-EEA2D2773488,SETTLED
KOTAK202606045495038,394297044508,4550645,INR,2026-06-02T05:48:18.335Z,KOTAK,ORD-9C425C8EAC85,SETTLED
KOTAK202606040409164,831539342595,4559826,INR,2026-06-02T06:48:18.335Z,KOTAK,ORD-289FDD88C8D2,SETTLED
KOTAK202606047260284,856557005770,3659050,INR,2026-06-04T03:48:18.335Z,KOTAK,ORD-E540906F154E,SETTLED
KOTAK202606046466770,727695453545,3527431,INR,2026-05-30T09:48:18.335Z,KOTAK,ORD-C11FD77ECE54,PENDING
KOTAK202606042272165,617931685318,4655141,INR,2026-06-03T15:48:18.335Z,KOTAK,ORD-8B70806C44C8,SETTLED
KOTAK202606042668489,663538796159,220028,INR,2026-05-29T01:48:18.335Z,KOTAK,ORD-698E04071E13,SETTLED
KOTAK202606044064447,863088839394,1695280,INR,2026-05-31T01:48:18.335Z,KOTAK,ORD-FD5FF58A5AFB,SETTLED
KOTAK202606044630836,574137103674,46639,INR,2026-05-30T18:48:18.335Z,KOTAK,ORD-020B28C9B129,SETTLED
KOTAK202606044992055,192012440362,600559,INR,2026-06-02T20:48:18.335Z,KOTAK,ORD-8B646585C542,SETTLED
KOTAK202606045696488,997864083801,3577945,INR,2026-06-03T11:48:18.335Z,KOTAK,ORD-C5D084434D98,SETTLED
KOTAK202606046673288,727268287610,2870253,INR,2026-06-03T03:48:18.335Z,KOTAK,ORD-E6677EE67DDC,SETTLED
KOTAK202606041456106,554168247909,4611405,INR,2026-06-02T13:48:18.335Z,KOTAK,ORD-55D2CB11D1DE,SETTLED
KOTAK202606043731206,607386462208,552643,INR,2026-05-30T06:48:18.335Z,KOTAK,ORD-CA7C74CBBF4F,SETTLED
KOTAK202606045218877,062392369025,526151,INR,2026-06-01T05:48:18.335Z,KOTAK,ORD-D9BF5B159613,SETTLED
KOTAK202606047447208,261714348598,1044590,INR,2026-06-04T06:48:18.335Z,KOTAK,ORD-FB3A6D85E9B3,SETTLED
KOTAK202606048401724,822197018850,4447247,INR,2026-05-31T09:48:18.335Z,KOTAK,ORD-1C7DF5D2F69B,SETTLED
KOTAK202606048107635,343576359257,589823,INR,2026-05-29T12:48:18.335Z,KOTAK,ORD-5E100D1F67E6,SETTLED
KOTAK202606044827294,009876463392,1704374,INR,2026-05-30T09:48:18.335Z,KOTAK,ORD-D07A9D936FD1,SETTLED
KOTAK202606046191479,769272116360,4334934,INR,2026-05-31T17:48:18.335Z,KOTAK,ORD-D9FF7B0FD585,SETTLED
KOTAK202606043664415,803302979149,232337,INR,2026-05-31T20:48:18.335Z,KOTAK,ORD-9536D00108B6,SETTLED
KOTAK202606040085515,805320174710,3474903,INR,2026-06-04T08:48:18.335Z,KOTAK,ORD-064346AE4A84,SETTLED
KOTAK202606043341986,397077067442,4603179,INR,2026-06-01T05:48:18.335Z,KOTAK,ORD-E196D1D49246,SETTLED
KOTAK202606046813243,534653449861,3925934,INR,2026-05-31T12:48:18.335Z,KOTAK,ORD-F62D74E0F6CB,SETTLED
KOTAK202606045452411,589038301994,4458970,INR,2026-05-29T04:48:18.335Z,KOTAK,ORD-3EAE5C25B104,SETTLED
KOTAK202606048918456,428939234880,4332826,INR,2026-06-04T12:48:18.335Z,KOTAK,ORD-45A1822B54CE,SETTLED
KOTAK202606047314725,468665395269,2004107,INR,2026-06-04T03:48:18.335Z,KOTAK,ORD-A016C1E95319,SETTLED
KOTAK202606047692718,933633519615,1175292,INR,2026-06-02T00:48:18.335Z,KOTAK,ORD-C6165A017296,SETTLED
KOTAK202606044481447,119783848752,2504199,INR,2026-06-03T03:48:18.335Z,KOTAK,ORD-C9AC15DB3EF1,SETTLED
KOTAK202606049905892,287873482062,1620991,INR,2026-05-29T21:48:18.335Z,KOTAK,ORD-1AA9D893AA01,SETTLED
KOTAK202606041390096,861911985946,4059023,INR,2026-06-01T04:48:18.335Z,KOTAK,ORD-AC1ADAFC2437,SETTLED
KOTAK202606043212651,051045807681,3313088,INR,2026-06-03T21:48:18.335Z,KOTAK,ORD-41E8407A1D7E,SETTLED
KOTAK202606044268837,637205018548,1518934,INR,2026-06-02T21:48:18.335Z,KOTAK,ORD-77301F3278CC,SETTLED
KOTAK202606042808882,656072870130,4194885,INR,2026-06-03T08:48:18.335Z,KOTAK,ORD-39DA3D9CA85F,SETTLED
KOTAK202606040813254,017853686292,1868531,INR,2026-06-04T16:48:18.335Z,KOTAK,ORD-93ABEC231A0B,SETTLED
KOTAK202606044985841,087976370905,1409151,INR,2026-06-03T05:48:18.335Z,KOTAK,ORD-007BFBA1ABE4,SETTLED
KOTAK202606044471035,407246410331,3966109,INR,2026-05-31T14:48:18.335Z,KOTAK,ORD-0B39C64DA884,SETTLED
KOTAK202606042697852,082603568556,800407,INR,2026-05-31T15:48:18.335Z,KOTAK,ORD-E73B1745D4D2,SETTLED
KOTAK202606040145067,735207704464,1953445,INR,2026-06-02T06:48:18.335Z,KOTAK,ORD-3504597AA61C,SETTLED
KOTAK202606046308071,857234839746,1835178,INR,2026-05-29T04:48:18.335Z,KOTAK,ORD-D07C560623DF,SETTLED
KOTAK202606049796697,290623695801,2643356,INR,2026-06-01T16:48:18.335Z,KOTAK,ORD-847EE93EA796,SETTLED
KOTAK202606045144056,636377839720,1360156,INR,2026-06-01T01:48:18.335Z,KOTAK,ORD-79CECFF14C5F,SETTLED
KOTAK202606044375721,807987557324,3227786,INR,2026-06-04T01:48:18.335Z,KOTAK,ORD-58694CA9502B,SETTLED
KOTAK202606049978932,586417649212,4525770,INR,2026-06-02T04:48:18.335Z,KOTAK,ORD-1F6FD68D5EBE,SETTLED
KOTAK202606040686950,849107253035,1267157,INR,2026-05-29T01:48:18.335Z,KOTAK,ORD-CBF21836C602,SETTLED
KOTAK202606043914154,433526545914,1282538,INR,2026-06-01T09:48:18.335Z,KOTAK,ORD-816984CC7266,SETTLED
KOTAK202606046765182,667409973517,3818459,INR,2026-05-31T09:48:18.335Z,KOTAK,ORD-F3EFD7E7A3BC,SETTLED
KOTAK202606043229539,508429210610,2887740,INR,2026-06-02T12:48:18.335Z,KOTAK,ORD-3F29B53AE114,SETTLED
KOTAK202606040625190,346561522644,1330187,INR,2026-06-01T22:48:18.335Z,KOTAK,ORD-F11D8BDD7048,SETTLED
KOTAK202606041359626,836547694385,2162236,INR,2026-06-03T08:48:18.335Z,KOTAK,ORD-83683B5BCE81,SETTLED
KOTAK202606045521898,928053549158,4833119,INR,2026-06-02T13:48:18.335Z,KOTAK,ORD-51980D155B57,SETTLED
KOTAK202606049998269,372899495838,1845989,INR,2026-06-03T17:48:18.335Z,KOTAK,ORD-4760825F2316,SETTLED
KOTAK202606044369110,232066620134,1546638,INR,2026-05-29T14:48:18.335Z,KOTAK,ORD-6017F00BF501,SETTLED
KOTAK202606046473237,515212037693,100812,INR,2026-06-01T13:48:18.335Z,KOTAK,ORD-3A26CEC496FE,SETTLED
KOTAK202606044117037,145663202905,3375170,INR,2026-05-30T19:48:18.335Z,KOTAK,ORD-63A62F26CFC5,SETTLED
KOTAK202606043711129,387257924409,4784366,INR,2026-05-30T19:48:18.335Z,KOTAK,ORD-43F0420F167A,SETTLED
KOTAK202606049937742,085640170273,3820310,INR,2026-06-02T14:48:18.335Z,KOTAK,ORD-150731D01A5E,SETTLED
KOTAK202606049289395,318206890035,3179521,INR,2026-06-04T11:48:18.335Z,KOTAK,ORD-22889D8A744E,SETTLED
KOTAK202606044811419,688326067644,1612420,INR,2026-05-30T23:48:18.335Z,KOTAK,ORD-A479D6266EC8,SETTLED
KOTAK202606045769259,419642011902,793306,INR,2026-05-29T02:48:18.335Z,KOTAK,ORD-F601E428A2F5,SETTLED
KOTAK202606042877749,925440715347,2475332,INR,2026-06-02T21:48:18.335Z,KOTAK,ORD-BF8A5DA3D471,SETTLED
KOTAK202606041412368,914606279230,1229724,INR,2026-06-02T03:48:18.335Z,KOTAK,ORD-10146C6024DD,SETTLED
KOTAK202606043435206,108535741039,1280162,INR,2026-05-31T20:48:18.335Z,KOTAK,ORD-67B06C962E2A,SETTLED
KOTAK202606047255121,103342813271,3762081,INR,2026-05-29T05:48:18.335Z,KOTAK,ORD-D256B1A28979,SETTLED
KOTAK202606046138452,872948061151,4439076,INR,2026-06-03T21:48:18.335Z,KOTAK,ORD-CF3D3D1F6D1F,SETTLED
KOTAK202606047122434,395425329690,406776,INR,2026-06-01T19:48:18.335Z,KOTAK,ORD-AEB1D4802A84,SETTLED
KOTAK202606049275278,676924755102,1195224,INR,2026-06-04T14:48:18.335Z,KOTAK,ORD-BAEE25A3FA7F,SETTLED
KOTAK202606040924833,008933970335,445525,INR,2026-06-03T02:48:18.335Z,KOTAK,ORD-D482E3DF2CBA,SETTLED
KOTAK202606040608741,512677394159,380792,INR,2026-06-03T07:48:18.335Z,KOTAK,ORD-EE1688606547,SETTLED
KOTAK202606042022094,004125450309,4303053,INR,2026-06-01T01:48:18.335Z,KOTAK,ORD-459B76E56EB0,SETTLED
KOTAK202606046624392,614265953273,2929765,INR,2026-06-02T10:48:18.335Z,KOTAK,ORD-068669CDBBA5,SETTLED
KOTAK202606047436577,320736657860,2834559,INR,2026-05-31T23:48:18.335Z,KOTAK,ORD-1487AE3A9386,SETTLED
KOTAK202606042335242,346492581167,4771096,INR,2026-06-03T03:48:18.335Z,KOTAK,ORD-F50EE1F74A3B,SETTLED
KOTAK202606046421703,282641536007,4421612,INR,2026-06-03T14:48:18.335Z,KOTAK,ORD-D84323E12E27,SETTLED
KOTAK202606042246622,452418346669,2366443,INR,2026-06-01T00:48:18.335Z,KOTAK,ORD-0461A04D5E6A,SETTLED
KOTAK202606041365897,327002495365,153006,INR,2026-05-29T13:48:18.335Z,KOTAK,ORD-1B02FBD04ACF,SETTLED
KOTAK202606047568154,065541980477,1941954,INR,2026-05-29T10:48:18.335Z,KOTAK,ORD-A38CC321BD13,SETTLED
KOTAK202606048023241,195398705070,3271733,INR,2026-06-03T02:48:18.335Z,KOTAK,ORD-BA0EE8F4366A,SETTLED
KOTAK202606043693080,025663172185,3908202,INR,2026-06-02T15:48:18.335Z,KOTAK,ORD-C5DF67F842AA,SETTLED
KOTAK202606049993128,438569804923,2392526,INR,2026-05-30T08:48:18.335Z,KOTAK,ORD-1024A0A56B81,SETTLED
KOTAK202606044507489,322852807708,2472619,INR,2026-05-31T05:48:18.335Z,KOTAK,ORD-2F31D41B7E0D,SETTLED
KOTAK202606043328361,124649474072,2018815,INR,2026-06-03T19:48:18.335Z,KOTAK,ORD-7A297614037C,SETTLED
KOTAK202606042039714,683760683739,3338898,INR,2026-06-01T19:48:18.335Z,KOTAK,ORD-B0B1D60F85C6,SETTLED
KOTAK202606046391021,498606592365,4850563,INR,2026-06-03T09:48:18.335Z,KOTAK,ORD-80BEEC765DC4,SETTLED
KOTAK202606041275866,331405144694,84799,INR,2026-05-30T15:48:18.335Z,KOTAK,ORD-31733B88CFAB,SETTLED
KOTAK202606047203574,871099128777,4083423,INR,2026-06-02T01:48:18.335Z,KOTAK,ORD-C15D1669A227,SETTLED
KOTAK202606040028360,053971386935,3495667,INR,2026-05-31T00:48:18.335Z,KOTAK,ORD-0E95AAC3F78B,SETTLED
KOTAK202606046103904,160408848681,4665620,INR,2026-05-30T05:48:18.335Z,KOTAK,ORD-9B5071A44DEE,SETTLED
KOTAK202606042452801,117208687247,3157794,INR,2026-06-03T05:48:18.335Z,KOTAK,ORD-FE3AD31A5B4E,SETTLED
KOTAK202606044675429,801612216836,397114,INR,2026-06-01T01:48:18.335Z,KOTAK,ORD-AD439E0257A2,SETTLED
KOTAK202606043353364,551420021724,4382371,INR,2026-05-30T06:48:18.335Z,KOTAK,ORD-BECA1E1120EB,SETTLED
KOTAK202606043082534,693544928783,3987769,INR,2026-05-31T03:48:18.335Z,KOTAK,ORD-5EDAB06718B8,PENDING
KOTAK202606045950766,863134417686,2102495,INR,2026-05-30T01:48:18.335Z,KOTAK,ORD-89B11494E98F,SETTLED
KOTAK202606046953509,624279661913,906396,INR,2026-05-28T20:48:18.335Z,KOTAK,ORD-3C63A860B473,SETTLED
KOTAK202606044466896,382606146681,1821311,INR,2026-05-28T19:48:18.335Z,KOTAK,ORD-7C9AED5FBBC6,SETTLED
KOTAK202606047082245,842226026538,3025400,INR,2026-06-01T07:48:18.335Z,KOTAK,ORD-71F5E18D7799,SETTLED
KOTAK202606040991172,493013195753,4192813,INR,2026-05-29T09:48:18.335Z,KOTAK,ORD-CD4EF78325B8,PENDING
KOTAK202606044479311,668047169922,176804,INR,2026-05-31T03:48:18.335Z,KOTAK,ORD-6DF66141136D,SETTLED
KOTAK202606046843581,807319136313,2291984,INR,2026-06-03T15:48:18.335Z,KOTAK,ORD-ED982EE5496D,SETTLED
KOTAK202606045603233,915651949982,4996943,INR,2026-05-29T16:48:18.336Z,KOTAK,ORD-E3D11CF344C3,PENDING
KOTAK202606047363069,605994245188,3012903,INR,2026-06-02T04:48:18.336Z,KOTAK,ORD-4B6B50F92D4D,SETTLED
KOTAK202606044029521,913926314494,1737982,INR,2026-06-02T10:48:18.336Z,KOTAK,ORD-F0C47F1B0A8B,SETTLED
KOTAK202606042692045,210317028326,2492585,INR,2026-06-04T05:48:18.336Z,KOTAK,ORD-7439B4E100E2,SETTLED
KOTAK202606045016014,362284739842,4138063,INR,2026-06-02T06:48:18.336Z,KOTAK,ORD-63C699CDA0D1,SETTLED
KOTAK202606043538140,987831304945,2955658,INR,2026-05-30T12:48:18.336Z,KOTAK,ORD-E281182738AD,SETTLED
KOTAK202606044091072,147219606219,3891577,INR,2026-06-01T01:48:18.336Z,KOTAK,ORD-78F9C22006C6,SETTLED
KOTAK202606045115976,712439672243,654647,INR,2026-06-03T19:48:18.336Z,KOTAK,ORD-B88DEA952719,SETTLED
KOTAK202606040509426,907834563951,2027589,INR,2026-05-29T17:48:18.336Z,KOTAK,ORD-9A38AC84C608,SETTLED
KOTAK202606046122206,195624165860,4026764,INR,2026-06-01T03:48:18.336Z,KOTAK,ORD-EB342F15505F,SETTLED
KOTAK202606042918815,278195627047,1599535,INR,2026-06-01T05:48:18.336Z,KOTAK,ORD-669B64FAA9CE,PENDING
KOTAK202606041903073,499148761109,1109350,INR,2026-05-31T04:48:18.336Z,KOTAK,ORD-32C6B2958500,SETTLED
KOTAK202606041086235,794775658831,2857701,INR,2026-05-29T06:48:18.336Z,KOTAK,ORD-24494A05099F,SETTLED
KOTAK202606044036168,306448722491,2667528,INR,2026-06-01T14:48:18.336Z,KOTAK,ORD-C4377502218D,PENDING
KOTAK202606043995274,046129397136,36643,INR,2026-05-29T19:48:18.336Z,KOTAK,ORD-4C0C32554ABD,SETTLED
KOTAK202606040024816,737361062851,3198642,INR,2026-06-01T15:48:18.336Z,KOTAK,ORD-F299F1E1C258,SETTLED
KOTAK202606041146030,705152497132,1452240,INR,2026-06-03T18:48:18.336Z,KOTAK,ORD-4C11EA92FF38,SETTLED
KOTAK202606044278899,008134301416,4694604,INR,2026-06-03T16:48:18.336Z,KOTAK,ORD-AE9E94E148B6,SETTLED
KOTAK202606040013414,279339355393,110224,INR,2026-05-30T11:48:18.336Z,KOTAK,ORD-62687BE9E940,SETTLED
KOTAK202606044731734,146306927190,1576171,INR,2026-05-31T09:48:18.336Z,KOTAK,ORD-1836EDCBA713,SETTLED
KOTAK202606041807755,133567326022,934559,INR,2026-06-04T17:48:18.336Z,KOTAK,ORD-6CEEBE9E70BA,SETTLED
KOTAK202606047317403,973516772619,4164359,INR,2026-06-04T10:48:18.336Z,KOTAK,ORD-9E4EBF9F4656,SETTLED
KOTAK202606048493795,616888964320,2115607,INR,2026-05-29T12:48:18.336Z,KOTAK,ORD-80BAC8ADD30F,SETTLED
KOTAK202606049090611,524109215995,2587327,INR,2026-06-04T16:48:18.336Z,KOTAK,ORD-CD01D32D7050,SETTLED
KOTAK202606046508620,386704270795,2246307,INR,2026-06-01T09:48:18.336Z,KOTAK,ORD-EA3BF306F71E,SETTLED
KOTAK202606040350743,186327656820,4419005,INR,2026-05-30T10:48:18.336Z,KOTAK,ORD-FA8E18596474,SETTLED
KOTAK202606041172608,296219919388,3943683,INR,2026-05-31T02:48:18.336Z,KOTAK,ORD-F88F2AC2E42C,SETTLED
KOTAK202606047129278,363473081283,4308148,INR,2026-05-29T18:48:18.336Z,KOTAK,ORD-903C9C7296D0,SETTLED
KOTAK202606048933948,984912015557,3147053,INR,2026-06-02T03:48:18.336Z,KOTAK,ORD-4D90E2D42F8D,SETTLED
KOTAK202606049586583,134784941868,4071852,INR,2026-06-03T17:48:18.336Z,KOTAK,ORD-9D7047B3F6D0,SETTLED
KOTAK202606042565061,177192894202,664728,INR,2026-06-03T17:48:18.336Z,KOTAK,ORD-A1DAC564F8C2,SETTLED
KOTAK202606041194011,478090043417,3105449,INR,2026-05-31T15:48:18.336Z,KOTAK,ORD-AB0FCBBE18C6,SETTLED
KOTAK202606045694065,166318080964,2755139,INR,2026-06-01T05:48:18.336Z,KOTAK,ORD-5A73D15818C6,SETTLED
KOTAK202606046908649,958661728123,3198472,INR,2026-05-30T10:48:18.336Z,KOTAK,ORD-DD7FA5883A68,SETTLED
KOTAK202606047788735,516583919544,4194036,INR,2026-05-30T18:48:18.336Z,KOTAK,ORD-969CFE831D25,SETTLED
KOTAK202606046259561,433312960874,2913959,INR,2026-05-31T19:48:18.336Z,KOTAK,ORD-FB7F69E79DC4,SETTLED
KOTAK202606046541151,053412221434,1757242,INR,2026-05-29T09:48:18.336Z,KOTAK,ORD-942680F4AEFE,SETTLED
KOTAK202606046450109,204563084243,4750045,INR,2026-05-30T15:48:18.336Z,KOTAK,ORD-ACD8AC536BAC,SETTLED
KOTAK202606048969130,739067757041,3759771,INR,2026-06-02T23:48:18.336Z,KOTAK,ORD-C9692BA3B55C,SETTLED
KOTAK202606041725058,352392945952,2050507,INR,2026-06-01T19:48:18.336Z,KOTAK,ORD-B8524F43C41D,SETTLED
KOTAK202606044477296,785552732498,113174,INR,2026-05-31T18:48:18.336Z,KOTAK,ORD-337C4E6883AA,SETTLED
KOTAK202606044049048,006521134764,129725,INR,2026-05-30T23:48:18.336Z,KOTAK,ORD-7295A90C2CE1,SETTLED
KOTAK202606043575798,816241561763,4072694,INR,2026-05-31T19:48:18.336Z,KOTAK,ORD-E6E298FD82E6,SETTLED
KOTAK202606049476969,983165620831,2247107,INR,2026-06-02T16:48:18.336Z,KOTAK,ORD-85AC1C1FA152,PENDING
KOTAK202606042011533,422513167588,1293595,INR,2026-05-30T14:48:18.336Z,KOTAK,ORD-71E3948AAA55,SETTLED
KOTAK202606040820058,386814888649,3145220,INR,2026-05-31T06:48:18.336Z,KOTAK,ORD-3E8077F894EA,SETTLED
KOTAK202606042193294,325928179476,663160,INR,2026-05-30T07:48:18.336Z,KOTAK,ORD-DC6ECABDBA16,SETTLED
KOTAK202606049376306,304071695783,2563846,INR,2026-06-02T21:48:18.336Z,KOTAK,ORD-74083A6013A9,SETTLED
KOTAK202606041084757,313640243262,195561,INR,2026-06-04T16:48:18.336Z,KOTAK,ORD-535F503D8E55,SETTLED
KOTAK202606046865888,975614028221,4556252,INR,2026-06-04T14:48:18.336Z,KOTAK,ORD-4A8D3CB5C683,SETTLED
KOTAK202606044981653,623110852441,4400394,INR,2026-05-30T21:48:18.336Z,KOTAK,ORD-B05645C4CFEE,SETTLED
KOTAK202606040814068,152660255970,2568075,INR,2026-06-04T03:48:18.336Z,KOTAK,ORD-F0A318C19C11,SETTLED
KOTAK202606047610314,288077365463,3856807,INR,2026-05-29T08:48:18.336Z,KOTAK,ORD-9DB4568AB755,SETTLED
KOTAK202606046824097,886684763666,2269876,INR,2026-06-04T01:48:18.336Z,KOTAK,ORD-9B6A1389A8A2,SETTLED
KOTAK202606043259372,139475009298,2343363,INR,2026-05-30T18:48:18.336Z,KOTAK,ORD-EC72D9BF0C97,SETTLED
KOTAK202606048626294,482122366971,1129049,INR,2026-05-30T08:48:18.336Z,KOTAK,ORD-A64E3FA1641E,SETTLED
KOTAK202606044767824,588632940596,2098439,INR,2026-06-01T02:48:18.336Z,KOTAK,ORD-6845CFC46E10,SETTLED
KOTAK202606044161229,665302227028,4031249,INR,2026-06-04T11:48:18.336Z,KOTAK,ORD-35DF862C7192,SETTLED
KOTAK202606047483220,061590832266,2947884,INR,2026-05-31T10:48:18.336Z,KOTAK,ORD-0EC4AB657726,SETTLED
KOTAK202606044988430,493974025405,2720549,INR,2026-06-02T07:48:18.336Z,KOTAK,ORD-05502DD81A46,SETTLED
KOTAK202606046706495,742821479021,330860,INR,2026-05-31T03:48:18.336Z,KOTAK,ORD-555E088A9B09,SETTLED
KOTAK202606049389078,951299715184,4970637,INR,2026-06-01T19:48:18.336Z,KOTAK,ORD-E4686DB6CBB1,SETTLED
KOTAK202606040822780,114375782431,667158,INR,2026-05-28T21:48:18.336Z,KOTAK,ORD-D0E2153AE763,SETTLED
KOTAK202606047897316,534391598862,1413086,INR,2026-06-01T23:48:18.336Z,KOTAK,ORD-6FF75C6B0E2D,PENDING
KOTAK202606049733751,559032255160,33143,INR,2026-06-04T17:48:18.336Z,KOTAK,ORD-56AAE5F3A6FF,SETTLED
KOTAK202606042918428,035579345167,1788823,INR,2026-05-30T16:48:18.336Z,KOTAK,ORD-BF8FF105B067,SETTLED
KOTAK202606048555779,866266974891,1448617,INR,2026-06-04T04:48:18.336Z,KOTAK,ORD-58ACE1276B3E,SETTLED
KOTAK202606047369254,596613345725,4679469,INR,2026-05-29T12:48:18.336Z,KOTAK,ORD-8C41D9D491DA,SETTLED
KOTAK202606042698826,886239656789,2585980,INR,2026-05-30T01:48:18.336Z,KOTAK,ORD-703C7BD8B771,SETTLED
KOTAK202606040570657,723563061708,4121770,INR,2026-06-04T03:48:18.336Z,KOTAK,ORD-DBA63F8E9F5A,SETTLED
KOTAK202606041709177,713877876069,3926841,INR,2026-06-02T15:48:18.336Z,KOTAK,ORD-00E1E6A2ED6F,SETTLED
KOTAK202606043758670,896761769706,1284260,INR,2026-05-28T23:48:18.336Z,KOTAK,ORD-FC70B49E9FC0,SETTLED
KOTAK202606045402316,207738141075,1458667,INR,2026-06-03T14:48:18.336Z,KOTAK,ORD-28A29860080D,SETTLED
KOTAK202606045632628,547348339232,3234467,INR,2026-05-30T11:48:18.336Z,KOTAK,ORD-904D636D1D3E,SETTLED
KOTAK202606045734818,801789116697,50650,INR,2026-06-03T14:48:18.336Z,KOTAK,ORD-CD46EB00BCBE,SETTLED
KOTAK202606045939565,569493637801,4455335,INR,2026-05-30T17:48:18.336Z,KOTAK,ORD-B474764D256A,SETTLED
KOTAK202606041768205,654163852977,4310742,INR,2026-06-02T00:48:18.336Z,KOTAK,ORD-5A9479723482,SETTLED
KOTAK202606047528110,586103381285,2659114,INR,2026-06-01T12:48:18.336Z,KOTAK,ORD-CE5B7B74566A,SETTLED
KOTAK202606047333230,070840391983,3006146,INR,2026-06-02T07:48:18.336Z,KOTAK,ORD-F2023D40EED9,SETTLED
KOTAK202606048589973,322051433483,2742386,INR,2026-05-31T14:48:18.336Z,KOTAK,ORD-11D1AFF2EB98,SETTLED
KOTAK202606043233799,706241846554,4844749,INR,2026-05-29T23:48:18.336Z,KOTAK,ORD-BC436D8B5A42,SETTLED
KOTAK202606046253844,103214676981,159110,INR,2026-06-01T02:48:18.336Z,KOTAK,ORD-9D8D6E0AA77E,SETTLED
KOTAK202606046015291,412669306789,497997,INR,2026-06-03T00:48:18.336Z,KOTAK,ORD-DE55FD6147BD,SETTLED
KOTAK202606046664599,644556704891,1627101,INR,2026-05-30T07:48:18.336Z,KOTAK,ORD-6DDD0B1778F2,SETTLED
KOTAK202606047477917,861496235685,4696123,INR,2026-06-04T03:48:18.336Z,KOTAK,ORD-DF8A8F87B0D3,SETTLED
KOTAK202606049295820,966597595053,4673597,INR,2026-05-28T20:48:18.336Z,KOTAK,ORD-730025997D76,SETTLED
KOTAK202606044670313,993091370431,1137686,INR,2026-06-01T22:48:18.336Z,KOTAK,ORD-7CD117EBBECC,PENDING
KOTAK202606044948475,337565084983,2097647,INR,2026-06-04T02:48:18.336Z,KOTAK,ORD-F53E6CD88FEB,SETTLED
KOTAK202606043464031,017598981069,4903860,INR,2026-06-03T08:48:18.336Z,KOTAK,ORD-FA9796C277C0,SETTLED
KOTAK202606042227886,066978564482,1077064,INR,2026-06-03T23:48:18.336Z,KOTAK,ORD-DFDDA218F7BD,SETTLED
KOTAK202606049441885,979111853449,3157357,INR,2026-05-29T02:48:18.336Z,KOTAK,ORD-EDADCE1E32DA,SETTLED
KOTAK202606043743307,220034431852,2839079,INR,2026-05-31T16:48:18.336Z,KOTAK,ORD-CC1B649251A5,SETTLED
KOTAK202606045846694,948859335989,1723087,INR,2026-05-29T14:48:18.336Z,KOTAK,ORD-A02D26954B4C,SETTLED
KOTAK202606041608857,904859554739,590008,INR,2026-06-03T21:48:18.336Z,KOTAK,ORD-1FB33AA67701,SETTLED
KOTAK202606042857697,519702312546,4533364,INR,2026-06-03T06:48:18.336Z,KOTAK,ORD-1A8CAFD778C1,PENDING
KOTAK202606049674898,088933955841,1707194,INR,2026-06-01T09:48:18.336Z,KOTAK,ORD-0E9802E543DE,SETTLED
KOTAK202606040753633,405511935856,463179,INR,2026-06-02T00:48:18.336Z,KOTAK,ORD-63D9BFB1055A,SETTLED
KOTAK202606043625780,931679980306,741976,INR,2026-05-31T20:48:18.336Z,KOTAK,ORD-CE7195B1CE73,SETTLED
KOTAK202606048534715,031380256703,3546164,INR,2026-05-29T18:48:18.336Z,KOTAK,ORD-5A4BD7FB10A3,SETTLED
KOTAK202606044909646,361446377682,1982066,INR,2026-05-31T06:48:18.336Z,KOTAK,ORD-F1342675093A,SETTLED
KOTAK202606047500660,173518662961,571013,INR,2026-06-04T03:48:18.336Z,KOTAK,ORD-B1731A175E0A,SETTLED
KOTAK202606046264125,585040551112,658374,INR,2026-06-04T00:48:18.336Z,KOTAK,ORD-CC2C78A86526,SETTLED
KOTAK202606048268633,756260467580,2821508,INR,2026-05-30T17:48:18.336Z,KOTAK,ORD-CDD98746AB05,PENDING
KOTAK202606043214818,384053614187,4659747,INR,2026-06-03T06:48:18.336Z,KOTAK,ORD-5C0802F10B00,SETTLED
KOTAK202606043476969,873299598986,1754899,INR,2026-06-01T11:48:18.336Z,KOTAK,ORD-D7F49A70F7C1,SETTLED
KOTAK202606044774513,369329166336,295169,INR,2026-06-03T11:48:18.336Z,KOTAK,ORD-0E918D61273A,SETTLED
KOTAK202606048803041,983042710067,136287,INR,2026-05-28T22:48:18.336Z,KOTAK,ORD-37B04E45B1B2,SETTLED
KOTAK202606044481860,486722320900,3233248,INR,2026-06-02T10:48:18.336Z,KOTAK,ORD-B857D8D3717E,SETTLED
KOTAK202606041149615,051524814992,3689332,INR,2026-06-03T01:48:18.336Z,KOTAK,ORD-27C82FDC2C6D,SETTLED
KOTAK202606049888292,238145770871,3408320,INR,2026-06-04T06:48:18.336Z,KOTAK,ORD-198DDEB12D0C,SETTLED
KOTAK202606041088020,717124317582,2175272,INR,2026-06-03T22:48:18.336Z,KOTAK,ORD-A7E31AD2A65A,SETTLED
KOTAK202606044469996,942034613739,521519,INR,2026-06-03T16:48:18.336Z,KOTAK,ORD-2F93130953B5,PENDING
KOTAK202606043381922,712247122913,507623,INR,2026-05-30T08:48:18.336Z,KOTAK,ORD-05BC95952FAE,SETTLED
KOTAK202606049467301,283924726295,4135577,INR,2026-05-31T07:48:18.336Z,KOTAK,ORD-206A4C0B5C31,SETTLED
KOTAK202606040841845,699217498531,4797253,INR,2026-06-04T10:48:18.336Z,KOTAK,ORD-F879FA794851,SETTLED
KOTAK202606047164370,570850922274,1873706,INR,2026-06-02T12:48:18.336Z,KOTAK,ORD-163C175E7BA3,SETTLED
KOTAK202606043951028,798791500615,4012143,INR,2026-06-02T14:48:18.336Z,KOTAK,ORD-EA6BF64372D1,PENDING
KOTAK202606043259246,187538314083,4990408,INR,2026-05-30T01:48:18.336Z,KOTAK,ORD-EC92D31EBE6E,SETTLED
KOTAK202606041492166,365391624493,4484188,INR,2026-05-31T20:48:18.336Z,KOTAK,ORD-296E2B26D64B,SETTLED
KOTAK202606040829924,847276946432,3749231,INR,2026-05-30T00:48:18.336Z,KOTAK,ORD-5236FFF59F3A,SETTLED
KOTAK202606044486615,814375087981,4325450,INR,2026-05-29T10:48:18.336Z,KOTAK,ORD-3F111B243176,SETTLED
KOTAK202606047508842,213833760594,1902383,INR,2026-05-31T21:48:18.336Z,KOTAK,ORD-ED6E5CDDBC97,SETTLED
KOTAK202606041911840,379928181048,26422,INR,2026-05-30T07:48:18.336Z,KOTAK,ORD-994865172B61,SETTLED
KOTAK202606044752210,728156501714,2257759,INR,2026-06-02T01:48:18.336Z,KOTAK,ORD-C2DFA5D44A2B,SETTLED
KOTAK202606041545033,487083051049,2023881,INR,2026-06-01T04:48:18.336Z,KOTAK,ORD-ABD0E904BA5B,SETTLED
KOTAK202606044965842,958505538279,4640329,INR,2026-05-31T06:48:18.336Z,KOTAK,ORD-FFF0003B59B7,SETTLED
KOTAK202606043134293,302203614138,3182441,INR,2026-05-31T14:48:18.336Z,KOTAK,ORD-F2872C1AB925,SETTLED
KOTAK202606042742049,617741671232,2337803,INR,2026-05-30T21:48:18.336Z,KOTAK,ORD-941E25CCCC2C,SETTLED
KOTAK202606045698901,049518766400,923802,INR,2026-06-04T06:48:18.336Z,KOTAK,ORD-AE4CEF76D5D0,SETTLED
KOTAK202606045795725,989594779416,1171489,INR,2026-06-03T07:48:18.336Z,KOTAK,ORD-7C4BCD32D434,SETTLED
KOTAK202606041274132,333434490747,3096842,INR,2026-06-01T20:48:18.336Z,KOTAK,ORD-CEB9EE18A8AC,SETTLED
KOTAK202606048407094,023869944248,3393643,INR,2026-05-30T16:48:18.336Z,KOTAK,ORD-FB0736281A53,SETTLED
KOTAK202606043361033,434470289132,4707714,INR,2026-06-02T10:48:18.336Z,KOTAK,ORD-9E58747312A1,SETTLED
KOTAK202606047146191,749365417680,2940688,INR,2026-05-30T13:48:18.336Z,KOTAK,ORD-A48EAD4F90C1,SETTLED
KOTAK202606041142190,993423993880,2787644,INR,2026-05-31T17:48:18.336Z,KOTAK,ORD-7C9F9DC5B2DD,SETTLED
KOTAK202606049160541,377354839041,3677699,INR,2026-05-29T15:48:18.336Z,KOTAK,ORD-405ADB054634,SETTLED
KOTAK202606049070895,942901790281,4006505,INR,2026-06-01T22:48:18.336Z,KOTAK,ORD-49D6CB06FFB1,SETTLED
KOTAK202606048801874,684251824117,4675499,INR,2026-06-02T18:48:18.336Z,KOTAK,ORD-0D6CFE2D53C8,SETTLED
KOTAK202606046537485,400827372246,156950,INR,2026-05-30T02:48:18.336Z,KOTAK,ORD-BFE0C8C1AF1F,SETTLED
KOTAK202606040723470,487245125306,2015426,INR,2026-05-30T23:48:18.336Z,KOTAK,ORD-BACFCC4B048B,SETTLED
KOTAK202606047924291,578434411630,4808185,INR,2026-05-29T17:48:18.336Z,KOTAK,ORD-CD128F3D5889,SETTLED
KOTAK202606041516519,197293065807,2361681,INR,2026-05-29T08:48:18.336Z,KOTAK,ORD-FED35644214C,SETTLED
KOTAK202606042438524,610617626734,2795155,INR,2026-05-31T15:48:18.336Z,KOTAK,ORD-3D11623A106F,SETTLED
KOTAK202606044014967,146980774751,1290949,INR,2026-06-03T00:48:18.336Z,KOTAK,ORD-7A42254780A1,SETTLED
KOTAK202606043437088,624792857892,3646625,INR,2026-05-31T21:48:18.336Z,KOTAK,ORD-0074FE7805BD,SETTLED
KOTAK202606041349336,205048784357,622505,INR,2026-05-31T10:48:18.336Z,KOTAK,ORD-612FACBE2AA9,SETTLED
KOTAK202606046687771,986117946815,3765210,INR,2026-06-03T07:48:18.336Z,KOTAK,ORD-558C8DE5D545,SETTLED
KOTAK202606041868226,561655378165,2583458,INR,2026-05-29T21:48:18.336Z,KOTAK,ORD-136BE132809B,SETTLED
KOTAK202606046721712,641859646044,2580377,INR,2026-05-28T19:48:18.336Z,KOTAK,ORD-109F6FDDDD98,SETTLED
KOTAK202606042451217,590301159720,3721608,INR,2026-06-01T11:48:18.336Z,KOTAK,ORD-7AD7768D0108,SETTLED
KOTAK202606045642933,045312842166,2291838,INR,2026-06-04T12:48:18.336Z,KOTAK,ORD-F47DA0DED68E,SETTLED
KOTAK202606040829470,834855057356,3471206,INR,2026-05-31T03:48:18.336Z,KOTAK,ORD-D5E368918AAB,SETTLED
KOTAK202606046372632,198615007453,244817,INR,2026-06-02T06:48:18.336Z,KOTAK,ORD-F55ECB0C0110,SETTLED
KOTAK202606047852277,821642707810,2271368,INR,2026-05-30T02:48:18.337Z,KOTAK,ORD-0C4568D6D7AC,SETTLED
KOTAK202606047167710,037206008605,431810,INR,2026-05-31T18:48:18.337Z,KOTAK,ORD-07860C77DDA4,SETTLED
KOTAK202606045784972,254810799386,1330349,INR,2026-05-31T21:48:18.337Z,KOTAK,ORD-7236F87973B0,SETTLED
KOTAK202606044486646,083548892844,3826775,INR,2026-06-04T12:48:18.337Z,KOTAK,ORD-1D1A188FDBA3,SETTLED
KOTAK202606042491243,317667317360,4670971,INR,2026-06-03T15:48:18.337Z,KOTAK,ORD-08E4EB07E570,SETTLED
KOTAK202606048845266,537746887181,1773836,INR,2026-06-01T07:48:18.337Z,KOTAK,ORD-C6838242F0C9,SETTLED
KOTAK202606048193020,310060097017,4875049,INR,2026-05-31T05:48:18.337Z,KOTAK,ORD-924A1DA5AE3F,PENDING
KOTAK202606049137436,858047630494,1870075,INR,2026-05-29T14:48:18.337Z,KOTAK,ORD-C9532AC1594C,SETTLED
KOTAK202606048526014,427650265130,1509585,INR,2026-06-01T13:48:18.337Z,KOTAK,ORD-F77CB18F165D,SETTLED
KOTAK202606041875692,365411617785,133199,INR,2026-06-02T00:48:18.337Z,KOTAK,ORD-BF27B73FE01F,SETTLED
KOTAK202606046854737,599671697699,1358660,INR,2026-06-04T15:48:18.337Z,KOTAK,ORD-B35C1CDDE753,SETTLED
KOTAK202606048037921,196040711934,2900028,INR,2026-06-03T05:48:18.337Z,KOTAK,ORD-4915852AFC3A,SETTLED
KOTAK202606040288287,178279025310,1214078,INR,2026-06-01T16:48:18.337Z,KOTAK,ORD-10179878AED7,SETTLED
KOTAK202606043451050,468857143814,1668893,INR,2026-05-30T22:48:18.337Z,KOTAK,ORD-A5EA6892482D,SETTLED
KOTAK202606048826138,024836453505,53038,INR,2026-05-30T10:48:18.337Z,KOTAK,ORD-09184530EFF3,SETTLED
KOTAK202606042346075,810774616966,1654946,INR,2026-06-02T06:48:18.337Z,KOTAK,ORD-39BE325FBC27,SETTLED
KOTAK202606046545202,693839606988,3959243,INR,2026-06-02T01:48:18.337Z,KOTAK,ORD-73E107AD0893,SETTLED
KOTAK202606046527599,301609224979,2861861,INR,2026-05-30T02:48:18.337Z,KOTAK,ORD-8E2BD5F0EDF6,SETTLED
KOTAK202606042631667,953965835439,4908568,INR,2026-06-02T00:48:18.337Z,KOTAK,ORD-FF5DE914C9F7,SETTLED
KOTAK202606049141476,653200873414,1304061,INR,2026-05-31T14:48:18.337Z,KOTAK,ORD-E33426C3C8B1,SETTLED
KOTAK202606044435672,536246318218,2182549,INR,2026-06-02T04:48:18.337Z,KOTAK,ORD-99FC909BF23B,SETTLED
KOTAK202606042699061,853933682851,1184198,INR,2026-05-31T21:48:18.337Z,KOTAK,ORD-80DFB4D7ED8D,SETTLED
KOTAK202606048456088,150659536807,4893517,INR,2026-06-02T13:48:18.337Z,KOTAK,ORD-AF15396EA36E,SETTLED
KOTAK202606042365277,030684440800,3457062,INR,2026-06-01T05:48:18.337Z,KOTAK,ORD-D156F95E2969,SETTLED
KOTAK202606046620037,930133382109,2408739,INR,2026-06-04T05:48:18.337Z,KOTAK,ORD-25A337B1F3F6,SETTLED
KOTAK202606046760528,805486660525,3763382,INR,2026-05-29T06:48:18.337Z,KOTAK,ORD-7D4756C06A95,SETTLED
KOTAK202606042348875,034452632967,4328286,INR,2026-06-03T05:48:18.337Z,KOTAK,ORD-7FE1788549D1,SETTLED
KOTAK202606048067463,086501915162,3859293,INR,2026-05-29T11:48:18.337Z,KOTAK,ORD-B3999421905F,SETTLED
KOTAK202606044393397,431237586627,938785,INR,2026-06-01T11:48:18.337Z,KOTAK,ORD-C826B8948881,SETTLED
KOTAK202606048464886,569193255832,697337,INR,2026-06-01T14:48:18.337Z,KOTAK,ORD-E3774BE2EE1E,SETTLED
KOTAK202606043753589,828754619661,225467,INR,2026-05-30T23:48:18.337Z,KOTAK,ORD-370B67FC1198,SETTLED
KOTAK202606047325345,174355282342,4530325,INR,2026-05-29T01:48:18.337Z,KOTAK,ORD-B1632762CAF7,SETTLED
KOTAK202606047455360,874555939414,2040201,INR,2026-05-29T12:48:18.337Z,KOTAK,ORD-E536926B7657,SETTLED
KOTAK202606042218950,246296749925,1536328,INR,2026-06-04T17:48:18.337Z,KOTAK,ORD-EA41313129EF,SETTLED
KOTAK202606043074177,550990321118,1882954,INR,2026-05-31T05:48:18.337Z,KOTAK,ORD-B2C5D27EE019,SETTLED
KOTAK202606049539979,909877516107,1315573,INR,2026-05-31T02:48:18.337Z,KOTAK,ORD-2879A2C273A9,SETTLED
KOTAK202606040789411,452696275844,4895042,INR,2026-06-01T11:48:18.337Z,KOTAK,ORD-E21ED04565F5,SETTLED
KOTAK202606048880447,326867438993,4233964,INR,2026-05-31T22:48:18.337Z,KOTAK,ORD-3BF3B7BA60FB,SETTLED
KOTAK202606042245194,549598774598,2162666,INR,2026-06-01T08:48:18.337Z,KOTAK,ORD-E08D6D6FA7C3,SETTLED
KOTAK202606043884838,165958114603,361002,INR,2026-05-29T10:48:18.337Z,KOTAK,ORD-57EB42F3986F,SETTLED
KOTAK202606047119933,896499895481,2010639,INR,2026-06-02T20:48:18.337Z,KOTAK,ORD-416403FC82C3,SETTLED
KOTAK202606045738089,839354826515,548706,INR,2026-06-02T19:48:18.337Z,KOTAK,ORD-BD14A9C0385C,SETTLED
KOTAK202606044253051,559602882577,249185,INR,2026-05-29T08:48:18.337Z,KOTAK,ORD-AB267084DC60,SETTLED
KOTAK202606042334082,677088317394,221937,INR,2026-05-30T01:48:18.337Z,KOTAK,ORD-DC27150F45BB,SETTLED
KOTAK202606042244012,840833896245,3231605,INR,2026-06-03T10:48:18.337Z,KOTAK,ORD-87396EF86597,SETTLED
KOTAK202606045251676,062224626951,4396541,INR,2026-06-01T20:48:18.337Z,KOTAK,ORD-1958842FA1B6,SETTLED
KOTAK202606043088570,559525508673,1863013,INR,2026-06-02T05:48:18.337Z,KOTAK,ORD-7E27355C6EE2,SETTLED
KOTAK202606044887575,855261542640,270179,INR,2026-06-01T00:48:18.337Z,KOTAK,ORD-97580CEBC533,SETTLED
KOTAK202606043109647,113035318341,2656360,INR,2026-06-03T08:48:18.337Z,KOTAK,ORD-D8E553131363,SETTLED
KOTAK202606044719318,140808576409,1282676,INR,2026-05-31T13:48:18.337Z,KOTAK,ORD-E213A70854DB,SETTLED
KOTAK202606042945804,984156332810,4769648,INR,2026-05-31T20:48:18.337Z,KOTAK,ORD-E5FAA9789AC6,SETTLED
KOTAK202606040776079,126073895164,2792169,INR,2026-05-30T01:48:18.337Z,KOTAK,ORD-71F1DC89443D,SETTLED
KOTAK202606041523956,912857957172,2041169,INR,2026-05-31T23:48:18.337Z,KOTAK,ORD-DCB493AC3085,SETTLED
KOTAK202606044769611,816974562371,1738627,INR,2026-05-30T17:48:18.337Z,KOTAK,ORD-FEEA732971B9,SETTLED
KOTAK202606049830250,964117841847,4364692,INR,2026-05-29T19:48:18.337Z,KOTAK,ORD-B6F9BA201C61,SETTLED
KOTAK202606048145472,568705204340,4645799,INR,2026-05-31T09:48:18.337Z,KOTAK,ORD-FB2534090E16,SETTLED
KOTAK202606040319022,835811658736,2250733,INR,2026-05-31T17:48:18.337Z,KOTAK,ORD-7C4A7085C953,SETTLED
KOTAK202606043750392,121312681093,2924468,INR,2026-06-01T22:48:18.337Z,KOTAK,ORD-41EDA57FC3FC,SETTLED
KOTAK202606049375660,550772489631,3426462,INR,2026-05-29T10:48:18.337Z,KOTAK,ORD-7580DFB62344,SETTLED
KOTAK202606042506753,590323319117,3572553,INR,2026-06-03T08:48:18.337Z,KOTAK,ORD-01314EF6A8B7,SETTLED
KOTAK202606041948646,809868312996,1952794,INR,2026-05-31T04:48:18.337Z,KOTAK,ORD-1A0FE2A989BF,SETTLED
KOTAK202606043040592,572246756120,1168604,INR,2026-06-01T06:48:18.337Z,KOTAK,ORD-20DF30ED6C61,SETTLED
KOTAK202606049654211,739548403292,3977636,INR,2026-06-01T19:48:18.337Z,KOTAK,ORD-5A36002DF740,SETTLED
KOTAK202606046739376,825032256140,3639975,INR,2026-06-04T05:48:18.337Z,KOTAK,ORD-31FF3B6A3931,SETTLED
KOTAK202606049279519,308486515235,3454308,INR,2026-06-01T04:48:18.337Z,KOTAK,ORD-A41F9D6327AE,SETTLED
KOTAK202606047012464,214199713082,4639964,INR,2026-05-31T07:48:18.337Z,KOTAK,ORD-99E752D366A2,SETTLED
KOTAK202606046296976,188283251102,1510029,INR,2026-06-01T17:48:18.337Z,KOTAK,ORD-0AFB9846392A,SETTLED
KOTAK202606047033724,257465368783,633628,INR,2026-06-03T23:48:18.337Z,KOTAK,ORD-84AADF29A9A1,SETTLED
KOTAK202606040038013,493685761704,616798,INR,2026-05-29T03:48:18.337Z,KOTAK,ORD-66BD7930EC1A,SETTLED
KOTAK202606048284995,995362148086,2368685,INR,2026-06-02T16:48:18.337Z,KOTAK,ORD-EB66C38567AB,SETTLED
KOTAK202606041319002,540006603112,3793431,INR,2026-06-01T19:48:18.337Z,KOTAK,ORD-E77E08B1C1B9,SETTLED
KOTAK202606045552173,515270915750,2693152,INR,2026-05-30T07:48:18.337Z,KOTAK,ORD-AD7CB0626FAA,SETTLED
KOTAK202606040494722,707157542819,3627452,INR,2026-06-02T17:48:18.337Z,KOTAK,ORD-1DBC0CCBCECF,SETTLED
KOTAK202606041336485,860787998113,135072,INR,2026-06-04T11:48:18.337Z,KOTAK,ORD-7C8A0FB2DF65,SETTLED
KOTAK202606045191315,791890265434,669857,INR,2026-06-03T17:48:18.337Z,KOTAK,ORD-0DC896D4B346,SETTLED
KOTAK202606047848245,346853737917,4748762,INR,2026-05-31T10:48:18.337Z,KOTAK,ORD-B1199CF6281E,SETTLED
KOTAK202606048604127,190107463785,251348,INR,2026-06-03T14:48:18.337Z,KOTAK,ORD-51D8E8F1E0D4,SETTLED
KOTAK202606043786595,496512990617,3191801,INR,2026-05-29T13:48:18.337Z,KOTAK,ORD-9CF6E4AB1118,SETTLED
KOTAK202606041063792,431015713447,2916180,INR,2026-06-01T16:48:18.337Z,KOTAK,ORD-B805306EBFB1,SETTLED
KOTAK202606046736335,977901372234,2726828,INR,2026-05-31T08:48:18.337Z,KOTAK,ORD-A3DDB792BA6F,SETTLED
KOTAK202606040018948,761350681172,4247779,INR,2026-05-29T02:48:18.337Z,KOTAK,ORD-36776416F08B,SETTLED
KOTAK202606040516851,381489371548,895813,INR,2026-06-02T00:48:18.337Z,KOTAK,ORD-529832DCABAA,SETTLED
KOTAK202606042885206,466610569753,4804923,INR,2026-05-31T02:48:18.337Z,KOTAK,ORD-0DA20D513AEC,SETTLED
KOTAK202606046372604,443664084969,4221372,INR,2026-05-31T06:48:18.337Z,KOTAK,ORD-0F58EB82BD24,SETTLED
KOTAK202606047700595,502992039082,3450638,INR,2026-06-01T19:48:18.337Z,KOTAK,ORD-E9680647EA47,SETTLED
KOTAK202606044901174,874511355360,2112706,INR,2026-05-30T14:48:18.337Z,KOTAK,ORD-4EE6539DD57C,SETTLED
KOTAK202606041389295,417185625793,1981543,INR,2026-06-02T21:48:18.337Z,KOTAK,ORD-67DBEAF19A42,SETTLED
KOTAK202606043793471,598988939721,1878009,INR,2026-05-29T04:48:18.337Z,KOTAK,ORD-0FCE374C9D6F,SETTLED
KOTAK202606048941949,207873796394,3318310,INR,2026-05-29T22:48:18.337Z,KOTAK,ORD-0C5E6848DB09,SETTLED
KOTAK202606047620490,189292116892,1782420,INR,2026-05-31T23:48:18.337Z,KOTAK,ORD-6F0FC25F12E9,SETTLED
KOTAK202606049137826,613330784315,1727720,INR,2026-05-29T15:48:18.337Z,KOTAK,ORD-2B6AC6604301,SETTLED
KOTAK202606049619727,974616639250,3874494,INR,2026-06-01T15:48:18.337Z,KOTAK,ORD-6883B059CD13,PENDING
KOTAK202606048018673,981277966574,1764084,INR,2026-06-03T01:48:18.337Z,KOTAK,ORD-C94AB0C38E99,SETTLED
KOTAK202606043071864,753957506603,1983796,INR,2026-06-03T19:48:18.337Z,KOTAK,ORD-65E339B94D81,SETTLED
KOTAK202606045880376,492942598218,2150812,INR,2026-06-01T06:48:18.337Z,KOTAK,ORD-F57C45092A78,SETTLED
KOTAK202606048804072,387810154281,2412172,INR,2026-05-30T21:48:18.337Z,KOTAK,ORD-D46FACBA86B1,SETTLED
KOTAK202606041424842,231948722628,2919679,INR,2026-05-30T09:48:18.337Z,KOTAK,ORD-D25D91862421,SETTLED
KOTAK202606040001791,964267166808,4224239,INR,2026-06-03T05:48:18.337Z,KOTAK,ORD-D7CC2F38DE40,SETTLED
KOTAK202606045281967,090937932283,1101672,INR,2026-05-31T14:48:18.337Z,KOTAK,ORD-C11AA5043003,SETTLED
KOTAK202606046721378,531716468657,3359871,INR,2026-06-01T23:48:18.337Z,KOTAK,ORD-B91EB5F20A0A,PENDING
KOTAK202606048672770,341466490505,2306309,INR,2026-05-30T05:48:18.337Z,KOTAK,ORD-EE189869317A,SETTLED
KOTAK202606042161559,320711113157,4758829,INR,2026-05-30T10:48:18.337Z,KOTAK,ORD-541B9C811548,SETTLED
KOTAK202606042871329,179338235999,4470597,INR,2026-05-30T21:48:18.337Z,KOTAK,ORD-B0064C68BA0C,SETTLED
KOTAK202606049716212,401083441053,938650,INR,2026-06-04T09:48:18.337Z,KOTAK,ORD-0A2509DE1969,SETTLED
KOTAK202606049160817,591272060629,4255887,INR,2026-05-29T20:48:18.337Z,KOTAK,ORD-189E0B195A9B,SETTLED
KOTAK202606048580135,922304750944,3730554,INR,2026-05-29T07:48:18.337Z,KOTAK,ORD-6B55410A93CE,SETTLED
KOTAK202606040179457,874993856159,1148354,INR,2026-06-02T16:48:18.337Z,KOTAK,ORD-CC906436DE29,SETTLED
KOTAK202606046670881,741934536486,4649093,INR,2026-05-31T19:48:18.337Z,KOTAK,ORD-A3FE9AB7BEE0,SETTLED
KOTAK202606043207971,765404139371,4622290,INR,2026-05-31T21:48:18.337Z,KOTAK,ORD-CC8EB44251E1,SETTLED
KOTAK202606044134359,763176478326,1337230,INR,2026-05-28T19:48:18.337Z,KOTAK,ORD-46ED520BC6B8,SETTLED
KOTAK202606048191106,809815591990,3399510,INR,2026-06-03T23:48:18.337Z,KOTAK,ORD-4162C3B26852,SETTLED
KOTAK202606044525475,057278818432,739192,INR,2026-05-31T04:48:18.337Z,KOTAK,ORD-650ACAD749AE,SETTLED
KOTAK202606049870538,947744615394,2660642,INR,2026-06-01T09:48:18.337Z,KOTAK,ORD-E8528F9AF580,SETTLED
KOTAK202606049885316,395664663516,533585,INR,2026-06-03T06:48:18.337Z,KOTAK,ORD-4F8D88E21E65,SETTLED
KOTAK202606046985118,495876434684,1416604,INR,2026-06-03T20:48:18.337Z,KOTAK,ORD-498C74C229D0,SETTLED
KOTAK202606045066504,616991005966,2156813,INR,2026-05-30T13:48:18.337Z,KOTAK,ORD-CF8473883468,PENDING
KOTAK202606040680006,677145567215,4739924,INR,2026-06-01T22:48:18.337Z,KOTAK,ORD-0B4C8F4D6623,SETTLED
KOTAK202606040680185,012206843309,1650631,INR,2026-05-29T01:48:18.337Z,KOTAK,ORD-A65E828A0EB5,SETTLED
KOTAK202606049397524,860106118264,4026026,INR,2026-05-28T22:48:18.337Z,KOTAK,ORD-3D2DB6B8EF6A,SETTLED
KOTAK202606043790325,761809234905,2016059,INR,2026-05-29T19:48:18.337Z,KOTAK,ORD-EEEB9F11E72F,SETTLED
KOTAK202606040118595,505628610040,430147,INR,2026-05-31T22:48:18.337Z,KOTAK,ORD-8B396BE8D57D,SETTLED
KOTAK202606043462754,139200656963,2236464,INR,2026-06-01T13:48:18.337Z,KOTAK,ORD-222C1C819C31,SETTLED
KOTAK202606041958857,427956393002,1543868,INR,2026-06-01T05:48:18.337Z,KOTAK,ORD-2C756C3BAB0C,SETTLED
KOTAK202606043110934,463295499486,2236284,INR,2026-06-02T00:48:18.337Z,KOTAK,ORD-C86DEF711144,SETTLED
KOTAK202606049914833,791988437281,1745068,INR,2026-06-04T09:48:18.337Z,KOTAK,ORD-B7E1365F7C7C,SETTLED
KOTAK202606048300152,309574008449,3665990,INR,2026-06-03T01:48:18.337Z,KOTAK,ORD-97C84C95B08E,PENDING
KOTAK202606048417572,788896928197,3014527,INR,2026-05-30T01:48:18.337Z,KOTAK,ORD-31F54C98BC70,SETTLED
KOTAK202606040942394,263187867738,4551113,INR,2026-06-02T06:48:18.337Z,KOTAK,ORD-D8336D57FB71,SETTLED
KOTAK202606041863407,216332344855,3255118,INR,2026-05-30T15:48:18.337Z,KOTAK,ORD-94E7D01F8AA2,SETTLED
KOTAK202606044990214,355968991099,3111675,INR,2026-05-31T08:48:18.337Z,KOTAK,ORD-B9D7979C2BB8,PENDING
KOTAK202606046706790,861430340329,1591639,INR,2026-06-03T07:48:18.337Z,KOTAK,ORD-39BF538000E2,SETTLED
KOTAK202606047599817,747131817841,1971557,INR,2026-06-03T17:48:18.337Z,KOTAK,ORD-B7EEAFB558F8,SETTLED
KOTAK202606047911604,888618060343,3675717,INR,2026-05-29T20:48:18.337Z,KOTAK,ORD-0500012A9C36,SETTLED
KOTAK202606046117864,016818332414,4450842,INR,2026-05-29T07:48:18.337Z,KOTAK,ORD-4F828C82A4BF,SETTLED
KOTAK202606040184452,238247415318,1043181,INR,2026-05-30T22:48:18.337Z,KOTAK,ORD-3CA0CB832D0A,SETTLED
KOTAK202606047798197,378599775772,2339476,INR,2026-06-02T04:48:18.337Z,KOTAK,ORD-07B72807C635,SETTLED
KOTAK202606045781952,848874986555,3096153,INR,2026-06-01T05:48:18.337Z,KOTAK,ORD-255355AC0842,SETTLED
KOTAK202606047408989,093840494437,2299296,INR,2026-06-01T13:48:18.337Z,KOTAK,ORD-7316877A1D17,SETTLED
KOTAK202606043872368,256572710722,3124892,INR,2026-06-03T12:48:18.337Z,KOTAK,ORD-65FAF11B752F,SETTLED
KOTAK202606047454208,405289268811,1398857,INR,2026-05-30T21:48:18.337Z,KOTAK,ORD-1B42980854CF,SETTLED
KOTAK202606042040810,906223769823,1490898,INR,2026-06-03T05:48:18.337Z,KOTAK,ORD-6F6D813F52B9,SETTLED
KOTAK202606047776793,221059690970,3356600,INR,2026-05-31T19:48:18.337Z,KOTAK,ORD-7594E134CB3D,SETTLED
KOTAK202606048817194,666074848703,376114,INR,2026-05-30T07:48:18.337Z,KOTAK,ORD-CA94C3D44408,SETTLED
KOTAK202606042088054,528657363489,4650335,INR,2026-05-31T01:48:18.337Z,KOTAK,ORD-8062B37F5EE7,SETTLED
KOTAK202606040328809,895713210440,1905762,INR,2026-06-01T18:48:18.337Z,KOTAK,ORD-0738EA7CDF16,SETTLED
KOTAK202606042321501,787048673257,1202028,INR,2026-06-01T13:48:18.337Z,KOTAK,ORD-9056E971E294,SETTLED
KOTAK202606043300933,322531952883,646895,INR,2026-06-03T04:48:18.337Z,KOTAK,ORD-A0976AA3E2F9,SETTLED
KOTAK202606049822251,598261041009,2011263,INR,2026-05-29T09:48:18.337Z,KOTAK,ORD-DF916D10DBF8,SETTLED
KOTAK202606049059360,093985281428,4103655,INR,2026-05-31T10:48:18.337Z,KOTAK,ORD-35473AA554F4,SETTLED
KOTAK202606047921891,208500967730,980431,INR,2026-06-03T19:48:18.337Z,KOTAK,ORD-DC4D0372E9B2,SETTLED
KOTAK202606040724058,328928818881,2137998,INR,2026-05-29T05:48:18.337Z,KOTAK,ORD-0DBEBA87D77D,SETTLED
KOTAK202606044877207,808991447208,3423478,INR,2026-06-01T04:48:18.337Z,KOTAK,ORD-AB7DDFD50342,SETTLED
KOTAK202606044391756,377513289455,3693609,INR,2026-06-03T05:48:18.337Z,KOTAK,ORD-AB5AE34457A5,SETTLED
KOTAK202606042085801,940880788076,3688600,INR,2026-05-28T23:48:18.337Z,KOTAK,ORD-07F6D2E6EC91,SETTLED
KOTAK202606046628382,886932076654,4960474,INR,2026-05-30T18:48:18.337Z,KOTAK,ORD-AEF6D4883357,SETTLED
KOTAK202606043264465,094018207663,175639,INR,2026-06-03T22:48:18.337Z,KOTAK,ORD-1DE60DF46122,SETTLED
KOTAK202606045398963,331275366222,2444240,INR,2026-06-01T19:48:18.337Z,KOTAK,ORD-FA03178CE7D5,SETTLED
KOTAK202606044467697,293555113633,3002514,INR,2026-05-28T19:48:18.337Z,KOTAK,ORD-0D3C298E5A80,SETTLED
KOTAK202606042815296,984417724123,1972812,INR,2026-06-01T09:48:18.337Z,KOTAK,ORD-A3F7295A9E3A,SETTLED
KOTAK202606041666880,027455897268,93850,INR,2026-06-01T06:48:18.337Z,KOTAK,ORD-27635F2BCBE3,SETTLED
KOTAK202606040280844,975104484534,981253,INR,2026-05-30T08:48:18.337Z,KOTAK,ORD-AD81F6B780CE,SETTLED
KOTAK202606041647748,697105573456,3442848,INR,2026-06-03T18:48:18.337Z,KOTAK,ORD-204AA69799DE,SETTLED
KOTAK202606048686876,230786543674,1124941,INR,2026-06-04T17:48:18.337Z,KOTAK,ORD-4ECB49E4FB52,SETTLED
KOTAK202606046579083,141191026883,2971201,INR,2026-05-29T04:48:18.337Z,KOTAK,ORD-6CD92A973014,SETTLED
KOTAK202606049623083,200759991203,25563,INR,2026-06-01T15:48:18.337Z,KOTAK,ORD-B521AE78F9FA,SETTLED
KOTAK202606044300513,448919275397,224170,INR,2026-05-29T23:48:18.337Z,KOTAK,ORD-49AD24FA331F,SETTLED
KOTAK202606046158223,775852888340,2341979,INR,2026-06-02T22:48:18.337Z,KOTAK,ORD-EC053538D9E3,SETTLED
KOTAK202606046026131,477569426396,1868010,INR,2026-06-02T05:48:18.337Z,KOTAK,ORD-A8A80575DB0D,SETTLED
KOTAK202606048683265,320059278911,3582980,INR,2026-06-03T17:48:18.337Z,KOTAK,ORD-18469E815FAA,SETTLED
KOTAK202606040645061,080558434512,2189150,INR,2026-05-30T23:48:18.337Z,KOTAK,ORD-B8B27FDA5A64,SETTLED
KOTAK202606040494297,059361488243,3290425,INR,2026-05-30T08:48:18.337Z,KOTAK,ORD-588E6544C5A2,SETTLED
KOTAK202606049520146,467013557033,1273446,INR,2026-06-01T15:48:18.337Z,KOTAK,ORD-43236A84AD76,SETTLED
KOTAK202606042321502,136294463344,1927402,INR,2026-05-31T09:48:18.337Z,KOTAK,ORD-5F240482D0FE,PENDING
KOTAK202606047531231,286919779268,531631,INR,2026-05-31T10:48:18.337Z,KOTAK,ORD-FC027BFB03DD,SETTLED
KOTAK202606042985653,282203410486,4230467,INR,2026-05-29T15:48:18.337Z,KOTAK,ORD-4BEE5A16A45C,SETTLED
KOTAK202606043650093,318271191350,2513539,INR,2026-05-29T06:48:18.338Z,KOTAK,ORD-1A1FF127EC58,SETTLED
KOTAK202606045747987,751119109068,3566143,INR,2026-06-02T05:48:18.338Z,KOTAK,ORD-CFE1F66239E4,PENDING
KOTAK202606049326741,947138083093,673224,INR,2026-06-02T02:48:18.338Z,KOTAK,ORD-FDC490394815,SETTLED
KOTAK202606045797438,601759136293,4458640,INR,2026-05-30T02:48:18.338Z,KOTAK,ORD-FF354AFAB55D,SETTLED
KOTAK202606049220279,187913935535,392622,INR,2026-05-29T07:48:18.338Z,KOTAK,ORD-C73B051EC05C,SETTLED