UTR,RRN,Amount,Currency,Settlement_Date,Bank_Name,Merchant_Ref,Status
KOTAK202606045799657,909927318564,4823791,INR,2026-06-01T11:47:35.648Z,KOTAK,ORD-55FDE3FDFA39,SETTLED
KOTAK202606049728635,224990733774,333932,INR,2026-05-31T02:47:35.648Z,KOTAK,ORD-DDCBBCC0E77B,SETTLED
KOTAK202606045322504,143274810418,4361056,INR,2026-06-03T07:47:35.648Z,KOTAK,ORD-69C473479ABF,SETTLED
KOTAK202606041321995,619596528625,4664496,INR,2026-06-02T00:47:35.648Z,KOTAK,ORD-39BF42CCC8B5,SETTLED
KOTAK202606044398905,602505200479,2583927,INR,2026-05-30T22:47:35.648Z,KOTAK,ORD-484607904FB1,SETTLED
KOTAK202606047514873,313156037338,433461,INR,2026-05-31T21:47:35.648Z,KOTAK,ORD-F91C2070B031,SETTLED
KOTAK202606044831359,311562874807,824261,INR,2026-05-30T05:47:35.648Z,KOTAK,ORD-54B68494D16D,SETTLED
KOTAK202606042141278,917017251978,2717504,INR,2026-06-04T05:47:35.648Z,KOTAK,ORD-974F4CBB7AE9,SETTLED
KOTAK202606040485677,986848446502,4873434,INR,2026-05-29T19:47:35.648Z,KOTAK,ORD-D84A93DB41E8,SETTLED
KOTAK202606046642673,133680750484,3398157,INR,2026-05-31T09:47:35.648Z,KOTAK,ORD-B49879ABFE14,SETTLED
KOTAK202606049537813,799080180324,1001112,INR,2026-05-29T10:47:35.648Z,KOTAK,ORD-77F2D62CDFEB,SETTLED
KOTAK202606046805287,379166368721,3912390,INR,2026-06-04T08:47:35.649Z,KOTAK,ORD-CA7181E7E893,SETTLED
KOTAK202606043087693,940554730437,3758876,INR,2026-05-30T19:47:35.649Z,KOTAK,ORD-FBA5A8D8EFF3,SETTLED
KOTAK202606042461156,610961077880,1067324,INR,2026-05-31T03:47:35.649Z,KOTAK,ORD-A761B2DF2393,PENDING
KOTAK202606049875448,044507741448,4059350,INR,2026-06-01T01:47:35.649Z,KOTAK,ORD-89AC9992408E,SETTLED
KOTAK202606046649099,209713579937,1895095,INR,2026-06-04T07:47:35.649Z,KOTAK,ORD-80B9B8A6F0D3,SETTLED
KOTAK202606044781897,344473363373,458284,INR,2026-05-30T01:47:35.649Z,KOTAK,ORD-5F5BDDDC656D,SETTLED
KOTAK202606043199933,381494654444,2738018,INR,2026-06-02T21:47:35.649Z,KOTAK,ORD-AE7BFABA14F4,SETTLED
KOTAK202606043987135,300695301262,3382083,INR,2026-06-03T20:47:35.649Z,KOTAK,ORD-FAC13537E7A2,SETTLED
KOTAK202606046203093,106400985012,1756667,INR,2026-06-03T14:47:35.649Z,KOTAK,ORD-DE1463D87A7F,SETTLED
KOTAK202606048047219,306650964738,3093585,INR,2026-06-04T11:47:35.649Z,KOTAK,ORD-9AF53D04C886,SETTLED
KOTAK202606040635115,654546415258,1826534,INR,2026-05-29T03:47:35.649Z,KOTAK,ORD-C94583213848,SETTLED
KOTAK202606041566905,705649968237,3816878,INR,2026-06-02T09:47:35.649Z,KOTAK,ORD-A641AB5AD101,SETTLED
KOTAK202606040424548,082350614743,2414276,INR,2026-05-30T09:47:35.649Z,KOTAK,ORD-BB214901D821,SETTLED
KOTAK202606046563394,589263334194,3021485,INR,2026-05-28T18:47:35.649Z,KOTAK,ORD-18385080965E,SETTLED
KOTAK202606044249244,322689997430,1372860,INR,2026-06-01T12:47:35.649Z,KOTAK,ORD-1DC4421033AD,SETTLED
KOTAK202606048544898,053572411874,1347950,INR,2026-06-02T22:47:35.649Z,KOTAK,ORD-20DC3D11701F,SETTLED
KOTAK202606046550448,107734434284,2016080,INR,2026-06-02T18:47:35.649Z,KOTAK,ORD-0FD8A8CC5E54,SETTLED
KOTAK202606049575468,202941044206,4305606,INR,2026-06-02T14:47:35.649Z,KOTAK,ORD-0CEC32FC68DC,SETTLED
KOTAK202606049272844,114057425532,1634222,INR,2026-05-30T13:47:35.649Z,KOTAK,ORD-DA469BB7ADB2,SETTLED
KOTAK202606047080885,897725934141,2181947,INR,2026-05-30T03:47:35.649Z,KOTAK,ORD-2896C7098502,SETTLED
KOTAK202606045247653,230852619494,4010985,INR,2026-05-30T16:47:35.649Z,KOTAK,ORD-5D90CC99A807,SETTLED
KOTAK202606041237047,664313808853,913282,INR,2026-06-04T01:47:35.649Z,KOTAK,ORD-A2D19AF66412,SETTLED
KOTAK202606044102893,677423269945,3622678,INR,2026-05-30T20:47:35.649Z,KOTAK,ORD-EE74979EEC96,SETTLED
KOTAK202606044325520,371920426232,3661318,INR,2026-05-30T14:47:35.649Z,KOTAK,ORD-9EBFC6E14981,SETTLED
KOTAK202606049408700,647815272989,4909834,INR,2026-06-02T15:47:35.649Z,KOTAK,ORD-C1318170DE3C,SETTLED
KOTAK202606040477394,390767115479,3451058,INR,2026-06-04T08:47:35.649Z,KOTAK,ORD-B35EBF937B4A,SETTLED
KOTAK202606041914532,950126983866,459695,INR,2026-05-31T00:47:35.649Z,KOTAK,ORD-C049796A1370,SETTLED
KOTAK202606049387652,971591208876,4299872,INR,2026-06-02T04:47:35.649Z,KOTAK,ORD-BE28FF8D1F3F,SETTLED
KOTAK202606040728703,852700783732,3509136,INR,2026-05-29T14:47:35.649Z,KOTAK,ORD-91367819CEA9,SETTLED
KOTAK202606049885089,275345623090,141768,INR,2026-05-30T14:47:35.649Z,KOTAK,ORD-F80409C75D87,SETTLED
KOTAK202606049802345,317470371484,1682616,INR,2026-06-02T02:47:35.649Z,KOTAK,ORD-86D2448A183D,SETTLED
KOTAK202606045015751,079256261097,2386657,INR,2026-05-31T12:47:35.649Z,KOTAK,ORD-4CED0916C09F,SETTLED
KOTAK202606040175803,263707105661,2701813,INR,2026-06-01T12:47:35.649Z,KOTAK,ORD-BC1DF6EFECC0,SETTLED
KOTAK202606045128143,764577858206,1375243,INR,2026-05-31T23:47:35.649Z,KOTAK,ORD-B0D05C314EA1,SETTLED
KOTAK202606047492124,077074420689,1787719,INR,2026-06-03T21:47:35.649Z,KOTAK,ORD-961AC18CD0E0,SETTLED
KOTAK202606045213307,207084189250,2699266,INR,2026-05-31T12:47:35.649Z,KOTAK,ORD-33425E264EDD,SETTLED
KOTAK202606048844123,999962183383,4127067,INR,2026-06-03T07:47:35.649Z,KOTAK,ORD-002F6B135B3C,SETTLED
KOTAK202606049751180,553257443832,2518424,INR,2026-06-01T08:47:35.649Z,KOTAK,ORD-9180912D3981,SETTLED
KOTAK202606042571144,723681252206,161362,INR,2026-06-03T21:47:35.649Z,KOTAK,ORD-71661B723E7F,SETTLED
KOTAK202606049381668,468282590305,257776,INR,2026-06-01T11:47:35.649Z,KOTAK,ORD-CB412A3C5ABF,SETTLED
KOTAK202606044895879,514722375061,1448062,INR,2026-06-01T16:47:35.649Z,KOTAK,ORD-C172E408EF0C,SETTLED
KOTAK202606046405508,415032581824,187535,INR,2026-06-02T03:47:35.649Z,KOTAK,ORD-4D012EA3254B,SETTLED
KOTAK202606042717683,903310266387,1125851,INR,2026-05-30T23:47:35.649Z,KOTAK,ORD-30E1E9D9097E,SETTLED
KOTAK202606043049946,578974201860,2690679,INR,2026-06-04T03:47:35.649Z,KOTAK,ORD-D67A4DC3BFE2,SETTLED
KOTAK202606044812443,221057179796,683958,INR,2026-06-03T07:47:35.649Z,KOTAK,ORD-CAFB2BEC4F99,SETTLED
KOTAK202606043792778,899760964247,4312921,INR,2026-06-02T01:47:35.649Z,KOTAK,ORD-0110EE8307C8,SETTLED
KOTAK202606046811788,061862298050,3896581,INR,2026-06-03T21:47:35.649Z,KOTAK,ORD-5C563FB98216,SETTLED
KOTAK202606041621828,793860739710,2826212,INR,2026-05-30T09:47:35.649Z,KOTAK,ORD-082E2F053D60,SETTLED
KOTAK202606041717706,412077315250,114957,INR,2026-06-03T02:47:35.649Z,KOTAK,ORD-53964A6A5269,SETTLED
KOTAK202606043484720,513397867306,227306,INR,2026-05-31T06:47:35.649Z,KOTAK,ORD-D85C65667D80,SETTLED
KOTAK202606048410574,740770495982,170369,INR,2026-05-31T00:47:35.649Z,KOTAK,ORD-30ED98C35DBE,PENDING
KOTAK202606041573242,561605533579,2049762,INR,2026-06-01T13:47:35.649Z,KOTAK,ORD-5CC791F383C1,SETTLED
KOTAK202606044952175,348720004199,2924548,INR,2026-06-04T11:47:35.649Z,KOTAK,ORD-3D886BF0F763,SETTLED
KOTAK202606043712917,815539001666,3431684,INR,2026-06-01T04:47:35.649Z,KOTAK,ORD-42B64B461E0C,SETTLED
KOTAK202606047186459,009216345551,1996847,INR,2026-06-03T23:47:35.649Z,KOTAK,ORD-06DB8A336B00,SETTLED
KOTAK202606049178632,712577331677,2869690,INR,2026-06-03T00:47:35.649Z,KOTAK,ORD-956E8E70FFAC,PENDING
KOTAK202606041644131,768917787501,4978465,INR,2026-06-02T16:47:35.649Z,KOTAK,ORD-ADF890B39FA8,SETTLED
KOTAK202606043766047,139802044880,1789204,INR,2026-06-02T20:47:35.649Z,KOTAK,ORD-DE8ECE0D4B42,SETTLED
KOTAK202606048135315,462716053624,2432844,INR,2026-05-29T15:47:35.649Z,KOTAK,ORD-A2781542CF19,SETTLED
KOTAK202606046970408,903835072225,3767501,INR,2026-06-01T06:47:35.649Z,KOTAK,ORD-899ABCE28E39,SETTLED
KOTAK202606043778519,550103617163,666247,INR,2026-05-28T21:47:35.649Z,KOTAK,ORD-0762F05ABC32,SETTLED
KOTAK202606048863433,552835885144,3715477,INR,2026-06-01T21:47:35.649Z,KOTAK,ORD-C58CA0E173FF,SETTLED
KOTAK202606047546859,425076752695,108405,INR,2026-05-30T09:47:35.649Z,KOTAK,ORD-B8E9C3D522BF,SETTLED
KOTAK202606041219414,124774373404,1933631,INR,2026-06-02T08:47:35.649Z,KOTAK,ORD-CB26F3510D74,SETTLED
KOTAK202606044759616,785335815138,965595,INR,2026-05-31T15:47:35.649Z,KOTAK,ORD-76D85954ABD7,SETTLED
KOTAK202606045063696,073012837364,67451,INR,2026-05-31T20:47:35.649Z,KOTAK,ORD-FC341D7BCD25,SETTLED
KOTAK202606046485789,188360317567,1423809,INR,2026-05-30T10:47:35.649Z,KOTAK,ORD-A343EDABF079,SETTLED
KOTAK202606041249819,666149666239,1475791,INR,2026-06-01T07:47:35.649Z,KOTAK,ORD-2E1288426ED0,SETTLED
KOTAK202606043924055,782033653527,4788452,INR,2026-05-30T13:47:35.649Z,KOTAK,ORD-A05338D82F13,SETTLED
KOTAK202606046711432,861317056767,4157038,INR,2026-06-03T12:47:35.649Z,KOTAK,ORD-B5C9F5DD9154,SETTLED
KOTAK202606046842746,422302222059,2177239,INR,2026-06-04T02:47:35.649Z,KOTAK,ORD-E15BCB6667AD,SETTLED
KOTAK202606043629311,358584917801,1685597,INR,2026-06-03T23:47:35.649Z,KOTAK,ORD-6A846C0A79AB,SETTLED
KOTAK202606047683431,698732164363,4318362,INR,2026-05-29T16:47:35.649Z,KOTAK,ORD-8FD03CBED565,SETTLED
KOTAK202606043145540,947139485529,3096255,INR,2026-06-02T05:47:35.649Z,KOTAK,ORD-353FC6C856E1,PENDING
KOTAK202606045025198,253974533499,630162,INR,2026-05-29T12:47:35.649Z,KOTAK,ORD-5B49F60C7D64,SETTLED
KOTAK202606048429020,563044258197,553836,INR,2026-05-30T05:47:35.649Z,KOTAK,ORD-533E49802C52,SETTLED
KOTAK202606040859545,393589142539,4851199,INR,2026-06-02T01:47:35.649Z,KOTAK,ORD-B08725932C60,SETTLED
KOTAK202606049132226,991187518509,4295058,INR,2026-05-30T07:47:35.649Z,KOTAK,ORD-E51E2C69A718,SETTLED
KOTAK202606041638154,092821213211,3056455,INR,2026-06-04T02:47:35.649Z,KOTAK,ORD-6FB07E19F029,PENDING
KOTAK202606044019480,794294438115,136786,INR,2026-05-30T15:47:35.649Z,KOTAK,ORD-8DF91CCF44EA,SETTLED
KOTAK202606045815700,618081462821,1961423,INR,2026-06-04T08:47:35.650Z,KOTAK,ORD-9F5E71DADE10,SETTLED
KOTAK202606043185011,488281669490,2771544,INR,2026-06-02T10:47:35.650Z,KOTAK,ORD-73789C4DE5E7,SETTLED
KOTAK202606047514820,019672151071,4562027,INR,2026-06-04T13:47:35.650Z,KOTAK,ORD-C3FF43F80B95,SETTLED
KOTAK202606042875253,328994263724,3474235,INR,2026-05-31T00:47:35.650Z,KOTAK,ORD-E9C2BD405CFB,SETTLED
KOTAK202606046221597,936712379504,3142504,INR,2026-05-29T15:47:35.650Z,KOTAK,ORD-8E972D1F62F8,SETTLED
KOTAK202606043601112,639430629680,1264319,INR,2026-05-29T23:47:35.650Z,KOTAK,ORD-50292258EBD3,SETTLED
KOTAK202606041382354,760915534688,3368166,INR,2026-06-03T02:47:35.650Z,KOTAK,ORD-99C403A1CF49,PENDING
KOTAK202606040618016,296292215957,2526879,INR,2026-06-03T01:47:35.650Z,KOTAK,ORD-42F1447D3ACD,SETTLED
KOTAK202606044965570,816981366778,3067246,INR,2026-05-31T00:47:35.650Z,KOTAK,ORD-0BCCCCBB9CE0,SETTLED
KOTAK202606049438312,658344057049,41178,INR,2026-06-03T03:47:35.650Z,KOTAK,ORD-7B7AE42501E5,SETTLED
KOTAK202606049836916,205142097049,3432572,INR,2026-06-02T05:47:35.650Z,KOTAK,ORD-4DBE5A7221D7,SETTLED
KOTAK202606043369001,265661478652,633146,INR,2026-05-29T13:47:35.650Z,KOTAK,ORD-B4DC0B3F4198,SETTLED
KOTAK202606045652911,315640693534,421027,INR,2026-06-04T13:47:35.650Z,KOTAK,ORD-52C5E71CE52D,PENDING
KOTAK202606046359267,550905488148,4647553,INR,2026-06-01T21:47:35.650Z,KOTAK,ORD-6D6A6D45C6D1,SETTLED
KOTAK202606046115782,632748429215,4170481,INR,2026-06-02T16:47:35.650Z,KOTAK,ORD-AA3C42F539DC,SETTLED
KOTAK202606046763302,915419797295,214460,INR,2026-05-30T02:47:35.650Z,KOTAK,ORD-118488A707A9,SETTLED
KOTAK202606045046520,440514220125,1790438,INR,2026-06-04T05:47:35.650Z,KOTAK,ORD-6413D3D4ADBD,SETTLED
KOTAK202606040301771,887770558917,1838978,INR,2026-06-03T21:47:35.650Z,KOTAK,ORD-81A4ACC4E1FD,SETTLED
KOTAK202606047644175,278476307857,2954166,INR,2026-06-02T11:47:35.650Z,KOTAK,ORD-F38F48F5407C,PENDING
KOTAK202606041976417,143730173084,4629454,INR,2026-05-29T17:47:35.650Z,KOTAK,ORD-90282D831077,SETTLED
KOTAK202606044078213,621314437600,642208,INR,2026-05-30T14:47:35.650Z,KOTAK,ORD-3577C81ADD14,SETTLED
KOTAK202606040461789,590396344813,4260574,INR,2026-05-30T00:47:35.650Z,KOTAK,ORD-5167111B44D5,SETTLED
KOTAK202606046798014,985405028721,3027280,INR,2026-06-01T05:47:35.650Z,KOTAK,ORD-E07EF654FF47,SETTLED
KOTAK202606047152324,834422822497,479389,INR,2026-05-29T19:47:35.650Z,KOTAK,ORD-C8E80D827C0F,SETTLED
KOTAK202606043570537,854624239870,109020,INR,2026-06-03T17:47:35.650Z,KOTAK,ORD-1B1B4B023DC8,SETTLED
KOTAK202606045785989,087204703938,494048,INR,2026-05-30T10:47:35.650Z,KOTAK,ORD-A8D09A0474CF,SETTLED
KOTAK202606042102988,197863372184,4659837,INR,2026-06-03T08:47:35.650Z,KOTAK,ORD-9A162F9715C3,SETTLED
KOTAK202606049110392,454731982957,4220391,INR,2026-05-31T04:47:35.650Z,KOTAK,ORD-911C8D847324,PENDING
KOTAK202606046872771,137936055669,4899020,INR,2026-05-29T21:47:35.650Z,KOTAK,ORD-123A9B0A3918,SETTLED
KOTAK202606049464628,345708900654,2572987,INR,2026-06-02T20:47:35.650Z,KOTAK,ORD-058CB521BA33,SETTLED
KOTAK202606049698144,304275458860,1613790,INR,2026-05-28T19:47:35.650Z,KOTAK,ORD-DEF144BC6A7E,SETTLED
KOTAK202606049793188,327335091862,693163,INR,2026-06-04T15:47:35.650Z,KOTAK,ORD-6FA42BF19CBF,SETTLED
KOTAK202606043198476,738956102934,4949050,INR,2026-06-04T13:47:35.650Z,KOTAK,ORD-BA5A7E0AB38A,SETTLED
KOTAK202606044454156,665299430025,3279196,INR,2026-05-31T09:47:35.650Z,KOTAK,ORD-91C183E476E0,SETTLED
KOTAK202606046194534,077060000550,3018738,INR,2026-06-01T07:47:35.650Z,KOTAK,ORD-1822BB6BF86B,SETTLED
KOTAK202606049076559,549752863366,2343282,INR,2026-06-03T10:47:35.650Z,KOTAK,ORD-7027E77F047B,SETTLED
KOTAK202606045382161,597288099147,3283874,INR,2026-06-01T06:47:35.650Z,KOTAK,ORD-00CDCFBBA74F,SETTLED
KOTAK202606049401402,817969244119,3418620,INR,2026-05-31T16:47:35.650Z,KOTAK,ORD-1BF2914B7AF7,SETTLED
KOTAK202606042929048,558069999788,4717326,INR,2026-05-29T04:47:35.650Z,KOTAK,ORD-27E2823DC62A,SETTLED
KOTAK202606040676859,068364292401,1028652,INR,2026-06-03T10:47:35.650Z,KOTAK,ORD-8701DE834F2E,SETTLED
KOTAK202606048769293,215738467284,1354500,INR,2026-05-31T17:47:35.650Z,KOTAK,ORD-1BEE5EDD1812,PENDING
KOTAK202606048590110,891034985145,4099993,INR,2026-06-04T07:47:35.650Z,KOTAK,ORD-2969E0297005,SETTLED
KOTAK202606043500505,956734760700,4214430,INR,2026-06-01T06:47:35.650Z,KOTAK,ORD-0CD05B5D2492,SETTLED
KOTAK202606046107007,875995402455,2390429,INR,2026-05-29T00:47:35.650Z,KOTAK,ORD-BD30E91CFC19,SETTLED
KOTAK202606045670819,110303453560,260688,INR,2026-06-03T07:47:35.650Z,KOTAK,ORD-D7862D7A4DF1,SETTLED
KOTAK202606045830111,948057846690,538882,INR,2026-06-04T15:47:35.650Z,KOTAK,ORD-6932AC44AC3E,SETTLED
KOTAK202606044621537,617813636067,285891,INR,2026-06-01T04:47:35.650Z,KOTAK,ORD-3C29ED301989,SETTLED
KOTAK202606044547450,054345265107,3350313,INR,2026-05-31T21:47:35.650Z,KOTAK,ORD-014AB5802241,SETTLED
KOTAK202606044512525,988167735263,1567925,INR,2026-06-03T18:47:35.650Z,KOTAK,ORD-4D3ADD87D00D,SETTLED
KOTAK202606042076229,378057671206,1148304,INR,2026-05-29T01:47:35.650Z,KOTAK,ORD-ED2D10BCE222,SETTLED
KOTAK202606044208232,803990236303,1283968,INR,2026-06-04T06:47:35.650Z,KOTAK,ORD-4F7F20B30330,SETTLED
KOTAK202606047740229,793930800684,4260211,INR,2026-05-30T21:47:35.650Z,KOTAK,ORD-6EE36435B505,SETTLED
KOTAK202606043633712,053912758209,3293325,INR,2026-06-03T01:47:35.650Z,KOTAK,ORD-A4DF3978CB22,PENDING
KOTAK202606046521903,526842372103,3995478,INR,2026-06-02T11:47:35.650Z,KOTAK,ORD-C4340C196499,SETTLED
KOTAK202606047487911,221416950607,2790966,INR,2026-05-29T23:47:35.650Z,KOTAK,ORD-9CABCA59B739,SETTLED
KOTAK202606047472424,761376109232,4276876,INR,2026-06-02T15:47:35.651Z,KOTAK,ORD-724C1562746E,SETTLED
KOTAK202606044121546,260919977892,1647985,INR,2026-06-03T06:47:35.651Z,KOTAK,ORD-79BCBB195860,SETTLED
KOTAK202606047264493,019895096951,3325131,INR,2026-06-01T05:47:35.651Z,KOTAK,ORD-E36F8EEC8FE2,SETTLED
KOTAK202606047541810,817748185055,3805335,INR,2026-05-30T12:47:35.651Z,KOTAK,ORD-E8C44FE27797,SETTLED
KOTAK202606046903999,698253306804,1618614,INR,2026-05-30T21:47:35.651Z,KOTAK,ORD-E22E72747BD7,SETTLED
KOTAK202606040354378,824085127841,4899974,INR,2026-05-29T00:47:35.651Z,KOTAK,ORD-7EFF570EC570,SETTLED
KOTAK202606042096458,340695245546,863575,INR,2026-06-04T14:47:35.651Z,KOTAK,ORD-869B33A445B7,SETTLED
KOTAK202606047721517,708530933476,24840,INR,2026-05-30T21:47:35.651Z,KOTAK,ORD-628215DC664F,SETTLED
KOTAK202606046047347,563789377558,783758,INR,2026-06-01T09:47:35.651Z,KOTAK,ORD-A74187EEDA14,SETTLED
KOTAK202606045736738,953195510691,2771406,INR,2026-06-04T16:47:35.651Z,KOTAK,ORD-1764A77B87EA,SETTLED
KOTAK202606042721646,739487331274,4665748,INR,2026-06-02T09:47:35.651Z,KOTAK,ORD-4DC0641F9259,SETTLED
KOTAK202606041948898,590720626302,2242098,INR,2026-05-31T15:47:35.651Z,KOTAK,ORD-CBF65636EF79,SETTLED
KOTAK202606043853555,934271347391,4947311,INR,2026-05-31T20:47:35.651Z,KOTAK,ORD-8231935D590D,SETTLED
KOTAK202606048002061,055462345378,4934956,INR,2026-06-03T04:47:35.651Z,KOTAK,ORD-CE7120794804,SETTLED
KOTAK202606040082434,244627413090,85004,INR,2026-05-29T00:47:35.651Z,KOTAK,ORD-A5180CD4022A,SETTLED
KOTAK202606045564472,661434499448,3805017,INR,2026-05-31T13:47:35.651Z,KOTAK,ORD-B48859ABBFCB,SETTLED
KOTAK202606045986177,296692136365,966750,INR,2026-05-29T01:47:35.651Z,KOTAK,ORD-CF1F087E3A03,SETTLED
KOTAK202606043292647,558384887944,2017103,INR,2026-06-02T02:47:35.651Z,KOTAK,ORD-330BAD5C16FB,SETTLED
KOTAK202606040955631,186104150130,4963878,INR,2026-06-01T15:47:35.651Z,KOTAK,ORD-EA307E21C23C,SETTLED
KOTAK202606042640981,646263534312,1812442,INR,2026-06-04T09:47:35.651Z,KOTAK,ORD-90AA1F060EBD,SETTLED
KOTAK202606042948686,136475081197,1617225,INR,2026-05-31T09:47:35.651Z,KOTAK,ORD-826AB17A8FED,SETTLED
KOTAK202606046690563,282002333755,3416032,INR,2026-06-02T12:47:35.651Z,KOTAK,ORD-C9C186240989,PENDING
KOTAK202606047999735,117382269284,1533233,INR,2026-06-02T10:47:35.651Z,KOTAK,ORD-BFA4B2E34EC9,SETTLED
KOTAK202606048627000,733535420339,3288125,INR,2026-06-03T20:47:35.651Z,KOTAK,ORD-218A5E82E4EB,SETTLED
KOTAK202606047919057,095981082156,4922262,INR,2026-05-31T15:47:35.651Z,KOTAK,ORD-C97F79F91691,SETTLED
KOTAK202606042403081,860998964494,1604797,INR,2026-06-02T12:47:35.651Z,KOTAK,ORD-80D7A64C09BF,SETTLED
KOTAK202606043372368,172482223028,2277685,INR,2026-05-31T14:47:35.651Z,KOTAK,ORD-238F76B572C7,SETTLED
KOTAK202606041050194,047586636513,3969045,INR,2026-06-01T02:47:35.651Z,KOTAK,ORD-2EF1E54F3647,SETTLED
KOTAK202606043056294,615063623266,3761531,INR,2026-05-30T03:47:35.651Z,KOTAK,ORD-71E580C6E1F9,SETTLED
KOTAK202606048354981,698412218126,3401328,INR,2026-06-02T09:47:35.651Z,KOTAK,ORD-4F987CC9A435,SETTLED
KOTAK202606041759854,005239826986,4569412,INR,2026-06-02T16:47:35.651Z,KOTAK,ORD-BE0288976113,SETTLED
KOTAK202606049023998,619254575318,1935770,INR,2026-05-31T06:47:35.651Z,KOTAK,ORD-240D53460A59,SETTLED
KOTAK202606043473481,709141305469,3890147,INR,2026-06-01T15:47:35.651Z,KOTAK,ORD-968DBFC8AE3C,SETTLED
KOTAK202606046392606,565360340132,3674884,INR,2026-05-30T03:47:35.651Z,KOTAK,ORD-5D619C31F1EB,SETTLED
KOTAK202606043340982,140361171794,662209,INR,2026-05-30T02:47:35.651Z,KOTAK,ORD-B90588831810,SETTLED
KOTAK202606046632563,782350067798,3466695,INR,2026-06-02T07:47:35.651Z,KOTAK,ORD-5B7EFE420924,SETTLED
KOTAK202606041039543,098882648097,4083222,INR,2026-05-31T23:47:35.651Z,KOTAK,ORD-411D30F7BB5A,SETTLED
KOTAK202606048675036,415454049229,894430,INR,2026-05-31T05:47:35.651Z,KOTAK,ORD-AE9BB191F214,SETTLED
KOTAK202606046079845,127566361318,1522975,INR,2026-06-04T04:47:35.651Z,KOTAK,ORD-EAB1392112CD,SETTLED
KOTAK202606046024589,232612435366,902801,INR,2026-06-04T04:47:35.651Z,KOTAK,ORD-E21155334396,SETTLED
KOTAK202606043493291,696715265663,931182,INR,2026-06-03T07:47:35.651Z,KOTAK,ORD-49D8F6E4B82A,PENDING
KOTAK202606049765324,684345409156,271526,INR,2026-06-01T09:47:35.651Z,KOTAK,ORD-6D59A6441839,SETTLED
KOTAK202606041556835,675292481804,377168,INR,2026-05-29T08:47:35.651Z,KOTAK,ORD-856CB70FCA79,SETTLED
KOTAK202606046643242,412685402598,1465207,INR,2026-05-30T10:47:35.651Z,KOTAK,ORD-AB45EFD8F453,SETTLED
KOTAK202606043619824,033984101342,3584112,INR,2026-05-28T21:47:35.651Z,KOTAK,ORD-99E454160FD5,SETTLED
KOTAK202606047746525,544986513747,2970993,INR,2026-05-30T07:47:35.651Z,KOTAK,ORD-DC5AF3FD80DF,SETTLED
KOTAK202606043261260,878170171791,1509437,INR,2026-06-04T15:47:35.651Z,KOTAK,ORD-2FF5EBFACF73,SETTLED
KOTAK202606041250731,726307450050,4760764,INR,2026-06-04T13:47:35.651Z,KOTAK,ORD-937C2DA3FA45,SETTLED
KOTAK202606045279080,707194202348,1914425,INR,2026-05-31T11:47:35.651Z,KOTAK,ORD-2865E3DF14F6,SETTLED
KOTAK202606046391961,640511929177,4878326,INR,2026-06-03T14:47:35.651Z,KOTAK,ORD-F2FF52F7160C,SETTLED
KOTAK202606043526296,800533637659,4827385,INR,2026-06-03T14:47:35.651Z,KOTAK,ORD-B35EE2DFA9A4,SETTLED
KOTAK202606048990495,160827996872,1519511,INR,2026-05-29T17:47:35.651Z,KOTAK,ORD-E8B80D0B449B,SETTLED
KOTAK202606040688591,870394993545,1318830,INR,2026-06-01T15:47:35.651Z,KOTAK,ORD-2A27EC2D3EE5,SETTLED
KOTAK202606045221678,822266749988,3222311,INR,2026-05-30T17:47:35.651Z,KOTAK,ORD-2E126C2B02B5,SETTLED
KOTAK202606043474141,518295980661,2553361,INR,2026-05-29T21:47:35.651Z,KOTAK,ORD-813F264814C6,SETTLED
KOTAK202606049665184,301871239168,4477295,INR,2026-05-29T02:47:35.651Z,KOTAK,ORD-17E9CBC2E850,PENDING
KOTAK202606049377983,598177482378,3780421,INR,2026-05-29T17:47:35.651Z,KOTAK,ORD-346A2E38CF6A,SETTLED
KOTAK202606047133237,049451112881,4595797,INR,2026-06-01T17:47:35.651Z,KOTAK,ORD-9E109DE848E9,SETTLED
KOTAK202606047980499,377814943190,887957,INR,2026-05-29T22:47:35.651Z,KOTAK,ORD-2394119B535F,SETTLED
KOTAK202606043166435,384033018054,4619215,INR,2026-06-01T06:47:35.651Z,KOTAK,ORD-76A98306FD0F,SETTLED
KOTAK202606048196114,117040691543,2003998,INR,2026-06-04T09:47:35.651Z,KOTAK,ORD-EB78FE61BA59,SETTLED
KOTAK202606048060041,224208176932,2555134,INR,2026-06-01T07:47:35.651Z,KOTAK,ORD-DAF4850D1167,SETTLED
KOTAK202606048001541,838717272087,4320213,INR,2026-05-31T06:47:35.651Z,KOTAK,ORD-E9AB4CDBF3A7,SETTLED
KOTAK202606043164623,143764447757,2606942,INR,2026-05-29T14:47:35.651Z,KOTAK,ORD-3EA57DE001FE,SETTLED
KOTAK202606046116039,365311641790,1562372,INR,2026-05-29T05:47:35.651Z,KOTAK,ORD-3F32F163334B,SETTLED
KOTAK202606047115331,552190311673,1524179,INR,2026-06-04T04:47:35.651Z,KOTAK,ORD-6DD2F12CA79A,SETTLED
KOTAK202606048543418,507574899142,4627920,INR,2026-05-30T14:47:35.651Z,KOTAK,ORD-9CB06DE91330,SETTLED
KOTAK202606049252307,254800927298,3097110,INR,2026-05-30T02:47:35.651Z,KOTAK,ORD-38F6F20E5C82,SETTLED
KOTAK202606044095906,222694509535,3125823,INR,2026-06-03T11:47:35.651Z,KOTAK,ORD-816A9B4E82EA,SETTLED
KOTAK202606041468512,004096624835,3223772,INR,2026-06-02T08:47:35.651Z,KOTAK,ORD-4FE69A067424,SETTLED
KOTAK202606044319161,427556336897,4191708,INR,2026-05-31T16:47:35.651Z,KOTAK,ORD-6EF08D38C7C8,SETTLED
KOTAK202606043319289,865004665891,1468009,INR,2026-06-01T08:47:35.651Z,KOTAK,ORD-62C474CC57C2,SETTLED
KOTAK202606048376986,431544139678,2850655,INR,2026-06-01T20:47:35.651Z,KOTAK,ORD-85DAD8942030,SETTLED
KOTAK202606049100524,987520799753,4613810,INR,2026-06-02T23:47:35.651Z,KOTAK,ORD-BB070C9FDC3A,SETTLED
KOTAK202606046646671,777894494055,4630340,INR,2026-05-31T20:47:35.651Z,KOTAK,ORD-204EF3A08489,SETTLED
KOTAK202606042334369,136821004796,124457,INR,2026-05-31T05:47:35.651Z,KOTAK,ORD-1144F148BDE2,SETTLED
KOTAK202606043834397,052199800726,1030599,INR,2026-05-29T13:47:35.651Z,KOTAK,ORD-F8087EFE799E,SETTLED
KOTAK202606046763081,963530132287,2403670,INR,2026-06-01T11:47:35.651Z,KOTAK,ORD-0FFF3E0BD2E9,SETTLED
KOTAK202606044859545,527045737087,2866225,INR,2026-05-31T01:47:35.651Z,KOTAK,ORD-95DC64F34D72,SETTLED
KOTAK202606046495493,324780927470,1779960,INR,2026-05-28T23:47:35.651Z,KOTAK,ORD-CF6810BE9791,SETTLED
KOTAK202606046104795,257080795816,1357959,INR,2026-06-02T05:47:35.651Z,KOTAK,ORD-CF13BAF09C83,SETTLED
KOTAK202606041780652,865709704232,1445130,INR,2026-05-30T12:47:35.651Z,KOTAK,ORD-1A9339D9715B,SETTLED
KOTAK202606046125521,196038818091,1040592,INR,2026-06-03T19:47:35.651Z,KOTAK,ORD-FAA504AC1A52,SETTLED
KOTAK202606041625486,372279591354,115742,INR,2026-05-30T13:47:35.651Z,KOTAK,ORD-954121DA51D3,SETTLED
KOTAK202606048131784,050904008728,678436,INR,2026-06-01T16:47:35.651Z,KOTAK,ORD-3AE84BC6653B,SETTLED
KOTAK202606044768952,711154740164,3646783,INR,2026-05-28T21:47:35.651Z,KOTAK,ORD-4AE4A9B0B4A3,SETTLED
KOTAK202606046634582,220946595787,2305621,INR,2026-05-30T21:47:35.651Z,KOTAK,ORD-5298439872CE,SETTLED
KOTAK202606046164328,437628563047,935777,INR,2026-06-02T07:47:35.651Z,KOTAK,ORD-8CC3D4E4F288,SETTLED
KOTAK202606048172788,756823433745,247724,INR,2026-06-04T01:47:35.651Z,KOTAK,ORD-99F81DF8EC09,SETTLED
KOTAK202606048915085,995517597430,500805,INR,2026-06-02T17:47:35.651Z,KOTAK,ORD-21C32134D731,SETTLED
KOTAK202606046689292,350432841171,1490223,INR,2026-05-29T17:47:35.651Z,KOTAK,ORD-7056E202C150,SETTLED
KOTAK202606044861710,152360188761,3946086,INR,2026-06-01T03:47:35.651Z,KOTAK,ORD-C08F87A8F51D,SETTLED
KOTAK202606041867819,207261041411,2200709,INR,2026-05-30T00:47:35.651Z,KOTAK,ORD-41CB0367C0F1,SETTLED
KOTAK202606045503689,140988118012,4659626,INR,2026-06-04T09:47:35.651Z,KOTAK,ORD-E5C134E1AA36,SETTLED
KOTAK202606048300937,982364134697,4733237,INR,2026-05-31T23:47:35.651Z,KOTAK,ORD-A60059F3E258,SETTLED
KOTAK202606046418027,720179245782,4295059,INR,2026-06-02T17:47:35.651Z,KOTAK,ORD-8CDD74A82047,SETTLED
KOTAK202606046152957,391905339788,3740213,INR,2026-06-02T02:47:35.651Z,KOTAK,ORD-E4E4C6436B7A,SETTLED
KOTAK202606045433280,674745769355,1312374,INR,2026-05-28T23:47:35.651Z,KOTAK,ORD-2219BD05C6A1,SETTLED
KOTAK202606043525921,546461411948,439254,INR,2026-06-02T00:47:35.651Z,KOTAK,ORD-0BD0572510FF,SETTLED
KOTAK202606048124222,094436659239,795499,INR,2026-05-31T21:47:35.651Z,KOTAK,ORD-55DD86F6C605,SETTLED
KOTAK202606043068540,029681687986,4647614,INR,2026-06-01T14:47:35.651Z,KOTAK,ORD-5554BD6DC99D,SETTLED
KOTAK202606048691729,950416254171,3834444,INR,2026-05-29T23:47:35.651Z,KOTAK,ORD-9C8B27FA3440,SETTLED
KOTAK202606048113407,838873324021,1800172,INR,2026-05-28T19:47:35.652Z,KOTAK,ORD-0E61ED360834,SETTLED
KOTAK202606044474079,835264843718,1036180,INR,2026-06-03T11:47:35.652Z,KOTAK,ORD-69C1DEE87186,SETTLED
KOTAK202606046202491,578402496236,3980337,INR,2026-05-29T03:47:35.652Z,KOTAK,ORD-C93A7F9D1D3C,SETTLED
KOTAK202606044519819,399731213908,2778283,INR,2026-06-01T15:47:35.652Z,KOTAK,ORD-87E038D5B5E4,SETTLED
KOTAK202606046063648,000404356999,2165708,INR,2026-05-28T19:47:35.652Z,KOTAK,ORD-8B429564F835,SETTLED
KOTAK202606040614699,259767168239,868821,INR,2026-05-31T23:47:35.652Z,KOTAK,ORD-B6D31FCD18FA,SETTLED
KOTAK202606049567474,483456591557,3296488,INR,2026-05-29T03:47:35.652Z,KOTAK,ORD-D162D0C48C09,SETTLED
KOTAK202606045824575,665617747799,4607489,INR,2026-06-02T06:47:35.652Z,KOTAK,ORD-D7FB1DC5C3D8,SETTLED
KOTAK202606047209387,915840753405,1733894,INR,2026-06-03T13:47:35.652Z,KOTAK,ORD-C6231EDD2F14,SETTLED
KOTAK202606044044079,734850696867,4209781,INR,2026-06-01T15:47:35.652Z,KOTAK,ORD-20DB0D35BBA0,SETTLED
KOTAK202606048404090,744326526782,3768266,INR,2026-06-03T16:47:35.652Z,KOTAK,ORD-952AA786699E,SETTLED
KOTAK202606047454317,336101100847,4822369,INR,2026-05-30T06:47:35.652Z,KOTAK,ORD-B8F9DAE597B7,SETTLED
KOTAK202606046859820,048957485964,1006398,INR,2026-05-31T19:47:35.652Z,KOTAK,ORD-FE6827141A8B,SETTLED
KOTAK202606046257862,297715868678,4259588,INR,2026-06-03T17:47:35.652Z,KOTAK,ORD-07B4E33F92F5,SETTLED
KOTAK202606044687596,290210156380,821472,INR,2026-05-31T12:47:35.652Z,KOTAK,ORD-8E181B82EAC0,SETTLED
KOTAK202606045376569,076978230456,1710348,INR,2026-05-31T23:47:35.652Z,KOTAK,ORD-1C8F113277CC,SETTLED
KOTAK202606041552054,509798694516,3613324,INR,2026-05-31T02:47:35.652Z,KOTAK,ORD-9FF00D82BC89,SETTLED
KOTAK202606047697629,298481221068,1009675,INR,2026-06-01T02:47:35.652Z,KOTAK,ORD-3922B496DC32,SETTLED
KOTAK202606043575490,060690195489,2275310,INR,2026-05-31T05:47:35.652Z,KOTAK,ORD-92CF2DCFC537,SETTLED
KOTAK202606040300207,957100067445,2843419,INR,2026-06-02T01:47:35.652Z,KOTAK,ORD-DD12BDBDDE79,SETTLED
KOTAK202606043999414,197610473689,16581,INR,2026-05-30T23:47:35.652Z,KOTAK,ORD-BB378B9B227C,SETTLED
KOTAK202606044887411,472262769296,2384803,INR,2026-05-30T12:47:35.652Z,KOTAK,ORD-2AB0C8B604DC,SETTLED
KOTAK202606047682724,720261428692,1360660,INR,2026-06-04T13:47:35.652Z,KOTAK,ORD-CDA5312DDCA4,SETTLED
KOTAK202606047500284,920636159888,150288,INR,2026-05-31T02:47:35.652Z,KOTAK,ORD-23429408E158,SETTLED
KOTAK202606049538825,130795598667,3979630,INR,2026-05-31T06:47:35.652Z,KOTAK,ORD-D9E50E76C807,SETTLED
KOTAK202606046211062,401362452693,1270504,INR,2026-05-30T15:47:35.652Z,KOTAK,ORD-47DC0909E240,SETTLED
KOTAK202606049358756,484970085743,3269564,INR,2026-05-31T21:47:35.652Z,KOTAK,ORD-86A42713E484,SETTLED
KOTAK202606047119835,066938484636,1050518,INR,2026-06-01T14:47:35.652Z,KOTAK,ORD-F21C8B85F129,SETTLED
KOTAK202606043417644,528243660686,854307,INR,2026-06-04T09:47:35.652Z,KOTAK,ORD-E3E3E422079E,SETTLED
KOTAK202606040863036,792716973098,4590434,INR,2026-06-03T18:47:35.652Z,KOTAK,ORD-E4CAB2D0D3E1,SETTLED
KOTAK202606048463500,322214987367,89201,INR,2026-06-03T02:47:35.652Z,KOTAK,ORD-1BAD833D4030,SETTLED
KOTAK202606046767087,988528314520,1052507,INR,2026-05-30T02:47:35.652Z,KOTAK,ORD-2E09D085D2BB,PENDING
KOTAK202606043166069,103186046272,2570496,INR,2026-05-29T13:47:35.652Z,KOTAK,ORD-6817A5D6C0BE,SETTLED
KOTAK202606043174921,574696595129,1490967,INR,2026-06-03T20:47:35.652Z,KOTAK,ORD-2A76A92DDB46,SETTLED
KOTAK202606043447674,294551329263,4199551,INR,2026-06-03T23:47:35.652Z,KOTAK,ORD-0448748483C1,SETTLED
KOTAK202606046257028,617767127615,3140204,INR,2026-05-29T05:47:35.652Z,KOTAK,ORD-ED5AB393D1EC,SETTLED
KOTAK202606044798575,673084390942,4637786,INR,2026-05-29T11:47:35.652Z,KOTAK,ORD-63C36CB0CC4F,SETTLED
KOTAK202606045391070,946449923128,1770202,INR,2026-06-02T22:47:35.652Z,KOTAK,ORD-86266C6EA1D0,SETTLED
KOTAK202606043656302,504489919928,4464903,INR,2026-05-31T07:47:35.652Z,KOTAK,ORD-168F511285D1,SETTLED
KOTAK202606041363456,198886735318,133489,INR,2026-05-31T20:47:35.652Z,KOTAK,ORD-09657E03A40F,SETTLED
KOTAK202606042424603,149912077964,121374,INR,2026-05-30T22:47:35.652Z,KOTAK,ORD-209C5CE55A22,SETTLED
KOTAK202606040800123,769404491405,4849282,INR,2026-05-31T08:47:35.652Z,KOTAK,ORD-FDFF53A8EABD,SETTLED
KOTAK202606042423818,231814203985,4411677,INR,2026-05-28T20:47:35.652Z,KOTAK,ORD-FD5566A0EB8B,SETTLED
KOTAK202606049205282,291322360134,1053190,INR,2026-06-03T01:47:35.652Z,KOTAK,ORD-978345FC7083,SETTLED
KOTAK202606046357905,835665102307,1995492,INR,2026-06-03T08:47:35.652Z,KOTAK,ORD-64359E07470F,SETTLED
KOTAK202606042464619,887867832505,3076557,INR,2026-06-04T06:47:35.652Z,KOTAK,ORD-9E28826B9C87,SETTLED
KOTAK202606042454874,021817226976,2439994,INR,2026-06-03T05:47:35.652Z,KOTAK,ORD-88532E65F69A,SETTLED
KOTAK202606045101652,009659897069,3922059,INR,2026-06-01T04:47:35.652Z,KOTAK,ORD-BAC354D2007E,PENDING
KOTAK202606045759486,583940986196,3887634,INR,2026-05-29T04:47:35.652Z,KOTAK,ORD-FDF73D75AB7C,SETTLED
KOTAK202606048038126,329104421977,61210,INR,2026-05-31T22:47:35.652Z,KOTAK,ORD-1E9878ADD9E6,SETTLED
KOTAK202606047131846,633275330372,972513,INR,2026-06-01T08:47:35.652Z,KOTAK,ORD-387B3F0C8AD3,PENDING
KOTAK202606048447166,345833246439,1072848,INR,2026-05-31T19:47:35.652Z,KOTAK,ORD-F59459BC4CC1,SETTLED
KOTAK202606046575886,852008457378,4387601,INR,2026-06-03T02:47:35.652Z,KOTAK,ORD-97730F57E505,SETTLED
KOTAK202606049663740,035867570433,2461188,INR,2026-06-02T20:47:35.652Z,KOTAK,ORD-EB0DB25128C5,SETTLED
KOTAK202606041681902,000391246004,666583,INR,2026-06-02T12:47:35.652Z,KOTAK,ORD-4FC0E535B4DB,SETTLED
KOTAK202606049471726,162119449548,1263865,INR,2026-06-02T07:47:35.652Z,KOTAK,ORD-A108E2837D19,SETTLED
KOTAK202606041199039,705138367513,3946626,INR,2026-06-04T06:47:35.652Z,KOTAK,ORD-29DF2BD1794E,SETTLED
KOTAK202606042619591,937687430105,4138963,INR,2026-06-03T19:47:35.652Z,KOTAK,ORD-7E05E58495C5,PENDING
KOTAK202606045400422,638091581533,2279026,INR,2026-05-29T21:47:35.652Z,KOTAK,ORD-18CA9F7C44B9,SETTLED
KOTAK202606049389501,818873352808,1048516,INR,2026-06-03T04:47:35.652Z,KOTAK,ORD-EDADC07AD1F4,SETTLED
KOTAK202606045364100,778809965261,127582,INR,2026-05-29T22:47:35.652Z,KOTAK,ORD-CB64D6C9B003,SETTLED
KOTAK202606040511363,210340644423,2987088,INR,2026-05-31T10:47:35.652Z,KOTAK,ORD-0944EEC03C2A,PENDING
KOTAK202606047147126,580080290845,1192517,INR,2026-05-29T11:47:35.652Z,KOTAK,ORD-AD6EB470E998,SETTLED
KOTAK202606045594072,453750926214,4643208,INR,2026-05-30T23:47:35.652Z,KOTAK,ORD-43B707247A26,SETTLED
KOTAK202606048164520,209815434114,4857011,INR,2026-06-01T05:47:35.652Z,KOTAK,ORD-A4313D140688,SETTLED
KOTAK202606044301297,460982279058,192879,INR,2026-05-30T23:47:35.652Z,KOTAK,ORD-6A3EFCFB1C73,SETTLED
KOTAK202606045382976,947909388462,3536773,INR,2026-05-30T22:47:35.652Z,KOTAK,ORD-82AC7D977F95,SETTLED
KOTAK202606041755117,715462009407,4733804,INR,2026-06-03T07:47:35.652Z,KOTAK,ORD-838F84DACEE9,SETTLED
KOTAK202606041130067,993778331103,2505733,INR,2026-05-29T14:47:35.652Z,KOTAK,ORD-E2C4B1A33306,SETTLED
KOTAK202606049260842,326076617052,1584342,INR,2026-06-02T22:47:35.652Z,KOTAK,ORD-3E4AB7BF1AC5,SETTLED
KOTAK202606042079788,057815421843,1144717,INR,2026-06-04T04:47:35.652Z,KOTAK,ORD-6979CEC8A42B,SETTLED
KOTAK202606041301623,580079482962,2989559,INR,2026-05-31T21:47:35.652Z,KOTAK,ORD-635D26DC71CB,SETTLED
KOTAK202606040172924,696340896278,284815,INR,2026-06-04T01:47:35.652Z,KOTAK,ORD-9C99ACC1D8CE,SETTLED
KOTAK202606045429384,069496791732,3182253,INR,2026-05-30T10:47:35.652Z,KOTAK,ORD-BF07C4FE5070,SETTLED
KOTAK202606044782491,010581181955,1481782,INR,2026-06-01T12:47:35.652Z,KOTAK,ORD-070C9D3A9459,SETTLED
KOTAK202606046307125,240645311416,2206732,INR,2026-05-29T16:47:35.652Z,KOTAK,ORD-A30952158F61,SETTLED
KOTAK202606040159588,316004634788,4484920,INR,2026-05-29T05:47:35.652Z,KOTAK,ORD-ABD60BEA1726,SETTLED
KOTAK202606041207248,240423713898,3660790,INR,2026-05-30T08:47:35.652Z,KOTAK,ORD-CD21E31DF8AB,SETTLED
KOTAK202606048725974,200389685893,2596949,INR,2026-05-31T13:47:35.652Z,KOTAK,ORD-E53B8319DF84,SETTLED
KOTAK202606040956041,857832810550,266002,INR,2026-06-01T07:47:35.652Z,KOTAK,ORD-F892E7E5E53D,SETTLED
KOTAK202606041946554,309563936335,1282907,INR,2026-06-02T02:47:35.652Z,KOTAK,ORD-491B983034C7,SETTLED
KOTAK202606045103157,984399925894,441273,INR,2026-06-04T01:47:35.652Z,KOTAK,ORD-687A5179FD2D,SETTLED
KOTAK202606044006418,736547149926,2543362,INR,2026-06-01T03:47:35.652Z,KOTAK,ORD-B24D356456AB,SETTLED
KOTAK202606046834676,735584081498,2597899,INR,2026-05-29T18:47:35.652Z,KOTAK,ORD-7EB53820A017,SETTLED
KOTAK202606043139377,146128489319,182573,INR,2026-05-30T00:47:35.652Z,KOTAK,ORD-787C64A44102,SETTLED
KOTAK202606044932651,791561455599,4548461,INR,2026-06-03T04:47:35.652Z,KOTAK,ORD-0452A2C3DCB4,PENDING
KOTAK202606043091169,126430086704,2508117,INR,2026-06-03T10:47:35.652Z,KOTAK,ORD-3BC93338CF7C,SETTLED
KOTAK202606043413569,476874185624,329138,INR,2026-06-01T13:47:35.652Z,KOTAK,ORD-8D2E5F7457F7,SETTLED
KOTAK202606043251933,862179101874,3026282,INR,2026-06-03T07:47:35.652Z,KOTAK,ORD-4CFB35B78E43,PENDING
KOTAK202606042840591,325267685158,1413794,INR,2026-05-29T07:47:35.652Z,KOTAK,ORD-5BFE8C9A8A9A,SETTLED
KOTAK202606045319914,063640743421,16843,INR,2026-06-02T23:47:35.652Z,KOTAK,ORD-9FCDC671C6C4,SETTLED
KOTAK202606041318682,187518260648,3483790,INR,2026-06-04T16:47:35.652Z,KOTAK,ORD-333C13F15123,SETTLED
KOTAK202606044003463,443608449075,4332363,INR,2026-06-02T05:47:35.652Z,KOTAK,ORD-CD905EC6CE11,SETTLED
KOTAK202606049614062,778622558258,38603,INR,2026-05-30T05:47:35.652Z,KOTAK,ORD-EB8EB242DA75,SETTLED
KOTAK202606048193734,638301745045,3698278,INR,2026-05-30T17:47:35.652Z,KOTAK,ORD-67398C18CF07,SETTLED
KOTAK202606046775980,288778672733,1826740,INR,2026-05-30T01:47:35.652Z,KOTAK,ORD-A9133F3B49CA,SETTLED
KOTAK202606041156071,264214242207,3685022,INR,2026-05-28T22:47:35.652Z,KOTAK,ORD-36443FAC6A20,SETTLED
KOTAK202606048457919,369189151049,4209219,INR,2026-06-01T12:47:35.652Z,KOTAK,ORD-0256BF84F18C,SETTLED
KOTAK202606049516458,898495039116,1326946,INR,2026-05-28T22:47:35.652Z,KOTAK,ORD-147BB7F99F9A,SETTLED
KOTAK202606049714201,457564709793,2967746,INR,2026-05-31T10:47:35.652Z,KOTAK,ORD-926C7DB03347,SETTLED
KOTAK202606041849516,178339434887,1281481,INR,2026-06-04T14:47:35.652Z,KOTAK,ORD-AB64350F883A,SETTLED
KOTAK202606044716621,622367899277,1729255,INR,2026-05-29T20:47:35.652Z,KOTAK,ORD-36D0376A6A81,SETTLED
KOTAK202606045986538,692148680763,2476125,INR,2026-05-31T22:47:35.652Z,KOTAK,ORD-F1689C1BEEE2,SETTLED
KOTAK202606044084492,047329555323,2865943,INR,2026-05-30T21:47:35.652Z,KOTAK,ORD-C14F04AE1027,SETTLED
KOTAK202606047777911,497584857802,105253,INR,2026-05-31T22:47:35.652Z,KOTAK,ORD-29C113588EA8,SETTLED
KOTAK202606044056788,111322006739,2395252,INR,2026-05-29T21:47:35.652Z,KOTAK,ORD-580FC3194F05,SETTLED
KOTAK202606045385658,463571097018,1761459,INR,2026-06-03T07:47:35.652Z,KOTAK,ORD-0506305E0288,SETTLED
KOTAK202606046839068,104608060448,3156859,INR,2026-05-30T01:47:35.652Z,KOTAK,ORD-3F85E137F325,SETTLED
KOTAK202606049694530,238371568791,4362238,INR,2026-06-03T11:47:35.652Z,KOTAK,ORD-23244988A5F0,SETTLED
KOTAK202606043083541,129898565222,293604,INR,2026-05-29T23:47:35.652Z,KOTAK,ORD-9BA4AAD34884,SETTLED
KOTAK202606049842604,757544739609,3314128,INR,2026-06-01T17:47:35.652Z,KOTAK,ORD-C113C8C1C41D,SETTLED
KOTAK202606044749649,418495419943,4657727,INR,2026-05-28T18:47:35.652Z,KOTAK,ORD-2F7A92E93AB1,SETTLED
KOTAK202606049585338,213047280415,2719057,INR,2026-06-02T18:47:35.652Z,KOTAK,ORD-80A228CA0A9C,SETTLED
KOTAK202606047433072,813395689046,86481,INR,2026-06-01T14:47:35.652Z,KOTAK,ORD-67DDD2AC2121,SETTLED
KOTAK202606046946357,348834826527,1381038,INR,2026-06-04T11:47:35.652Z,KOTAK,ORD-B7DCEF840F3B,SETTLED
KOTAK202606040032341,445811991882,1001350,INR,2026-05-31T01:47:35.652Z,KOTAK,ORD-8C92D1495D1B,SETTLED
KOTAK202606047249028,832233719886,1745887,INR,2026-05-31T17:47:35.652Z,KOTAK,ORD-2DC8E7047BF0,SETTLED
KOTAK202606046150369,122451266096,1715232,INR,2026-05-28T18:47:35.652Z,KOTAK,ORD-CA92C5ECEEB8,SETTLED
KOTAK202606040470578,910074555930,680646,INR,2026-06-01T21:47:35.652Z,KOTAK,ORD-7E822BDB901B,SETTLED
KOTAK202606048539195,440014694366,4926358,INR,2026-05-29T14:47:35.652Z,KOTAK,ORD-D32A4B74C81A,SETTLED
KOTAK202606042026127,893049019497,4891775,INR,2026-06-03T05:47:35.652Z,KOTAK,ORD-EBE636C58558,SETTLED
KOTAK202606049281550,092375351845,2370645,INR,2026-06-02T13:47:35.652Z,KOTAK,ORD-420E78416FD9,SETTLED
KOTAK202606047850923,902483931905,4770101,INR,2026-06-03T12:47:35.652Z,KOTAK,ORD-CFB1650BF419,SETTLED
KOTAK202606044005907,010696216321,921950,INR,2026-06-02T00:47:35.652Z,KOTAK,ORD-A74680D405EE,SETTLED
KOTAK202606049344971,693333701087,4686132,INR,2026-06-04T09:47:35.652Z,KOTAK,ORD-DC0A1B230026,SETTLED
KOTAK202606045908614,310106366856,3153727,INR,2026-06-01T09:47:35.652Z,KOTAK,ORD-FA4F3FEEA99C,PENDING
KOTAK202606049250378,367592537842,2526262,INR,2026-06-01T05:47:35.652Z,KOTAK,ORD-B813DF27C7B9,SETTLED
KOTAK202606040956275,662847056136,2102077,INR,2026-05-30T10:47:35.652Z,KOTAK,ORD-EA27EA623BDA,SETTLED
KOTAK202606049170440,205537513029,831304,INR,2026-06-04T05:47:35.652Z,KOTAK,ORD-E4C27268DD0D,SETTLED
KOTAK202606049819835,762413922573,1817825,INR,2026-05-29T21:47:35.652Z,KOTAK,ORD-FCF7FE70D4EB,SETTLED
KOTAK202606041599189,074091599450,2735821,INR,2026-06-02T18:47:35.652Z,KOTAK,ORD-F7C54BF95178,SETTLED
KOTAK202606045015287,634621966721,3142861,INR,2026-06-02T05:47:35.652Z,KOTAK,ORD-78639A9F40BD,SETTLED
KOTAK202606048464840,692474683503,475718,INR,2026-06-01T16:47:35.652Z,KOTAK,ORD-7FE56B3158EB,SETTLED
KOTAK202606046310033,798931621807,489520,INR,2026-06-03T07:47:35.652Z,KOTAK,ORD-0618A5A8BCE2,SETTLED
KOTAK202606044542121,402898000329,1975199,INR,2026-06-02T17:47:35.652Z,KOTAK,ORD-C7B7A1C89D0B,SETTLED
KOTAK202606047892653,101455293502,1525717,INR,2026-06-03T23:47:35.652Z,KOTAK,ORD-BC176E44FF8C,SETTLED
KOTAK202606046176294,872598502446,4363454,INR,2026-06-03T22:47:35.652Z,KOTAK,ORD-7755B796942E,SETTLED
KOTAK202606049483368,577676372581,3918807,INR,2026-06-04T05:47:35.652Z,KOTAK,ORD-58304FE49F99,SETTLED
KOTAK202606045680174,162919217628,4866903,INR,2026-05-29T12:47:35.652Z,KOTAK,ORD-3CFE1301F1AC,SETTLED
KOTAK202606040339386,048531128910,3417945,INR,2026-06-01T15:47:35.652Z,KOTAK,ORD-B0362F68AEA4,SETTLED
KOTAK202606044842007,302831427294,4866597,INR,2026-05-30T20:47:35.652Z,KOTAK,ORD-9C9DEDF99D35,SETTLED
KOTAK202606047064638,085703864762,3828253,INR,2026-06-02T16:47:35.652Z,KOTAK,ORD-F7E40C188659,SETTLED
KOTAK202606049188493,653304499173,1000564,INR,2026-06-01T04:47:35.652Z,KOTAK,ORD-0625B67E90EC,SETTLED
KOTAK202606045225322,491257982422,3642881,INR,2026-06-01T19:47:35.653Z,KOTAK,ORD-C9F0650C5406,SETTLED
KOTAK202606047116402,196918015788,184148,INR,2026-05-29T09:47:35.653Z,KOTAK,ORD-1403EE285350,SETTLED
KOTAK202606048350262,275653474142,456411,INR,2026-06-01T23:47:35.653Z,KOTAK,ORD-7C712B31DBA5,SETTLED
KOTAK202606046056066,172881010989,3899269,INR,2026-06-03T19:47:35.653Z,KOTAK,ORD-F6AFCB9C1EB8,SETTLED
KOTAK202606048949951,668668850910,2892462,INR,2026-06-03T08:47:35.653Z,KOTAK,ORD-300A25E8BC7F,SETTLED
KOTAK202606048190666,938146122088,1619518,INR,2026-06-02T03:47:35.653Z,KOTAK,ORD-00B6ED38FFDB,SETTLED
KOTAK202606046509886,901537249049,4665782,INR,2026-06-02T12:47:35.653Z,KOTAK,ORD-57CA8DDEF12E,SETTLED
KOTAK202606049555959,661397579092,3168332,INR,2026-05-29T02:47:35.653Z,KOTAK,ORD-DBD24C3EBE0B,SETTLED
KOTAK202606040155847,631725722672,240599,INR,2026-05-29T10:47:35.653Z,KOTAK,ORD-4F8F7891F66A,SETTLED
KOTAK202606046189809,470523371159,886784,INR,2026-05-29T15:47:35.653Z,KOTAK,ORD-BF0F9E3ED57F,SETTLED
KOTAK202606040424940,003526229735,89007,INR,2026-06-04T16:47:35.653Z,KOTAK,ORD-1E8E433C0E70,SETTLED
KOTAK202606041237268,094448119058,4910699,INR,2026-05-29T10:47:35.653Z,KOTAK,ORD-CFC0AF4037B8,SETTLED
KOTAK202606047642343,935964837318,184221,INR,2026-06-01T01:47:35.653Z,KOTAK,ORD-445DE4B4F3BE,SETTLED
KOTAK202606040720817,318677769378,1377756,INR,2026-06-01T17:47:35.653Z,KOTAK,ORD-EF61E613D427,SETTLED
KOTAK202606049894666,616328987783,4926855,INR,2026-06-03T13:47:35.653Z,KOTAK,ORD-BD8F913D4ACE,SETTLED
KOTAK202606045694618,951877750463,3257798,INR,2026-05-30T17:47:35.653Z,KOTAK,ORD-17729B9A2EC3,SETTLED
KOTAK202606048494598,496563340960,3020954,INR,2026-06-01T02:47:35.653Z,KOTAK,ORD-E9EDD67BADFE,SETTLED
KOTAK202606048532821,979468209038,1579531,INR,2026-06-04T17:47:35.653Z,KOTAK,ORD-C9B8B03D63BE,SETTLED
KOTAK202606046583797,222520924002,1024752,INR,2026-06-03T05:47:35.653Z,KOTAK,ORD-EACD6BDCAFBD,SETTLED
KOTAK202606047817916,658380659212,2016256,INR,2026-06-01T11:47:35.653Z,KOTAK,ORD-870BC5A51360,SETTLED
KOTAK202606041893940,961570746478,1050923,INR,2026-06-01T04:47:35.653Z,KOTAK,ORD-0AC300C5EB30,SETTLED
KOTAK202606049680746,516870103118,2926965,INR,2026-05-31T12:47:35.653Z,KOTAK,ORD-74F72088534C,SETTLED
KOTAK202606040867422,950266396566,2343105,INR,2026-06-01T20:47:35.653Z,KOTAK,ORD-BE3E1BF96A81,PENDING
KOTAK202606047634870,386850910146,2063200,INR,2026-05-31T02:47:35.653Z,KOTAK,ORD-F931BD8C4E1E,SETTLED
KOTAK202606042659235,321359756282,1424358,INR,2026-06-03T21:47:35.653Z,KOTAK,ORD-B2257E34BA00,SETTLED
KOTAK202606040264890,768080545558,1787727,INR,2026-05-29T07:47:35.653Z,KOTAK,ORD-0D762A9EB5A2,SETTLED
KOTAK202606041162528,490031800572,1850365,INR,2026-05-31T17:47:35.653Z,KOTAK,ORD-3C0F25F0D823,SETTLED
KOTAK202606040711863,828276954085,1278171,INR,2026-05-30T20:47:35.653Z,KOTAK,ORD-6395F2098090,SETTLED
KOTAK202606042216773,269536304863,1192796,INR,2026-05-29T02:47:35.653Z,KOTAK,ORD-36333DE6F4AF,SETTLED
KOTAK202606049033926,112678561518,2119554,INR,2026-05-29T18:47:35.653Z,KOTAK,ORD-17F0214712EB,SETTLED
KOTAK202606041161479,546464760387,2140377,INR,2026-06-04T12:47:35.653Z,KOTAK,ORD-950B58D0EB3C,SETTLED
KOTAK202606046280224,213612598744,3563889,INR,2026-06-01T18:47:35.653Z,KOTAK,ORD-00632A1C0D3B,SETTLED
KOTAK202606041272298,227038597418,533867,INR,2026-05-30T22:47:35.653Z,KOTAK,ORD-043F5E3503BB,SETTLED
KOTAK202606041437104,546983023445,1563889,INR,2026-06-02T11:47:35.653Z,KOTAK,ORD-670C48D62209,SETTLED
KOTAK202606041915989,922308569775,4404880,INR,2026-05-29T21:47:35.653Z,KOTAK,ORD-5436A9104FA9,SETTLED
KOTAK202606041392880,177990894441,4103174,INR,2026-05-31T04:47:35.653Z,KOTAK,ORD-320DAC8D4244,SETTLED
KOTAK202606042386765,989545497894,3794997,INR,2026-06-02T01:47:35.653Z,KOTAK,ORD-43D284FB37D6,SETTLED
KOTAK202606048457115,411385488756,1455065,INR,2026-06-01T18:47:35.653Z,KOTAK,ORD-FE5C64CEA2A3,SETTLED
KOTAK202606048325910,878304794177,193228,INR,2026-06-04T09:47:35.653Z,KOTAK,ORD-5374AB889225,SETTLED
KOTAK202606045929537,212144058270,483818,INR,2026-06-04T08:47:35.653Z,KOTAK,ORD-5727AF77DC10,SETTLED
KOTAK202606048045067,952976116937,2831172,INR,2026-06-04T14:47:35.653Z,KOTAK,ORD-4B5148468409,SETTLED
KOTAK202606045713373,694266836329,4944444,INR,2026-05-29T02:47:35.653Z,KOTAK,ORD-D4EEA70B6C79,SETTLED
KOTAK202606041100985,006289779687,442979,INR,2026-06-04T04:47:35.653Z,KOTAK,ORD-F735C0B0D69F,SETTLED
KOTAK202606042823814,406832619275,1988958,INR,2026-05-29T10:47:35.653Z,KOTAK,ORD-C980747B4BCA,SETTLED
KOTAK202606046951154,522218878308,1946444,INR,2026-06-02T20:47:35.653Z,KOTAK,ORD-A12A691B020F,SETTLED
KOTAK202606049443724,665067224141,117463,INR,2026-06-01T13:47:35.653Z,KOTAK,ORD-F68A2326CCA0,PENDING
KOTAK202606045934310,542329083163,4096039,INR,2026-06-03T17:47:35.653Z,KOTAK,ORD-744E6BC321E1,SETTLED
KOTAK202606045442102,269196015714,1314765,INR,2026-06-03T16:47:35.653Z,KOTAK,ORD-7AB4EFA62770,SETTLED
KOTAK202606045217822,997588646018,3382085,INR,2026-06-01T23:47:35.653Z,KOTAK,ORD-9A25B1019DC0,SETTLED
KOTAK202606049990218,030838782280,1290441,INR,2026-06-04T17:47:35.653Z,KOTAK,ORD-07E5FFEAB3FE,SETTLED
KOTAK202606047325491,881577596669,2024532,INR,2026-06-02T07:47:35.653Z,KOTAK,ORD-13A9E5DBF326,SETTLED
KOTAK202606043008869,460807003900,3278875,INR,2026-06-04T09:47:35.653Z,KOTAK,ORD-44427709639E,SETTLED
KOTAK202606048916763,032095380020,3979542,INR,2026-05-30T01:47:35.653Z,KOTAK,ORD-F68E1E50ABBE,SETTLED
KOTAK202606043938924,531378367769,4468476,INR,2026-06-01T00:47:35.653Z,KOTAK,ORD-A3B990E8E870,SETTLED
KOTAK202606049752507,780320133419,2009917,INR,2026-05-31T11:47:35.653Z,KOTAK,ORD-F8207BCF2EAB,SETTLED
KOTAK202606045657181,129361099983,4095702,INR,2026-06-02T14:47:35.653Z,KOTAK,ORD-56818F9AAAF2,SETTLED
KOTAK202606046866095,972063189987,197250,INR,2026-05-30T04:47:35.653Z,KOTAK,ORD-15E125C24994,SETTLED
KOTAK202606049952262,715501327472,3047006,INR,2026-06-04T14:47:35.653Z,KOTAK,ORD-A4EB38CDBD86,SETTLED
KOTAK202606040759243,960637252306,2230633,INR,2026-06-04T10:47:35.653Z,KOTAK,ORD-4AB04B301BA3,SETTLED
KOTAK202606040577124,666153095991,2169426,INR,2026-05-29T06:47:35.653Z,KOTAK,ORD-C56402048452,PENDING
KOTAK202606042514920,048325572835,199254,INR,2026-06-03T04:47:35.653Z,KOTAK,ORD-A168430C9804,SETTLED
KOTAK202606043788420,062899230309,3720436,INR,2026-05-30T05:47:35.653Z,KOTAK,ORD-EE208A3B0B75,SETTLED
KOTAK202606043228324,391357057439,3926437,INR,2026-05-28T22:47:35.653Z,KOTAK,ORD-CBD2502333E0,SETTLED
KOTAK202606041694380,865004741832,2082417,INR,2026-06-01T23:47:35.653Z,KOTAK,ORD-7E05147650C9,SETTLED
KOTAK202606044603413,397123754510,2899118,INR,2026-06-01T03:47:35.653Z,KOTAK,ORD-08B20076E7FB,SETTLED
KOTAK202606045077704,667357434979,2076606,INR,2026-05-28T20:47:35.653Z,KOTAK,ORD-68AF4A75A6D5,SETTLED
KOTAK202606049388196,373392089260,3467251,INR,2026-06-02T04:47:35.653Z,KOTAK,ORD-B49B13D24CA6,SETTLED
KOTAK202606046648558,250892773024,4439323,INR,2026-06-03T18:47:35.653Z,KOTAK,ORD-F2A54AB63D6F,SETTLED
KOTAK202606046196853,983896098793,4439075,INR,2026-05-29T08:47:35.653Z,KOTAK,ORD-77D2664F4B35,SETTLED
KOTAK202606040480431,739781097491,974507,INR,2026-05-29T03:47:35.653Z,KOTAK,ORD-E3E06A181AE8,PENDING
KOTAK202606041642535,582099424368,3288219,INR,2026-05-29T20:47:35.653Z,KOTAK,ORD-5222CEF7172A,SETTLED
KOTAK202606045753415,748497979272,2285677,INR,2026-05-29T02:47:35.653Z,KOTAK,ORD-0E5D9C2CE406,SETTLED
KOTAK202606043872910,015620542015,2593757,INR,2026-05-31T03:47:35.653Z,KOTAK,ORD-4C1FDAF3BE5A,SETTLED
KOTAK202606044650894,263738904423,418560,INR,2026-05-29T02:47:35.653Z,KOTAK,ORD-14DCD3ADB180,SETTLED
KOTAK202606042271274,532510191867,3820619,INR,2026-06-02T18:47:35.653Z,KOTAK,ORD-339E7E80F852,SETTLED
KOTAK202606043891831,970762073852,3968385,INR,2026-06-01T06:47:35.653Z,KOTAK,ORD-E8532C809A9F,SETTLED
KOTAK202606049125950,676794510539,1813418,INR,2026-06-04T14:47:35.653Z,KOTAK,ORD-A676B3DD601E,SETTLED
KOTAK202606049621742,244303790878,1843557,INR,2026-06-01T18:47:35.653Z,KOTAK,ORD-DC0EBF24F6C7,SETTLED
KOTAK202606045254216,704102099729,153469,INR,2026-05-30T16:47:35.653Z,KOTAK,ORD-F6F98A8E413E,SETTLED
KOTAK202606041997571,872738325617,1484116,INR,2026-06-02T07:47:35.653Z,KOTAK,ORD-465D236E9D0E,SETTLED
KOTAK202606049276000,649089166550,4115193,INR,2026-06-03T03:47:35.653Z,KOTAK,ORD-2AFEF032FD54,SETTLED
KOTAK202606046202814,873563543241,982202,INR,2026-05-29T06:47:35.653Z,KOTAK,ORD-663A8A4777B2,SETTLED
KOTAK202606043816985,326508848582,4144965,INR,2026-06-04T04:47:35.653Z,KOTAK,ORD-64F9303CCA92,SETTLED
KOTAK202606047454678,173268540413,692547,INR,2026-05-31T16:47:35.653Z,KOTAK,ORD-68C21EC38310,SETTLED
KOTAK202606045267301,830175975445,4491561,INR,2026-05-30T03:47:35.653Z,KOTAK,ORD-25F0E2DCB0F8,SETTLED
KOTAK202606048060604,255339517786,1467136,INR,2026-06-02T15:47:35.653Z,KOTAK,ORD-B9A8C6572B21,SETTLED
KOTAK202606040005361,769926513556,1428421,INR,2026-06-04T06:47:35.653Z,KOTAK,ORD-9C24009382D7,SETTLED
KOTAK202606041621744,471618547048,3504050,INR,2026-06-03T18:47:35.653Z,KOTAK,ORD-1B7E9A6B8D45,SETTLED
KOTAK202606046663443,989906523062,4839223,INR,2026-05-30T18:47:35.653Z,KOTAK,ORD-D30E66BF67B6,SETTLED
KOTAK202606049271283,355931858368,1610788,INR,2026-06-04T08:47:35.653Z,KOTAK,ORD-5201201C74EA,SETTLED
KOTAK202606041582890,636021324713,840844,INR,2026-06-04T06:47:35.653Z,KOTAK,ORD-F78A5E6282C2,SETTLED
KOTAK202606048032379,360830522403,2912092,INR,2026-06-01T22:47:35.653Z,KOTAK,ORD-C19EED662FD9,SETTLED
KOTAK202606048944908,726471244583,2946062,INR,2026-06-03T04:47:35.653Z,KOTAK,ORD-966D77FAD0B2,SETTLED
KOTAK202606046150042,254734297612,1111604,INR,2026-06-01T03:47:35.653Z,KOTAK,ORD-1AE4BF30FA00,SETTLED
KOTAK202606045859288,494643732622,4809584,INR,2026-05-31T22:47:35.653Z,KOTAK,ORD-DF2F0916978A,SETTLED
KOTAK202606041976189,966078575336,3918623,INR,2026-05-30T04:47:35.653Z,KOTAK,ORD-F076DF5D108C,SETTLED
KOTAK202606048495769,266198068089,3306415,INR,2026-06-04T03:47:35.653Z,KOTAK,ORD-B9E0C7410D72,SETTLED
KOTAK202606044156235,065685956672,360825,INR,2026-06-01T07:47:35.653Z,KOTAK,ORD-48EC8D5B763F,SETTLED
KOTAK202606042823851,874276351354,3922601,INR,2026-06-04T05:47:35.653Z,KOTAK,ORD-C77715EBEFFF,SETTLED
KOTAK202606045869058,447201306584,2205420,INR,2026-06-01T17:47:35.653Z,KOTAK,ORD-5FC42080EE9B,SETTLED
KOTAK202606043821554,427722798950,2037341,INR,2026-06-01T23:47:35.653Z,KOTAK,ORD-FB2B641DFF0C,SETTLED
KOTAK202606048084854,096212450209,648188,INR,2026-05-30T07:47:35.653Z,KOTAK,ORD-63A9525F84AE,SETTLED
KOTAK202606044207179,325331751176,260457,INR,2026-06-01T17:47:35.653Z,KOTAK,ORD-9BF85FA3E701,SETTLED
KOTAK202606046917503,174851341568,3610862,INR,2026-05-30T04:47:35.653Z,KOTAK,ORD-9B93B455D7ED,SETTLED
KOTAK202606048402900,881885161583,832605,INR,2026-06-02T08:47:35.653Z,KOTAK,ORD-BEB312326956,SETTLED
KOTAK202606047681145,621628061675,606491,INR,2026-05-31T15:47:35.653Z,KOTAK,ORD-8841A6A5B6AD,SETTLED
KOTAK202606040267253,763824495290,702654,INR,2026-05-31T17:47:35.653Z,KOTAK,ORD-7F5ED13B15FA,SETTLED
KOTAK202606044030017,311013753760,264437,INR,2026-05-29T22:47:35.653Z,KOTAK,ORD-9C4499ED0B7C,SETTLED
KOTAK202606046382527,051283402853,3044148,INR,2026-06-02T09:47:35.653Z,KOTAK,ORD-84C9231AEB07,SETTLED
KOTAK202606042846343,458090721808,1190953,INR,2026-05-31T22:47:35.653Z,KOTAK,ORD-05E7CA010D6A,SETTLED
KOTAK202606049386601,700837729771,3956200,INR,2026-06-04T09:47:35.653Z,KOTAK,ORD-A508A5EBFFD6,SETTLED
KOTAK202606042301395,189074633942,1436501,INR,2026-06-01T19:47:35.653Z,KOTAK,ORD-66F177ECF887,SETTLED
KOTAK202606049830090,437073817923,2182444,INR,2026-05-31T06:47:35.653Z,KOTAK,ORD-57B64707034F,SETTLED
KOTAK202606044514736,174859276714,1109836,INR,2026-05-31T14:47:35.653Z,KOTAK,ORD-85CF8DF68954,SETTLED
KOTAK202606048632434,762442170709,2602992,INR,2026-05-29T19:47:35.653Z,KOTAK,ORD-416BFAB85C1B,SETTLED
KOTAK202606048127338,758264215654,1265696,INR,2026-06-01T04:47:35.653Z,KOTAK,ORD-6AB91B59E55E,SETTLED
KOTAK202606041918818,449971197349,3087174,INR,2026-05-29T17:47:35.653Z,KOTAK,ORD-A8887DA2AF7F,SETTLED
KOTAK202606042687433,465038381369,866918,INR,2026-05-31T13:47:35.653Z,KOTAK,ORD-48AB7745616A,SETTLED
KOTAK202606043971931,473594510162,1597057,INR,2026-06-02T15:47:35.653Z,KOTAK,ORD-C8EBE8EEC3A8,SETTLED
KOTAK202606045450278,710760732651,3696920,INR,2026-06-02T03:47:35.653Z,KOTAK,ORD-158BC44E6D10,SETTLED
KOTAK202606046497244,313771585086,1024929,INR,2026-06-03T14:47:35.653Z,KOTAK,ORD-5532123F0675,SETTLED
KOTAK202606045665844,476395967375,3344718,INR,2026-05-29T22:47:35.653Z,KOTAK,ORD-205142B1A07B,SETTLED
KOTAK202606041158899,490972362892,1166840,INR,2026-06-02T22:47:35.653Z,KOTAK,ORD-8C54A384BF30,SETTLED
KOTAK202606049991726,746713775271,2359879,INR,2026-05-30T09:47:35.653Z,KOTAK,ORD-E4D5665FEEA1,SETTLED
KOTAK202606042683349,990481877331,3494461,INR,2026-06-03T12:47:35.653Z,KOTAK,ORD-A10C678D514A,SETTLED
KOTAK202606046152848,930082297402,4996062,INR,2026-06-02T00:47:35.653Z,KOTAK,ORD-2D140ECFB262,SETTLED
KOTAK202606049626943,622336682838,3606692,INR,2026-06-01T02:47:35.653Z,KOTAK,ORD-FEB4904F8582,SETTLED
KOTAK202606047750171,399075695631,2876448,INR,2026-06-03T19:47:35.653Z,KOTAK,ORD-7812FA00B64C,SETTLED
KOTAK202606042139513,089366616150,2410505,INR,2026-06-03T07:47:35.653Z,KOTAK,ORD-F7D6B1DD7306,SETTLED
KOTAK202606043135745,797823598062,1410612,INR,2026-06-04T05:47:35.653Z,KOTAK,ORD-3D385D7EB610,SETTLED
KOTAK202606043043001,766918848424,811549,INR,2026-05-29T09:47:35.653Z,KOTAK,ORD-6D97CA77ECED,SETTLED
KOTAK202606047944985,818339013180,3542509,INR,2026-05-31T12:47:35.653Z,KOTAK,ORD-E7F5BFC5D335,SETTLED
KOTAK202606041324428,277905502185,2167663,INR,2026-06-02T00:47:35.653Z,KOTAK,ORD-9D2F5B53ED90,SETTLED
KOTAK202606045442616,936586157393,695813,INR,2026-06-02T20:47:35.653Z,KOTAK,ORD-EBFC7B1742A2,SETTLED
KOTAK202606049593012,469601014215,4491647,INR,2026-06-03T17:47:35.653Z,KOTAK,ORD-86E6C6197B95,SETTLED
KOTAK202606047433395,956892865397,3290148,INR,2026-06-02T14:47:35.653Z,KOTAK,ORD-2CCBE7DE8C5C,SETTLED
KOTAK202606043215413,827394926654,4275067,INR,2026-06-03T20:47:35.653Z,KOTAK,ORD-7A740707EF89,PENDING
KOTAK202606042264513,165847075029,864823,INR,2026-05-29T11:47:35.653Z,KOTAK,ORD-CEE0B3E74596,SETTLED
KOTAK202606046078911,395173602821,3913133,INR,2026-06-04T08:47:35.653Z,KOTAK,ORD-4B59A7173E7B,SETTLED
KOTAK202606043259987,231930087368,633762,INR,2026-06-02T08:47:35.653Z,KOTAK,ORD-742AA691F188,PENDING
KOTAK202606040057105,339583912403,3177670,INR,2026-05-31T08:47:35.653Z,KOTAK,ORD-E32A8B7EF52D,PENDING
KOTAK202606045072902,429103483665,4756322,INR,2026-05-28T23:47:35.653Z,KOTAK,ORD-2D67DDC59151,SETTLED
KOTAK202606047993272,663402677525,3914666,INR,2026-05-30T05:47:35.653Z,KOTAK,ORD-53D9C83A3E75,SETTLED
KOTAK202606043143661,183561699494,534570,INR,2026-06-02T14:47:35.654Z,KOTAK,ORD-71AA20CE3EBC,SETTLED
KOTAK202606042517351,843833999233,756994,INR,2026-06-02T15:47:35.654Z,KOTAK,ORD-CCB07C2029D1,SETTLED
KOTAK202606047928364,880805182892,2005349,INR,2026-06-01T20:47:35.654Z,KOTAK,ORD-ED88921D0ED5,SETTLED
KOTAK202606047173312,029095423262,1939777,INR,2026-05-28T18:47:35.654Z,KOTAK,ORD-F33D8ABFBF76,SETTLED
KOTAK202606046068099,918338111711,2919505,INR,2026-06-04T02:47:35.654Z,KOTAK,ORD-97C4ACB5ED20,SETTLED
KOTAK202606047167756,488232302817,71554,INR,2026-05-30T14:47:35.654Z,KOTAK,ORD-DFA2016B11BA,SETTLED
KOTAK202606040889205,847804390282,1382024,INR,2026-05-30T00:47:35.654Z,KOTAK,ORD-32FC1746F233,SETTLED
KOTAK202606041702059,628987742013,925659,INR,2026-05-31T17:47:35.654Z,KOTAK,ORD-862689DDDE65,SETTLED
KOTAK202606040143871,574493488010,2422300,INR,2026-05-28T23:47:35.654Z,KOTAK,ORD-8213E0D7C59D,SETTLED
KOTAK202606047738389,472611585706,2594772,INR,2026-06-02T14:47:35.654Z,KOTAK,ORD-7C79E345380E,SETTLED
KOTAK202606044964920,923647095632,2164675,INR,2026-06-02T04:47:35.654Z,KOTAK,ORD-33BA393A49BD,SETTLED
KOTAK202606041192355,017644431041,3009043,INR,2026-06-02T22:47:35.654Z,KOTAK,ORD-A2BFE608E24A,SETTLED
KOTAK202606041389405,370110246208,2777878,INR,2026-06-03T06:47:35.654Z,KOTAK,ORD-F6D20310FFE4,SETTLED
KOTAK202606047139053,660618477205,1402801,INR,2026-05-29T01:47:35.654Z,KOTAK,ORD-A61E229EFA4D,SETTLED
KOTAK202606045271947,401491821969,4648631,INR,2026-05-31T19:47:35.654Z,KOTAK,ORD-04FB672EE2F4,SETTLED
KOTAK202606049971883,802413511376,980766,INR,2026-05-30T01:47:35.654Z,KOTAK,ORD-61629CE8E34C,SETTLED
KOTAK202606048680159,059582172976,664794,INR,2026-06-01T05:47:35.654Z,KOTAK,ORD-2E98253670C0,PENDING
KOTAK202606047655344,701304016849,739470,INR,2026-06-04T14:47:35.654Z,KOTAK,ORD-6EEF2AF097A8,SETTLED
KOTAK202606041286052,581310787827,3722627,INR,2026-05-29T02:47:35.654Z,KOTAK,ORD-4FFC9F03998D,SETTLED
KOTAK202606043044476,340426192680,2942211,INR,2026-06-03T02:47:35.654Z,KOTAK,ORD-1B7384576705,SETTLED
KOTAK202606046532477,501825320908,3925932,INR,2026-05-29T13:47:35.654Z,KOTAK,ORD-B25B752338D4,SETTLED
KOTAK202606040293972,584854020081,3162242,INR,2026-05-31T00:47:35.654Z,KOTAK,ORD-2283D67A281B,PENDING
KOTAK202606040863049,502421332872,406902,INR,2026-05-30T11:47:35.654Z,KOTAK,ORD-5CBB61747F85,SETTLED
KOTAK202606047774710,457629134488,4580297,INR,2026-06-03T09:47:35.654Z,KOTAK,ORD-20A186555D83,SETTLED
KOTAK202606047480723,834338436103,4575095,INR,2026-06-02T14:47:35.654Z,KOTAK,ORD-3B2819B8CDDA,SETTLED
KOTAK202606040015162,575757006041,1901847,INR,2026-05-31T16:47:35.654Z,KOTAK,ORD-3133F474F42E,SETTLED
KOTAK202606048606604,664367235458,3925425,INR,2026-05-29T21:47:35.654Z,KOTAK,ORD-572546F4B2AB,PENDING
KOTAK202606044872516,091063070828,2035383,INR,2026-05-30T13:47:35.654Z,KOTAK,ORD-9FEB18E45665,SETTLED
KOTAK202606041712806,318049159395,753715,INR,2026-06-03T21:47:35.654Z,KOTAK,ORD-9A412143606C,SETTLED
KOTAK202606042957219,925036839216,3530560,INR,2026-06-04T04:47:35.654Z,KOTAK,ORD-8F99A53BE42B,SETTLED
KOTAK202606044359239,516798542723,1735794,INR,2026-05-31T06:47:35.654Z,KOTAK,ORD-E344EE64B4ED,SETTLED
KOTAK202606043512403,668887865219,1869607,INR,2026-06-04T17:47:35.654Z,KOTAK,ORD-21604EEE4971,SETTLED
KOTAK202606042458539,204913672288,2045413,INR,2026-06-04T11:47:35.654Z,KOTAK,ORD-7D36ED32D019,SETTLED
KOTAK202606048648342,167695252502,4502057,INR,2026-06-01T20:47:35.654Z,KOTAK,ORD-E019A3822202,SETTLED
KOTAK202606047841287,280682572078,3339242,INR,2026-06-04T05:47:35.654Z,KOTAK,ORD-51AD1E138C39,SETTLED
KOTAK202606043427889,558893723717,2049013,INR,2026-06-01T09:47:35.654Z,KOTAK,ORD-1B02511E5D15,SETTLED
KOTAK202606040861138,903775027915,17305,INR,2026-05-29T03:47:35.654Z,KOTAK,ORD-242A895ED4BB,SETTLED
KOTAK202606043423098,585076414677,4058872,INR,2026-06-02T23:47:35.654Z,KOTAK,ORD-709C7BAC9D8F,SETTLED
KOTAK202606044754824,994216563735,88727,INR,2026-06-04T00:47:35.654Z,KOTAK,ORD-2314D864FD74,SETTLED
KOTAK202606048521484,495632108541,4280806,INR,2026-06-03T04:47:35.654Z,KOTAK,ORD-5B51CDBA5979,SETTLED
KOTAK202606043331921,092192775806,2169163,INR,2026-05-29T01:47:35.654Z,KOTAK,ORD-D1C0BB4A235D,SETTLED
KOTAK202606043037427,115328873738,4343071,INR,2026-06-01T02:47:35.654Z,KOTAK,ORD-91F3DB03008F,SETTLED
KOTAK202606040645765,935978796411,1808451,INR,2026-05-29T08:47:35.654Z,KOTAK,ORD-DDAB54FE1B95,SETTLED
KOTAK202606046018899,883804662851,4687625,INR,2026-05-29T00:47:35.654Z,KOTAK,ORD-66C594D095E5,SETTLED
KOTAK202606046963750,847759858571,4286968,INR,2026-06-04T05:47:35.654Z,KOTAK,ORD-C746B3AAD4CD,SETTLED
KOTAK202606049583980,407189194105,1549620,INR,2026-05-29T23:47:35.654Z,KOTAK,ORD-D77361013CFD,SETTLED
KOTAK202606045012048,274936279759,3134673,INR,2026-06-02T08:47:35.654Z,KOTAK,ORD-9C1D581E2C62,SETTLED
KOTAK202606040728527,586565007677,2865768,INR,2026-05-29T07:47:35.654Z,KOTAK,ORD-E7792CC320B3,SETTLED
KOTAK202606048905181,986621280352,2964536,INR,2026-05-30T21:47:35.654Z,KOTAK,ORD-E80D0F5A04AD,SETTLED
KOTAK202606044519669,845629518402,190661,INR,2026-05-30T08:47:35.654Z,KOTAK,ORD-9C2374A71C0D,SETTLED
KOTAK202606043244996,038206759185,3432977,INR,2026-06-04T10:47:35.654Z,KOTAK,ORD-E1D542AD0D6B,SETTLED
KOTAK202606043798923,995217583433,1181018,INR,2026-05-30T02:47:35.655Z,KOTAK,ORD-89160CC92E40,SETTLED
KOTAK202606040271020,367594632847,365219,INR,2026-05-29T05:47:35.655Z,KOTAK,ORD-E71610EE182A,SETTLED
KOTAK202606047053987,374808117513,1541278,INR,2026-05-28T23:47:35.655Z,KOTAK,ORD-04A4A8AD5610,SETTLED
KOTAK202606045318929,708449910052,4445042,INR,2026-06-02T07:47:35.655Z,KOTAK,ORD-DE9D2133DA22,SETTLED
KOTAK202606046865712,195859219150,545635,INR,2026-05-30T18:47:35.655Z,KOTAK,ORD-D66B7CCEB9C7,SETTLED
KOTAK202606040175514,970853267952,223232,INR,2026-06-04T07:47:35.655Z,KOTAK,ORD-0DB5383CB447,SETTLED
KOTAK202606044740668,513795594453,1587784,INR,2026-05-29T18:47:35.655Z,KOTAK,ORD-9144AE7FE2C4,SETTLED
KOTAK202606048412908,403427726361,1782269,INR,2026-06-02T04:47:35.655Z,KOTAK,ORD-4BF94ED69BB9,SETTLED
KOTAK202606040142866,373900054144,1369350,INR,2026-05-29T14:47:35.655Z,KOTAK,ORD-68D886D5A950,SETTLED
KOTAK202606047600871,640070707183,544137,INR,2026-06-02T10:47:35.655Z,KOTAK,ORD-D7ABCB783CA6,SETTLED
KOTAK202606048616512,571511840892,4631147,INR,2026-05-31T13:47:35.655Z,KOTAK,ORD-954D35C1FE9A,PENDING
KOTAK202606049844318,248974296150,939967,INR,2026-05-31T05:47:35.655Z,KOTAK,ORD-C9D895F5D6A3,SETTLED
KOTAK202606048039498,371028061678,65254,INR,2026-05-29T08:47:35.655Z,KOTAK,ORD-0B04D89EFDB7,SETTLED
KOTAK202606046478241,185062794465,63014,INR,2026-05-29T08:47:35.655Z,KOTAK,ORD-442176909A71,SETTLED
KOTAK202606041713598,729984085227,2004587,INR,2026-06-02T06:47:35.655Z,KOTAK,ORD-C706922C0565,SETTLED
KOTAK202606047069800,546762235227,678941,INR,2026-06-02T03:47:35.655Z,KOTAK,ORD-E729631BFF2A,SETTLED
KOTAK202606046319684,253028108846,3484045,INR,2026-05-30T21:47:35.655Z,KOTAK,ORD-411AC0D139C5,SETTLED
KOTAK202606041287643,396813402740,98289,INR,2026-05-29T22:47:35.655Z,KOTAK,ORD-D83FEF18CDD2,SETTLED
KOTAK202606045415130,271508514755,1424693,INR,2026-05-29T17:47:35.655Z,KOTAK,ORD-B1F0AF3AE3F8,SETTLED
KOTAK202606041356741,409756326979,3531478,INR,2026-05-31T19:47:35.655Z,KOTAK,ORD-3DF87ABFD0AC,SETTLED
KOTAK202606049717737,676295470445,2888632,INR,2026-06-03T08:47:35.655Z,KOTAK,ORD-7B6DBC39DB14,SETTLED
KOTAK202606048095676,844430408402,1568648,INR,2026-06-01T16:47:35.655Z,KOTAK,ORD-BC2931D4DDA5,SETTLED
KOTAK202606041778922,660632405226,93265,INR,2026-05-30T13:47:35.655Z,KOTAK,ORD-64E5AE0DC2F6,SETTLED
KOTAK202606042458074,117470580581,2572792,INR,2026-06-02T13:47:35.655Z,KOTAK,ORD-BB8FBCEC0B92,SETTLED
KOTAK202606040243593,362378320367,1011771,INR,2026-06-03T18:47:35.655Z,KOTAK,ORD-7ED56C01CCF9,SETTLED
KOTAK202606049162086,670157420595,2260589,INR,2026-05-30T11:47:35.655Z,KOTAK,ORD-9F1CA6A5CD28,SETTLED
KOTAK202606042201023,230309179604,1744901,INR,2026-06-02T20:47:35.655Z,KOTAK,ORD-AA859630CCE0,SETTLED
KOTAK202606043591369,024579144804,1892335,INR,2026-05-30T16:47:35.655Z,KOTAK,ORD-3176FF0BE405,SETTLED
KOTAK202606043288016,728797261183,428325,INR,2026-06-01T06:47:35.655Z,KOTAK,ORD-18A494B8C670,SETTLED
KOTAK202606041646714,976331243780,2927863,INR,2026-06-02T08:47:35.655Z,KOTAK,ORD-73C32CC81CCB,SETTLED
KOTAK202606043760205,761440781594,4905891,INR,2026-06-03T23:47:35.655Z,KOTAK,ORD-29751C7F560C,SETTLED
KOTAK202606042093930,185408341309,1243264,INR,2026-06-01T07:47:35.655Z,KOTAK,ORD-F4E489A8EF9F,SETTLED
KOTAK202606040451271,649487066020,4952250,INR,2026-06-01T22:47:35.655Z,KOTAK,ORD-F64B9532A944,SETTLED
KOTAK202606040519833,626649424201,1603255,INR,2026-06-03T08:47:35.655Z,KOTAK,ORD-3BE6F1663DD3,SETTLED
KOTAK202606041832645,270824607986,4333323,INR,2026-06-02T03:47:35.655Z,KOTAK,ORD-1C8F9527558E,SETTLED
KOTAK202606048375936,905644417525,343154,INR,2026-05-29T14:47:35.655Z,KOTAK,ORD-7885CC0DABA1,SETTLED
KOTAK202606046286154,609396164260,3213498,INR,2026-06-01T17:47:35.655Z,KOTAK,ORD-ECC5FF7CF0FE,SETTLED
KOTAK202606042069865,598468494463,2859210,INR,2026-05-29T06:47:35.655Z,KOTAK,ORD-7ED5FDF4611F,SETTLED
KOTAK202606042462858,101824684180,4415287,INR,2026-06-02T07:47:35.655Z,KOTAK,ORD-DD2B1F0C2509,SETTLED
KOTAK202606041454099,703426838744,435421,INR,2026-06-01T14:47:35.655Z,KOTAK,ORD-48775EE0AA35,SETTLED
KOTAK202606049615906,909015148978,2337041,INR,2026-05-28T23:47:35.655Z,KOTAK,ORD-76A9F9D85FB1,SETTLED
KOTAK202606049382209,895549027827,202901,INR,2026-06-01T17:47:35.655Z,KOTAK,ORD-1A2905B075FF,SETTLED
KOTAK202606044743743,543248595445,1946195,INR,2026-05-31T15:47:35.656Z,KOTAK,ORD-71FE7766D8BF,SETTLED
KOTAK202606041488598,969108328587,3138888,INR,2026-06-01T09:47:35.656Z,KOTAK,ORD-226AD58C824F,SETTLED
KOTAK202606047231295,154974518516,2359450,INR,2026-06-01T03:47:35.656Z,KOTAK,ORD-441D87B332F3,SETTLED
KOTAK202606045183935,536349161820,2236677,INR,2026-06-03T02:47:35.656Z,KOTAK,ORD-F4F69D6B041A,SETTLED
KOTAK202606047142247,188098630782,1919606,INR,2026-06-02T00:47:35.656Z,KOTAK,ORD-D866A88651B5,SETTLED
KOTAK202606045503123,541747959593,551819,INR,2026-05-30T17:47:35.656Z,KOTAK,ORD-770CA96AF534,SETTLED
KOTAK202606048508316,560159136475,545854,INR,2026-06-02T09:47:35.656Z,KOTAK,ORD-15D2B91F42DB,SETTLED
KOTAK202606048022332,186418013599,1891333,INR,2026-05-30T20:47:35.656Z,KOTAK,ORD-91676E056F5D,SETTLED
KOTAK202606047008695,177248681709,4048106,INR,2026-06-01T10:47:35.656Z,KOTAK,ORD-1D05C786C39A,SETTLED
KOTAK202606045847274,372149041408,2986683,INR,2026-05-28T23:47:35.656Z,KOTAK,ORD-EE5D9DFA02B9,SETTLED
KOTAK202606049456935,505248407141,4928541,INR,2026-06-04T01:47:35.656Z,KOTAK,ORD-0DD9088CE809,SETTLED
KOTAK202606049557476,260741256559,2198577,INR,2026-05-29T09:47:35.656Z,KOTAK,ORD-06822399958A,SETTLED
KOTAK202606042031077,849567200177,3361549,INR,2026-06-03T03:47:35.656Z,KOTAK,ORD-DF835B64D383,SETTLED
KOTAK202606040660072,981777424264,2514272,INR,2026-06-01T03:47:35.656Z,KOTAK,ORD-A0EC4CB7DD4D,SETTLED
KOTAK202606045289572,731225770900,3710746,INR,2026-05-31T05:47:35.656Z,KOTAK,ORD-C867D0E1C616,SETTLED
KOTAK202606042753602,707187638348,660428,INR,2026-06-02T04:47:35.656Z,KOTAK,ORD-77FCA8568A1F,SETTLED
KOTAK202606042369442,705462389705,1739424,INR,2026-06-04T06:47:35.656Z,KOTAK,ORD-6CDCD8761D9C,SETTLED
KOTAK202606043179508,596663452935,1650577,INR,2026-05-29T09:47:35.656Z,KOTAK,ORD-4ECE5B03B551,SETTLED
KOTAK202606043248276,673299894366,3998484,INR,2026-06-02T14:47:35.656Z,KOTAK,ORD-30F1F9752205,SETTLED
KOTAK202606044223233,237027408891,1829647,INR,2026-06-02T05:47:35.656Z,KOTAK,ORD-43BEAC7BDADD,SETTLED
KOTAK202606047781877,094945818269,1117263,INR,2026-05-30T15:47:35.656Z,KOTAK,ORD-1A8FAB6D705D,SETTLED
KOTAK202606046730563,236426072207,168043,INR,2026-06-01T08:47:35.656Z,KOTAK,ORD-BB3D4202E0A1,SETTLED
KOTAK202606047400945,096449200513,1703587,INR,2026-06-02T11:47:35.656Z,KOTAK,ORD-651093158CB2,SETTLED
KOTAK202606040727702,622291811274,1258147,INR,2026-06-03T20:47:35.656Z,KOTAK,ORD-4CF1E993E27A,SETTLED
KOTAK202606040370310,194054243255,4579904,INR,2026-06-02T07:47:35.656Z,KOTAK,ORD-9598BFB091AB,SETTLED
KOTAK202606040446866,675737189383,3010484,INR,2026-06-03T06:47:35.656Z,KOTAK,ORD-37ADF7346BB2,SETTLED
KOTAK202606040862311,138338214122,2936508,INR,2026-06-01T19:47:35.656Z,KOTAK,ORD-465A5D9640B4,SETTLED
KOTAK202606040593502,463913175981,3720065,INR,2026-05-29T03:47:35.656Z,KOTAK,ORD-B12FF731C98A,SETTLED
KOTAK202606042573134,597594219887,3963972,INR,2026-06-01T09:47:35.656Z,KOTAK,ORD-0073B24006A9,SETTLED
KOTAK202606048783247,112652017962,4995107,INR,2026-05-30T15:47:35.656Z,KOTAK,ORD-60D4654FCD21,SETTLED
KOTAK202606049112034,086361219229,3767469,INR,2026-05-29T01:47:35.656Z,KOTAK,ORD-624F0336049F,SETTLED
KOTAK202606045791060,763854930048,2292196,INR,2026-05-31T06:47:35.656Z,KOTAK,ORD-2E8427C52367,SETTLED
KOTAK202606041271633,986675398164,3009387,INR,2026-06-02T11:47:35.656Z,KOTAK,ORD-E025BDE13082,SETTLED
KOTAK202606041520330,625643038628,2731179,INR,2026-05-31T08:47:35.656Z,KOTAK,ORD-310C3BE119D9,SETTLED
KOTAK202606046910151,861127033142,217190,INR,2026-06-03T12:47:35.656Z,KOTAK,ORD-9C6366EA0682,SETTLED
KOTAK202606047505085,212987367740,4121610,INR,2026-06-03T02:47:35.656Z,KOTAK,ORD-F736FCD79CC0,PENDING
KOTAK202606047878951,020301791079,1146480,INR,2026-06-01T07:47:35.656Z,KOTAK,ORD-22E5FB746BA0,SETTLED
KOTAK202606043531244,904069457389,1259054,INR,2026-06-04T00:47:35.656Z,KOTAK,ORD-943A2DB3B495,SETTLED
KOTAK202606047789570,514659769095,4838822,INR,2026-06-02T05:47:35.656Z,KOTAK,ORD-3B20D8D9BF04,SETTLED
KOTAK202606042355308,756148027248,3944260,INR,2026-05-29T13:47:35.656Z,KOTAK,ORD-FB15BA55BAB5,PENDING
KOTAK202606041740805,458782595696,3596957,INR,2026-06-04T17:47:35.656Z,KOTAK,ORD-E6A7976281E0,PENDING
KOTAK202606048304090,063071942945,2597664,INR,2026-06-04T17:47:35.656Z,KOTAK,ORD-36373A66C9F9,SETTLED
KOTAK202606046570634,573433716581,1661533,INR,2026-05-29T06:47:35.656Z,KOTAK,ORD-C44EB7F90931,SETTLED
KOTAK202606042221013,671978569287,2398435,INR,2026-05-29T04:47:35.656Z,KOTAK,ORD-5778D9D67810,PENDING
KOTAK202606048339880,774654873383,530774,INR,2026-05-29T12:47:35.656Z,KOTAK,ORD-3DBD1AB8F185,SETTLED
KOTAK202606041719591,407756081164,426699,INR,2026-06-03T13:47:35.656Z,KOTAK,ORD-82EF55039775,SETTLED
KOTAK202606046728663,393501229515,225381,INR,2026-05-30T21:47:35.656Z,KOTAK,ORD-952361AA01DA,SETTLED
KOTAK202606041434004,225611671887,3713738,INR,2026-06-02T20:47:35.656Z,KOTAK,ORD-5337A2B7D881,SETTLED
KOTAK202606041437545,780170885095,111384,INR,2026-06-04T02:47:35.656Z,KOTAK,ORD-F87766D15DAA,SETTLED
KOTAK202606042899201,394676690447,4496352,INR,2026-05-29T04:47:35.656Z,KOTAK,ORD-A9DA29D5CB93,SETTLED
KOTAK202606045609757,381348787785,632380,INR,2026-05-29T21:47:35.656Z,KOTAK,ORD-60615306E185,SETTLED
KOTAK202606043263439,050917226865,4646616,INR,2026-06-03T11:47:35.656Z,KOTAK,ORD-2AC4962370C2,SETTLED
KOTAK202606040509861,240686606845,2574375,INR,2026-05-28T18:47:35.656Z,KOTAK,ORD-E66D88503333,SETTLED
KOTAK202606047910390,265889720239,3201581,INR,2026-06-02T21:47:35.656Z,KOTAK,ORD-D252B78C9FBD,SETTLED
KOTAK202606046398269,290637555967,3358379,INR,2026-05-28T20:47:35.656Z,KOTAK,ORD-2A3F83481F28,SETTLED
KOTAK202606046765444,779680433590,4269204,INR,2026-05-28T19:47:35.656Z,KOTAK,ORD-2FF667555BAD,SETTLED
KOTAK202606048314271,355855784580,1280422,INR,2026-06-04T06:47:35.656Z,KOTAK,ORD-F131175BFD28,SETTLED
KOTAK202606046106182,168915041444,1182984,INR,2026-05-31T16:47:35.656Z,KOTAK,ORD-475AA9E532DA,SETTLED
KOTAK202606045837341,172659045689,2053228,INR,2026-06-03T09:47:35.656Z,KOTAK,ORD-6E9CCE87C3D0,SETTLED
KOTAK202606045085399,491986610842,2170271,INR,2026-06-02T13:47:35.656Z,KOTAK,ORD-68180480056E,SETTLED
KOTAK202606047059105,463943312407,1291687,INR,2026-05-29T23:47:35.656Z,KOTAK,ORD-DD76A1224246,SETTLED
KOTAK202606044784624,506481529448,4273316,INR,2026-05-31T19:47:35.656Z,KOTAK,ORD-756A612552B0,SETTLED
KOTAK202606045718517,431020022389,1112621,INR,2026-06-01T08:47:35.656Z,KOTAK,ORD-E03E738A261E,SETTLED
KOTAK202606044329449,966874086974,3760906,INR,2026-06-01T21:47:35.656Z,KOTAK,ORD-B81EE5ACA371,SETTLED
KOTAK202606040358597,666590802777,3508089,INR,2026-06-01T22:47:35.656Z,KOTAK,ORD-9423D30A11D1,SETTLED
KOTAK202606046258017,741125658147,2104213,INR,2026-06-04T05:47:35.656Z,KOTAK,ORD-9CAA6380C634,SETTLED
KOTAK202606048511298,982217917827,1694307,INR,2026-05-30T10:47:35.656Z,KOTAK,ORD-D7DEAC2F4E41,SETTLED
KOTAK202606042328070,866030312476,4364867,INR,2026-06-02T05:47:35.656Z,KOTAK,ORD-4F0DCF984515,SETTLED
KOTAK202606041113053,395149718230,1326197,INR,2026-05-30T06:47:35.656Z,KOTAK,ORD-6E5B9F21D282,SETTLED
KOTAK202606044385693,101741539774,363212,INR,2026-06-01T04:47:35.656Z,KOTAK,ORD-805BCF07206F,SETTLED
KOTAK202606041930307,561015942690,2273561,INR,2026-06-02T05:47:35.656Z,KOTAK,ORD-46BA5DA76525,SETTLED
KOTAK202606048036021,190389240807,1128330,INR,2026-06-04T03:47:35.656Z,KOTAK,ORD-62FDCC280808,SETTLED
KOTAK202606048123977,429551049396,4313759,INR,2026-06-02T23:47:35.656Z,KOTAK,ORD-286DB80594D9,SETTLED
KOTAK202606048949809,604740410039,2271582,INR,2026-06-02T16:47:35.656Z,KOTAK,ORD-6407487AF477,SETTLED
KOTAK202606040388839,707230481010,2703718,INR,2026-05-30T06:47:35.656Z,KOTAK,ORD-CEE5EBCE7FA2,SETTLED
KOTAK202606040817498,242488599297,1861040,INR,2026-06-04T07:47:35.656Z,KOTAK,ORD-FEA4AAB87E21,SETTLED
KOTAK202606046470833,704276496241,2615993,INR,2026-06-01T06:47:35.656Z,KOTAK,ORD-568195F7084E,SETTLED
KOTAK202606043819867,347374365854,532216,INR,2026-05-31T10:47:35.656Z,KOTAK,ORD-35E94FFF9104,SETTLED
KOTAK202606047958133,312585061919,3091923,INR,2026-06-01T15:47:35.656Z,KOTAK,ORD-6E87130CDCD6,SETTLED
KOTAK202606041783820,703378437029,2406517,INR,2026-06-01T09:47:35.656Z,KOTAK,ORD-0155F6540156,SETTLED
KOTAK202606040018310,344339151468,1061742,INR,2026-06-03T22:47:35.656Z,KOTAK,ORD-D338FA632C25,SETTLED
KOTAK202606047386369,209161312766,1040565,INR,2026-05-28T23:47:35.656Z,KOTAK,ORD-B47F358C365E,SETTLED
KOTAK202606048242624,360267282655,4300641,INR,2026-05-31T20:47:35.656Z,KOTAK,ORD-D92F76CB7D8C,SETTLED
KOTAK202606049722462,582476061309,3562812,INR,2026-05-29T12:47:35.656Z,KOTAK,ORD-18F921E1CDEE,SETTLED
KOTAK202606043756497,900560763035,1289107,INR,2026-06-01T06:47:35.656Z,KOTAK,ORD-511B0DCD1048,SETTLED
KOTAK202606046135272,664324527341,664558,INR,2026-06-04T08:47:35.656Z,KOTAK,ORD-3581DFD86A00,SETTLED
KOTAK202606047288773,928309751799,198442,INR,2026-06-04T02:47:35.656Z,KOTAK,ORD-23B4F3A90FAB,SETTLED
KOTAK202606044641574,762404801668,4693577,INR,2026-05-31T17:47:35.656Z,KOTAK,ORD-A9ABD93C875F,SETTLED
KOTAK202606041051929,879025801859,2091843,INR,2026-06-02T19:47:35.656Z,KOTAK,ORD-6A5BB1C214CA,SETTLED
KOTAK202606044836749,491761352025,3620974,INR,2026-06-01T20:47:35.656Z,KOTAK,ORD-45073EBA165C,SETTLED
KOTAK202606049272494,467246601035,3738523,INR,2026-06-03T14:47:35.656Z,KOTAK,ORD-ED87451C3D60,SETTLED
KOTAK202606048785875,909312526128,108236,INR,2026-06-04T17:47:35.656Z,KOTAK,ORD-F262DF898603,SETTLED
KOTAK202606044990997,852890378584,4706173,INR,2026-06-03T14:47:35.656Z,KOTAK,ORD-2166AE690C1B,SETTLED
KOTAK202606040580037,208281622911,134042,INR,2026-06-03T14:47:35.656Z,KOTAK,ORD-9C18542609AE,SETTLED
KOTAK202606042445554,218006449867,244545,INR,2026-06-03T05:47:35.656Z,KOTAK,ORD-2C9975C3E1B4,SETTLED
KOTAK202606045029935,747703077855,2187663,INR,2026-06-04T10:47:35.656Z,KOTAK,ORD-45A6ABBD1584,SETTLED
KOTAK202606044559734,023174537819,646199,INR,2026-05-29T05:47:35.656Z,KOTAK,ORD-F25BE6C67320,SETTLED
KOTAK202606040522226,338468778693,163644,INR,2026-06-03T06:47:35.657Z,KOTAK,ORD-FED272D7F490,SETTLED
KOTAK202606043708042,667907196939,2889688,INR,2026-05-31T09:47:35.657Z,KOTAK,ORD-CCF554070E8B,SETTLED
KOTAK202606047987103,892305956084,4223711,INR,2026-06-04T04:47:35.657Z,KOTAK,ORD-5236021007B5,SETTLED
KOTAK202606048256386,249220346477,1921392,INR,2026-06-01T21:47:35.657Z,KOTAK,ORD-98E46F1F0398,SETTLED
KOTAK202606048402423,791690333082,3418772,INR,2026-05-30T00:47:35.657Z,KOTAK,ORD-E1C72CB2DCFB,SETTLED
KOTAK202606045717907,420061655372,726926,INR,2026-05-30T20:47:35.657Z,KOTAK,ORD-CE3EF3ADB498,SETTLED
KOTAK202606042786575,430215317732,1013064,INR,2026-05-31T12:47:35.657Z,KOTAK,ORD-E2404DF7D3DA,SETTLED
KOTAK202606040278289,405122312414,4391182,INR,2026-05-31T12:47:35.657Z,KOTAK,ORD-03E9208BC90A,SETTLED
KOTAK202606046442777,931831947741,4046332,INR,2026-05-29T16:47:35.657Z,KOTAK,ORD-8A18F4D5B510,SETTLED
KOTAK202606043599425,473211523277,2192682,INR,2026-05-30T20:47:35.657Z,KOTAK,ORD-33B100290375,SETTLED
KOTAK202606048645717,537010422341,1352303,INR,2026-06-04T08:47:35.657Z,KOTAK,ORD-735CE1276640,SETTLED
KOTAK202606047828669,215000470436,4738754,INR,2026-05-29T02:47:35.657Z,KOTAK,ORD-ECF47BB4E533,SETTLED
KOTAK202606043951070,493822812282,787087,INR,2026-05-29T11:47:35.657Z,KOTAK,ORD-0C9530D10C32,SETTLED
KOTAK202606040910306,262587462551,1240736,INR,2026-06-01T04:47:35.657Z,KOTAK,ORD-07C3D71F3448,SETTLED
KOTAK202606043257444,037900674122,1039850,INR,2026-05-31T11:47:35.657Z,KOTAK,ORD-A32C20491EDF,SETTLED
KOTAK202606049386966,590937756075,1336741,INR,2026-06-01T08:47:35.657Z,KOTAK,ORD-0F74005A4290,SETTLED
KOTAK202606042487240,179360360429,800560,INR,2026-05-28T22:47:35.657Z,KOTAK,ORD-370C6D1C0099,SETTLED
KOTAK202606044098514,545706848503,4334195,INR,2026-05-29T04:47:35.657Z,KOTAK,ORD-C5EA291B999B,SETTLED
KOTAK202606041966038,812731892666,1532408,INR,2026-05-29T18:47:35.658Z,KOTAK,ORD-D18EF80FFADA,PENDING
KOTAK202606049433481,884074100633,1610636,INR,2026-06-01T01:47:35.658Z,KOTAK,ORD-D753741A39F9,SETTLED
KOTAK202606042908153,723278463415,603081,INR,2026-05-30T04:47:35.658Z,KOTAK,ORD-E0EB7FC21C7E,SETTLED
KOTAK202606046430721,706731018253,1216039,INR,2026-05-30T01:47:35.658Z,KOTAK,ORD-D62DE69D5621,SETTLED
KOTAK202606049562402,670020801247,2516001,INR,2026-05-29T18:47:35.658Z,KOTAK,ORD-98D2488F95BA,SETTLED
KOTAK202606044677829,124791447311,666323,INR,2026-06-03T13:47:35.658Z,KOTAK,ORD-6D275E4664AF,SETTLED
KOTAK202606043132248,555890513659,4215000,INR,2026-05-30T12:47:35.658Z,KOTAK,ORD-2DA73E745EE7,SETTLED
KOTAK202606045545406,606541141937,603016,INR,2026-05-30T17:47:35.658Z,KOTAK,ORD-D1B4234BF732,SETTLED
KOTAK202606040774642,277117499338,1997660,INR,2026-05-29T14:47:35.658Z,KOTAK,ORD-67C5CFFBEF3A,SETTLED
KOTAK202606046949957,740211258220,1470051,INR,2026-06-03T13:47:35.658Z,KOTAK,ORD-562E4C266C7C,SETTLED
KOTAK202606047835354,768285364579,621112,INR,2026-06-02T08:47:35.658Z,KOTAK,ORD-9F229E511543,SETTLED
KOTAK202606048655181,609460183066,4465914,INR,2026-05-31T22:47:35.658Z,KOTAK,ORD-159B37C31263,SETTLED
KOTAK202606042917907,504614808335,770100,INR,2026-06-04T16:47:35.658Z,KOTAK,ORD-3B8E7C494D10,SETTLED
KOTAK202606049137449,415819424420,2437787,INR,2026-05-30T04:47:35.658Z,KOTAK,ORD-6CEC94DE9703,SETTLED
KOTAK202606049410332,926199789894,4282858,INR,2026-06-03T16:47:35.658Z,KOTAK,ORD-ADACB2B80E2B,SETTLED
KOTAK202606047469902,818501405945,77263,INR,2026-06-03T13:47:35.658Z,KOTAK,ORD-57EC32C15E37,SETTLED
KOTAK202606041924584,057020019987,4657130,INR,2026-06-02T13:47:35.658Z,KOTAK,ORD-8A7DDCC15586,SETTLED
KOTAK202606042490436,854209962509,592997,INR,2026-05-30T21:47:35.658Z,KOTAK,ORD-C31F1038CD44,SETTLED
KOTAK202606042130360,020681074653,2191216,INR,2026-06-01T09:47:35.658Z,KOTAK,ORD-389620C03275,SETTLED
KOTAK202606045426200,530406136375,3560115,INR,2026-06-03T08:47:35.658Z,KOTAK,ORD-7D8E656850C7,SETTLED
KOTAK202606047545134,853388929679,2545659,INR,2026-05-30T14:47:35.658Z,KOTAK,ORD-ECF5FA1A89EA,SETTLED
KOTAK202606044324408,394833677948,2669214,INR,2026-05-30T23:47:35.658Z,KOTAK,ORD-87EFBAC883B0,SETTLED
KOTAK202606048327889,306224390306,1229430,INR,2026-05-31T18:47:35.658Z,KOTAK,ORD-22E097038E20,SETTLED
KOTAK202606049613245,420106188204,4331889,INR,2026-06-02T10:47:35.658Z,KOTAK,ORD-1BC9A7C3A323,SETTLED
KOTAK202606043422262,230454151893,475309,INR,2026-05-29T01:47:35.658Z,KOTAK,ORD-A534E5F5BDF1,SETTLED
KOTAK202606041059564,128773124461,1847753,INR,2026-06-02T10:47:35.658Z,KOTAK,ORD-66FE9324B7E6,SETTLED
KOTAK202606044950370,751890346471,636206,INR,2026-05-29T23:47:35.658Z,KOTAK,ORD-941BA1DBD28C,SETTLED
KOTAK202606047380070,352278652434,4397809,INR,2026-06-02T09:47:35.658Z,KOTAK,ORD-617F26F23D15,SETTLED
KOTAK202606043056513,963239925473,4794728,INR,2026-05-28T18:47:35.658Z,KOTAK,ORD-B11323A9A5D8,SETTLED
KOTAK202606045147544,953689576871,318284,INR,2026-05-30T09:47:35.658Z,KOTAK,ORD-517424E929BE,SETTLED
KOTAK202606049936265,421098177556,3363532,INR,2026-05-29T04:47:35.658Z,KOTAK,ORD-C945EEC54EB3,SETTLED
KOTAK202606047115845,766474771063,1868156,INR,2026-05-29T13:47:35.658Z,KOTAK,ORD-5C011F677A13,SETTLED
KOTAK202606047826533,105577178817,1486596,INR,2026-06-02T19:47:35.658Z,KOTAK,ORD-2EA984ABC0CE,SETTLED
KOTAK202606040245262,004620618706,2011653,INR,2026-06-03T19:47:35.658Z,KOTAK,ORD-5AF9298C5068,SETTLED
KOTAK202606044238734,804808484263,575752,INR,2026-05-29T21:47:35.658Z,KOTAK,ORD-61041DDB68DE,SETTLED
KOTAK202606049897508,229429250018,1402049,INR,2026-06-01T04:47:35.658Z,KOTAK,ORD-CDC72D927F08,SETTLED
KOTAK202606040357999,361186124226,803485,INR,2026-06-03T11:47:35.658Z,KOTAK,ORD-088E3D90F6F2,SETTLED
KOTAK202606047334082,361588839251,671994,INR,2026-05-29T10:47:35.658Z,KOTAK,ORD-39C4AB1E1349,SETTLED
KOTAK202606048580031,623865355920,514251,INR,2026-06-03T22:47:35.658Z,KOTAK,ORD-403C9FC829FF,SETTLED
KOTAK202606043534221,332378010026,388516,INR,2026-06-02T04:47:35.658Z,KOTAK,ORD-EFD81E5CD857,SETTLED
KOTAK202606047168189,216205318348,3884756,INR,2026-06-02T00:47:35.658Z,KOTAK,ORD-C8DE6079FE4C,SETTLED
KOTAK202606046893409,055805706782,4753736,INR,2026-06-03T03:47:35.658Z,KOTAK,ORD-1D08B4A26DB2,SETTLED
KOTAK202606049788456,148500409502,1454064,INR,2026-06-01T22:47:35.658Z,KOTAK,ORD-13E83B62E80A,SETTLED
KOTAK202606048829406,749667201679,2039801,INR,2026-06-01T10:47:35.658Z,KOTAK,ORD-B70AC991837B,SETTLED
KOTAK202606048930056,852715912339,1424630,INR,2026-05-30T13:47:35.658Z,KOTAK,ORD-53809B2253C4,SETTLED
KOTAK202606043386359,173601281010,4389528,INR,2026-05-29T12:47:35.658Z,KOTAK,ORD-C9B772C49B0F,SETTLED
KOTAK202606040874402,647926745084,4913209,INR,2026-05-31T19:47:35.658Z,KOTAK,ORD-6892CADD9243,SETTLED
KOTAK202606049060432,395049887456,4957082,INR,2026-06-02T22:47:35.658Z,KOTAK,ORD-58C837533AB8,SETTLED
KOTAK202606045921269,987440408764,3300942,INR,2026-05-31T02:47:35.658Z,KOTAK,ORD-6E91AD46EAAC,SETTLED
KOTAK202606044692194,802825000939,3415198,INR,2026-05-28T18:47:35.658Z,KOTAK,ORD-E611F366A2A8,SETTLED
KOTAK202606045411215,494522634751,4203739,INR,2026-06-02T17:47:35.658Z,KOTAK,ORD-5DF0AAFAA2AE,SETTLED
KOTAK202606045122322,393510011549,4580465,INR,2026-05-29T14:47:35.658Z,KOTAK,ORD-EB4F2640B6B6,SETTLED
KOTAK202606046901156,988767057138,1545249,INR,2026-05-29T11:47:35.658Z,KOTAK,ORD-72A37FE5F2BD,SETTLED
KOTAK202606041468384,526171985810,1194291,INR,2026-05-30T12:47:35.658Z,KOTAK,ORD-DDF4F6D6B28D,SETTLED
KOTAK202606041856501,531541399545,1019045,INR,2026-06-03T05:47:35.658Z,KOTAK,ORD-8B1C9E768349,SETTLED
KOTAK202606045008615,373105831611,2877416,INR,2026-06-02T01:47:35.658Z,KOTAK,ORD-A0445A1845E1,SETTLED
KOTAK202606043048010,383643969264,2924927,INR,2026-05-28T18:47:35.658Z,KOTAK,ORD-B989AD219889,SETTLED
KOTAK202606046958964,605306564524,3717625,INR,2026-06-03T15:47:35.658Z,KOTAK,ORD-B5166493ED16,SETTLED
KOTAK202606044251896,229844681390,3811329,INR,2026-05-29T07:47:35.658Z,KOTAK,ORD-0907B34E856D,SETTLED
KOTAK202606049291240,334987010399,681152,INR,2026-06-03T04:47:35.658Z,KOTAK,ORD-74AB4D2C305B,SETTLED
KOTAK202606043147599,851863415882,3756169,INR,2026-06-01T13:47:35.658Z,KOTAK,ORD-3E30CD0D142A,SETTLED
KOTAK202606044630322,776808285045,4996353,INR,2026-05-30T10:47:35.658Z,KOTAK,ORD-445F2353D2F7,SETTLED
KOTAK202606043813486,342255564630,1254051,INR,2026-06-01T01:47:35.658Z,KOTAK,ORD-1B1CA6328C8E,SETTLED
KOTAK202606046596308,126333467818,2190854,INR,2026-06-04T16:47:35.658Z,KOTAK,ORD-F2EC61CDED9C,SETTLED
KOTAK202606044699113,090938385003,3195282,INR,2026-05-29T09:47:35.658Z,KOTAK,ORD-25A377721833,SETTLED
KOTAK202606043417945,931764560715,1674715,INR,2026-06-03T00:47:35.658Z,KOTAK,ORD-AFFD04A6E0DA,SETTLED
KOTAK202606048666877,287805412710,3943820,INR,2026-06-03T17:47:35.658Z,KOTAK,ORD-7C91D705E122,SETTLED
KOTAK202606045642420,166687954503,4374483,INR,2026-06-04T00:47:35.658Z,KOTAK,ORD-CAD958E92045,SETTLED
KOTAK202606045382944,779613402108,762312,INR,2026-06-01T02:47:35.658Z,KOTAK,ORD-DE81BF3E5BAE,SETTLED
KOTAK202606041308149,531601159569,353556,INR,2026-06-02T10:47:35.658Z,KOTAK,ORD-9BC644DA4875,SETTLED
KOTAK202606041147816,268155304289,3316276,INR,2026-05-30T06:47:35.658Z,KOTAK,ORD-253BA2738A77,SETTLED
KOTAK202606046521540,313872395816,3939677,INR,2026-06-01T23:47:35.658Z,KOTAK,ORD-C6BDF03875AA,SETTLED
KOTAK202606049612338,499820073011,185799,INR,2026-06-01T03:47:35.658Z,KOTAK,ORD-425AFA8D13ED,SETTLED
KOTAK202606040953578,730552700517,3501626,INR,2026-05-30T05:47:35.658Z,KOTAK,ORD-EDC336D4B3F0,SETTLED
KOTAK202606044303722,006358216127,1407075,INR,2026-05-30T14:47:35.658Z,KOTAK,ORD-BE0AEECDF8C3,SETTLED
KOTAK202606043532245,085734550378,1258332,INR,2026-05-29T01:47:35.658Z,KOTAK,ORD-4C2D2F5CB04C,SETTLED
KOTAK202606049124588,674179219614,853145,INR,2026-06-04T10:47:35.658Z,KOTAK,ORD-89A31FF5B446,SETTLED
KOTAK202606040873636,941710288893,4649661,INR,2026-05-29T17:47:35.658Z,KOTAK,ORD-0C9575AAA414,SETTLED
KOTAK202606044302351,059194151726,1608909,INR,2026-05-30T07:47:35.658Z,KOTAK,ORD-E730B1A562A9,PENDING
KOTAK202606040136572,409971642824,564220,INR,2026-05-29T09:47:35.658Z,KOTAK,ORD-BA52996D9B0A,SETTLED
KOTAK202606040609183,848668379614,2993222,INR,2026-05-28T21:47:35.658Z,KOTAK,ORD-452A4D4BFEAB,SETTLED
KOTAK202606040100542,146592401618,1995339,INR,2026-05-29T15:47:35.658Z,KOTAK,ORD-C272A54CA8AD,SETTLED
KOTAK202606043163027,146094775549,4870415,INR,2026-06-04T01:47:35.658Z,KOTAK,ORD-DE81F89E2425,SETTLED
KOTAK202606045088652,128106344389,1596331,INR,2026-06-04T01:47:35.658Z,KOTAK,ORD-1CADC633D2EB,SETTLED
KOTAK202606048174608,729407778776,722237,INR,2026-06-04T03:47:35.658Z,KOTAK,ORD-48C95DA20923,SETTLED
KOTAK202606044991948,428605861866,1544491,INR,2026-05-28T18:47:35.658Z,KOTAK,ORD-8916570D3367,SETTLED
KOTAK202606043029279,217686311648,3720359,INR,2026-06-04T13:47:35.658Z,KOTAK,ORD-93DA5D0427C1,SETTLED
KOTAK202606045862202,253760549854,2737453,INR,2026-06-02T17:47:35.658Z,KOTAK,ORD-C34C2B16FBAD,SETTLED
KOTAK202606049942516,095865535258,659237,INR,2026-06-03T00:47:35.658Z,KOTAK,ORD-425EEDBD1058,SETTLED
KOTAK202606048635620,576322643645,1716136,INR,2026-06-01T15:47:35.658Z,KOTAK,ORD-0DA4FD3DD58D,SETTLED
KOTAK202606042075229,231234881382,2756189,INR,2026-05-31T12:47:35.658Z,KOTAK,ORD-B38780F6BBCB,SETTLED
KOTAK202606047835906,910251083023,2608948,INR,2026-05-31T15:47:35.658Z,KOTAK,ORD-7DC5F0AE754E,SETTLED
KOTAK202606047683403,543840336869,2253716,INR,2026-05-30T11:47:35.658Z,KOTAK,ORD-AD6F8BE472DE,SETTLED
KOTAK202606049935823,981312372591,2492808,INR,2026-06-03T09:47:35.658Z,KOTAK,ORD-744EBF2A5FD6,SETTLED
KOTAK202606043290161,986930739388,3952066,INR,2026-05-28T23:47:35.658Z,KOTAK,ORD-4AF961669A6E,SETTLED
KOTAK202606048482961,155391360159,3684724,INR,2026-06-02T14:47:35.658Z,KOTAK,ORD-363939F87512,SETTLED
KOTAK202606042905666,789062519944,3825479,INR,2026-05-31T08:47:35.659Z,KOTAK,ORD-AD6B1D38E639,SETTLED
KOTAK202606044191996,443851472370,3057069,INR,2026-05-31T19:47:35.659Z,KOTAK,ORD-EAA969E878C4,SETTLED
KOTAK202606040473234,380895533192,1622309,INR,2026-05-31T15:47:35.659Z,KOTAK,ORD-51637CA2D26F,SETTLED
KOTAK202606043538172,514650172885,4990037,INR,2026-05-31T18:47:35.659Z,KOTAK,ORD-9CEE41AE616F,SETTLED
KOTAK202606043185361,916577214394,3653465,INR,2026-05-29T04:47:35.659Z,KOTAK,ORD-A6A8150F9274,SETTLED
KOTAK202606049282685,779809942719,3657698,INR,2026-06-03T18:47:35.659Z,KOTAK,ORD-796B44A061DB,SETTLED
KOTAK202606041297714,793396383257,4758112,INR,2026-05-28T21:47:35.659Z,KOTAK,ORD-30B05D6524AF,PENDING
KOTAK202606042642769,430047140133,2726116,INR,2026-05-29T13:47:35.659Z,KOTAK,ORD-6FC02ACA89E0,SETTLED
KOTAK202606042015813,308077485523,2506999,INR,2026-06-02T20:47:35.659Z,KOTAK,ORD-559E4C913E2C,SETTLED
KOTAK202606049335841,301755766558,681650,INR,2026-06-04T17:47:35.659Z,KOTAK,ORD-CCE83FA74DCE,SETTLED
KOTAK202606046630098,005261230813,472843,INR,2026-05-31T04:47:35.659Z,KOTAK,ORD-0F4AA9B7E57F,PENDING
KOTAK202606043634921,472977774951,3167017,INR,2026-05-31T13:47:35.659Z,KOTAK,ORD-0D6B3CF9C62F,SETTLED
KOTAK202606047307403,958712797363,268505,INR,2026-05-31T11:47:35.659Z,KOTAK,ORD-9DF1CFB98D38,SETTLED
KOTAK202606049157082,042578875543,3125163,INR,2026-06-02T02:47:35.659Z,KOTAK,ORD-538596AA7284,SETTLED
KOTAK202606041030287,767755526059,1633961,INR,2026-06-03T13:47:35.659Z,KOTAK,ORD-51851D9A3B4F,SETTLED
KOTAK202606043868551,766035228376,2075418,INR,2026-06-01T03:47:35.659Z,KOTAK,ORD-A3C01B1DC5D4,SETTLED
KOTAK202606042803080,558703843415,3099843,INR,2026-06-02T08:47:35.659Z,KOTAK,ORD-906F67CC3212,SETTLED
KOTAK202606046913249,929702643606,1462196,INR,2026-05-31T00:47:35.659Z,KOTAK,ORD-C1464A0502F3,SETTLED
KOTAK202606049522945,772910926900,4589175,INR,2026-06-01T18:47:35.659Z,KOTAK,ORD-137C8597ED4B,SETTLED
KOTAK202606047716414,339815436168,3650402,INR,2026-06-01T02:47:35.659Z,KOTAK,ORD-337A4788C7D5,SETTLED
KOTAK202606044970554,646673687010,1218465,INR,2026-06-04T12:47:35.659Z,KOTAK,ORD-1BC84271CEAD,SETTLED
KOTAK202606048703763,075542894518,4020455,INR,2026-05-29T19:47:35.659Z,KOTAK,ORD-0E76E59DCA33,SETTLED
KOTAK202606046613744,241558185195,771143,INR,2026-06-03T23:47:35.659Z,KOTAK,ORD-CE93ADCDEC50,PENDING
KOTAK202606049337039,451531960363,1770388,INR,2026-05-30T11:47:35.659Z,KOTAK,ORD-7329364CEC3D,SETTLED
KOTAK202606044140535,189333391767,4525765,INR,2026-05-31T07:47:35.659Z,KOTAK,ORD-3A925B813F33,SETTLED
KOTAK202606045822717,873162889215,189026,INR,2026-06-02T16:47:35.659Z,KOTAK,ORD-29BBF1AAB38B,SETTLED
KOTAK202606044125221,627969883780,3470517,INR,2026-05-30T11:47:35.659Z,KOTAK,ORD-2AEB5F4A3916,SETTLED
KOTAK202606048743560,313093929076,4430150,INR,2026-05-31T08:47:35.659Z,KOTAK,ORD-8131EC77AFDF,SETTLED
KOTAK202606048195330,800753131926,3132974,INR,2026-05-31T13:47:35.659Z,KOTAK,ORD-4DC26788E244,SETTLED
KOTAK202606045336343,265169840917,1003974,INR,2026-06-02T00:47:35.659Z,KOTAK,ORD-3505F00B9417,SETTLED
KOTAK202606042402352,941525398241,145380,INR,2026-05-30T20:47:35.659Z,KOTAK,ORD-075562E901E2,SETTLED
KOTAK202606044423623,987970167599,4336460,INR,2026-06-04T06:47:35.659Z,KOTAK,ORD-731D3F56A427,SETTLED
KOTAK202606041562695,337447504925,4462701,INR,2026-06-04T03:47:35.659Z,KOTAK,ORD-B0867332FD22,SETTLED
KOTAK202606040458127,786249908411,4272123,INR,2026-06-04T11:47:35.659Z,KOTAK,ORD-BCB0E4CBB8A1,SETTLED
KOTAK202606044308756,752257832625,3773365,INR,2026-06-01T00:47:35.659Z,KOTAK,ORD-E443FFD8CDC9,SETTLED
KOTAK202606046081550,720591179445,70085,INR,2026-05-30T02:47:35.659Z,KOTAK,ORD-CA2CF11C4424,SETTLED
KOTAK202606042197437,786589623719,56798,INR,2026-06-01T04:47:35.659Z,KOTAK,ORD-1490B1E6C964,SETTLED
KOTAK202606049681809,763106184115,144855,INR,2026-06-04T17:47:35.659Z,KOTAK,ORD-1FEF1725833C,SETTLED
KOTAK202606045376248,023103990712,843974,INR,2026-05-31T19:47:35.659Z,KOTAK,ORD-A8A4FAC3FD58,SETTLED
KOTAK202606046890367,825700480769,2865274,INR,2026-06-04T03:47:35.659Z,KOTAK,ORD-132EEB359D57,SETTLED
KOTAK202606043525309,561060297234,4548972,INR,2026-05-31T09:47:35.659Z,KOTAK,ORD-24C4DEB4B90F,SETTLED
KOTAK202606041224243,553803699878,1477637,INR,2026-05-30T18:47:35.659Z,KOTAK,ORD-1875B5D4C610,SETTLED
KOTAK202606048828334,074951965619,4611456,INR,2026-06-02T09:47:35.659Z,KOTAK,ORD-451A70A17E86,SETTLED
KOTAK202606042894471,039239852610,4517835,INR,2026-06-03T18:47:35.659Z,KOTAK,ORD-F122662F9FE8,SETTLED
KOTAK202606043056636,545585213568,1564714,INR,2026-05-31T07:47:35.659Z,KOTAK,ORD-7EE2E91BABF7,SETTLED
KOTAK202606045242652,068558757142,4063933,INR,2026-05-29T20:47:35.659Z,KOTAK,ORD-8BA11847F604,SETTLED
KOTAK202606044946904,141214306392,2907346,INR,2026-05-31T19:47:35.659Z,KOTAK,ORD-A0C7249E88C4,SETTLED
KOTAK202606042037713,249178731363,1649911,INR,2026-05-31T19:47:35.659Z,KOTAK,ORD-3B36C171BAA9,SETTLED
KOTAK202606041265513,203938624224,3135364,INR,2026-05-29T02:47:35.659Z,KOTAK,ORD-4BFE352BA2AC,SETTLED
KOTAK202606044733628,257600824552,3690095,INR,2026-06-04T17:47:35.659Z,KOTAK,ORD-41244E1B55CB,SETTLED
KOTAK202606048107591,150845798256,2511240,INR,2026-06-03T11:47:35.659Z,KOTAK,ORD-8FD5F855C1B8,SETTLED
KOTAK202606043638623,322131976665,1677807,INR,2026-06-02T23:47:35.659Z,KOTAK,ORD-C1E321B86813,SETTLED
KOTAK202606048708353,486916929511,4662091,INR,2026-06-04T16:47:35.659Z,KOTAK,ORD-58F903BB82E7,SETTLED
KOTAK202606046595816,784349715760,223533,INR,2026-05-29T10:47:35.659Z,KOTAK,ORD-ACBB3AD782A4,SETTLED
KOTAK202606044864962,434130145791,2956191,INR,2026-05-29T12:47:35.659Z,KOTAK,ORD-00B9552E8AD7,SETTLED
KOTAK202606044658590,419950414007,4511459,INR,2026-05-31T02:47:35.659Z,KOTAK,ORD-CF74985C85DC,SETTLED
KOTAK202606044043157,452277836106,4423226,INR,2026-05-28T21:47:35.659Z,KOTAK,ORD-07BB72A7E762,SETTLED
KOTAK202606042119153,948696637365,3889886,INR,2026-06-04T17:47:35.659Z,KOTAK,ORD-18223D9C3DCF,SETTLED
KOTAK202606043019143,277658760204,1281024,INR,2026-06-03T16:47:35.659Z,KOTAK,ORD-AE32C6CB04C5,SETTLED
KOTAK202606040126147,230765200234,1516305,INR,2026-06-01T20:47:35.659Z,KOTAK,ORD-0C7002FC9ADE,PENDING
KOTAK202606043859377,795350149416,1108960,INR,2026-05-30T06:47:35.659Z,KOTAK,ORD-CC2E0C0B51F0,SETTLED
KOTAK202606046006322,169243529287,243774,INR,2026-06-01T14:47:35.659Z,KOTAK,ORD-5D6238711BEF,SETTLED
KOTAK202606044997900,445642788935,4745766,INR,2026-06-02T21:47:35.659Z,KOTAK,ORD-B01609416471,SETTLED
KOTAK202606048026698,322886338989,2594788,INR,2026-05-31T22:47:35.659Z,KOTAK,ORD-0CF8C0E8C368,SETTLED
KOTAK202606044088662,883687147291,3112302,INR,2026-05-31T00:47:35.659Z,KOTAK,ORD-D888EE0E2297,SETTLED
KOTAK202606040686350,385622989727,3677701,INR,2026-06-02T04:47:35.659Z,KOTAK,ORD-6520C072E8CB,SETTLED
KOTAK202606044103138,836167852802,3562445,INR,2026-06-01T18:47:35.659Z,KOTAK,ORD-473B64609842,SETTLED
KOTAK202606046297126,234595802129,2565146,INR,2026-06-03T22:47:35.659Z,KOTAK,ORD-33E50869C440,SETTLED
KOTAK202606043429959,677891887780,3103820,INR,2026-05-30T17:47:35.659Z,KOTAK,ORD-2293E10FCA9C,SETTLED
KOTAK202606045047957,649540464953,1999140,INR,2026-06-03T12:47:35.659Z,KOTAK,ORD-06EBD8BC89DF,SETTLED
KOTAK202606044468019,679020039567,4488632,INR,2026-06-01T03:47:35.659Z,KOTAK,ORD-D788A6A131AF,SETTLED
KOTAK202606046444358,778691836784,2644365,INR,2026-06-02T11:47:35.659Z,KOTAK,ORD-C6110803C0FE,SETTLED
KOTAK202606041231451,860443103341,437396,INR,2026-06-04T13:47:35.659Z,KOTAK,ORD-13D32C95B788,SETTLED
KOTAK202606048628645,268608049858,3999018,INR,2026-06-02T01:47:35.659Z,KOTAK,ORD-ED1564AFE1BE,SETTLED
KOTAK202606040068116,284425143588,2145142,INR,2026-06-04T11:47:35.659Z,KOTAK,ORD-7EFB204745DE,SETTLED
KOTAK202606042083650,101568898458,4667319,INR,2026-06-04T00:47:35.659Z,KOTAK,ORD-0B92FFE00D87,SETTLED
KOTAK202606042608787,165190547148,2797872,INR,2026-06-03T18:47:35.659Z,KOTAK,ORD-F917673B528E,SETTLED
KOTAK202606041526819,332983679875,2684704,INR,2026-06-04T15:47:35.659Z,KOTAK,ORD-E0C72F3E75E3,SETTLED
KOTAK202606041697382,973520562943,4385292,INR,2026-06-03T19:47:35.659Z,KOTAK,ORD-C8B3F2076E0B,SETTLED
KOTAK202606041822175,974888553101,1150120,INR,2026-05-31T21:47:35.659Z,KOTAK,ORD-D4345BD044D8,SETTLED
KOTAK202606046368333,775916115235,3366579,INR,2026-05-31T00:47:35.659Z,KOTAK,ORD-A5A8BF3CBB8C,SETTLED
KOTAK202606048173730,713634699377,581992,INR,2026-06-02T22:47:35.659Z,KOTAK,ORD-F97E4FBFB8FF,SETTLED
KOTAK202606043908364,413070588945,2700401,INR,2026-06-02T16:47:35.659Z,KOTAK,ORD-801F53F31037,SETTLED
KOTAK202606047288064,274077469202,3678545,INR,2026-05-29T05:47:35.659Z,KOTAK,ORD-5B8ACB52F833,SETTLED
KOTAK202606049675716,749602927107,3217458,INR,2026-06-01T21:47:35.659Z,KOTAK,ORD-168A8B537B4D,SETTLED
KOTAK202606043199570,142512750979,2481228,INR,2026-06-01T18:47:35.659Z,KOTAK,ORD-6A69D7EA8923,SETTLED
KOTAK202606044149674,240039431649,902276,INR,2026-06-04T13:47:35.659Z,KOTAK,ORD-7E37766B8A77,SETTLED
KOTAK202606046086988,770522544558,1857483,INR,2026-05-31T02:47:35.659Z,KOTAK,ORD-4D167CDB23B5,SETTLED
KOTAK202606046208002,208433193666,4746673,INR,2026-06-02T03:47:35.659Z,KOTAK,ORD-8EBC0883B2A2,SETTLED
KOTAK202606043190157,989446015561,4611403,INR,2026-05-29T17:47:35.659Z,KOTAK,ORD-82B0754B59AF,SETTLED
KOTAK202606048099689,074472022147,4989788,INR,2026-06-01T02:47:35.659Z,KOTAK,ORD-472E648DAB46,SETTLED
KOTAK202606044674611,173005256788,499324,INR,2026-05-28T23:47:35.659Z,KOTAK,ORD-3DA49C113377,SETTLED
KOTAK202606048565850,945104956091,2075459,INR,2026-06-03T08:47:35.659Z,KOTAK,ORD-591F3E0ECA06,SETTLED
KOTAK202606045333876,858269682698,3142779,INR,2026-05-30T23:47:35.659Z,KOTAK,ORD-051156C12770,SETTLED
KOTAK202606040978611,250233387523,2057943,INR,2026-06-04T00:47:35.659Z,KOTAK,ORD-302A0BE44A57,SETTLED
KOTAK202606047279869,364596660841,3162816,INR,2026-06-01T07:47:35.659Z,KOTAK,ORD-E50321D74020,SETTLED
KOTAK202606045827076,916087943719,316363,INR,2026-05-29T07:47:35.659Z,KOTAK,ORD-66384F61ED33,SETTLED
KOTAK202606044656973,437658569503,3550995,INR,2026-06-03T23:47:35.659Z,KOTAK,ORD-F81616B933A1,SETTLED
KOTAK202606043863156,366602596768,1119547,INR,2026-06-01T02:47:35.659Z,KOTAK,ORD-350E75BD9BCB,SETTLED
KOTAK202606047351358,094114731388,3152238,INR,2026-06-02T21:47:35.659Z,KOTAK,ORD-71F00A9FC41E,SETTLED
KOTAK202606046669290,000261434826,3269364,INR,2026-05-31T02:47:35.659Z,KOTAK,ORD-FB6EAB7709C9,SETTLED
KOTAK202606048744284,808840108082,4302449,INR,2026-06-03T08:47:35.659Z,KOTAK,ORD-90D0E814560E,SETTLED
KOTAK202606041080614,747124049188,1767331,INR,2026-06-01T16:47:35.659Z,KOTAK,ORD-38DD5CDE7F3A,SETTLED
KOTAK202606045978847,059830688127,235992,INR,2026-05-29T04:47:35.659Z,KOTAK,ORD-A78FFEEE25CA,SETTLED
KOTAK202606043052167,141816392091,437263,INR,2026-05-28T19:47:35.659Z,KOTAK,ORD-703AB48BAE56,SETTLED
KOTAK202606043114472,457949412156,3472946,INR,2026-05-29T16:47:35.659Z,KOTAK,ORD-D636FEDB5CAC,SETTLED
KOTAK202606042087103,887525362930,1864825,INR,2026-06-02T18:47:35.659Z,KOTAK,ORD-C4DD63D9711B,SETTLED
KOTAK202606048323084,645414894377,906652,INR,2026-06-02T06:47:35.659Z,KOTAK,ORD-626CD0BBD3A2,SETTLED
KOTAK202606044008386,979204691924,41954,INR,2026-06-01T13:47:35.659Z,KOTAK,ORD-E41897489BA7,SETTLED
KOTAK202606047371313,163290718779,2245668,INR,2026-05-30T12:47:35.659Z,KOTAK,ORD-22262E581D40,SETTLED
KOTAK202606041533358,369751806134,3986180,INR,2026-06-01T12:47:35.659Z,KOTAK,ORD-F0A39178BEF3,SETTLED
KOTAK202606045291969,253472361689,4197342,INR,2026-05-31T07:47:35.659Z,KOTAK,ORD-32E8C6B08724,SETTLED
KOTAK202606045772861,965811022485,1874208,INR,2026-06-03T11:47:35.659Z,KOTAK,ORD-9A64E7F44342,SETTLED
KOTAK202606044389513,190667760593,1865798,INR,2026-06-02T00:47:35.659Z,KOTAK,ORD-0CCBCA25E470,PENDING
KOTAK202606040204236,688929884098,1357543,INR,2026-05-28T20:47:35.659Z,KOTAK,ORD-E75C223E0C4E,SETTLED
KOTAK202606046748279,090077600393,3861843,INR,2026-06-01T08:47:35.659Z,KOTAK,ORD-D1BC0693A2BE,SETTLED
KOTAK202606043345443,184153558483,2085201,INR,2026-05-30T15:47:35.659Z,KOTAK,ORD-953C33A66C01,SETTLED
KOTAK202606046597624,588272299837,4191495,INR,2026-05-31T01:47:35.659Z,KOTAK,ORD-ADDB3865D91E,SETTLED
KOTAK202606046696002,318170695265,3983198,INR,2026-06-03T16:47:35.659Z,KOTAK,ORD-32A4BFE4D386,SETTLED
KOTAK202606042048539,747257229944,2708756,INR,2026-05-29T18:47:35.659Z,KOTAK,ORD-C6C7AF0D6027,SETTLED
KOTAK202606048645632,156949928795,3682507,INR,2026-05-30T22:47:35.659Z,KOTAK,ORD-4F0AC054DE10,SETTLED
KOTAK202606043950121,954676040243,568215,INR,2026-06-01T10:47:35.659Z,KOTAK,ORD-550D66D363A1,SETTLED
KOTAK202606045317789,103192024613,2415351,INR,2026-06-01T16:47:35.659Z,KOTAK,ORD-D7102CEF3EB3,SETTLED
KOTAK202606045566896,976385253635,1233136,INR,2026-06-04T13:47:35.659Z,KOTAK,ORD-9BB200D41DBA,SETTLED
KOTAK202606047131234,649302734815,122305,INR,2026-06-04T03:47:35.659Z,KOTAK,ORD-A4074C386DFD,SETTLED
KOTAK202606044238715,357823026013,2705024,INR,2026-05-31T11:47:35.659Z,KOTAK,ORD-F87D57B0886A,SETTLED
KOTAK202606040906646,674037340762,2572024,INR,2026-05-31T10:47:35.659Z,KOTAK,ORD-B3F276CEC91F,SETTLED
KOTAK202606048973687,591360179342,2078156,INR,2026-05-31T17:47:35.659Z,KOTAK,ORD-78144F6329DF,SETTLED
KOTAK202606046990436,354353073563,2894808,INR,2026-06-04T00:47:35.659Z,KOTAK,ORD-6CCEFEB31B7F,SETTLED
KOTAK202606048760961,203978425204,840314,INR,2026-05-31T10:47:35.659Z,KOTAK,ORD-46F2B6A18D6A,SETTLED
KOTAK202606045831689,380581102095,4604043,INR,2026-06-02T05:47:35.659Z,KOTAK,ORD-94922046415A,SETTLED
KOTAK202606041612873,342037511516,2918886,INR,2026-05-31T13:47:35.659Z,KOTAK,ORD-01CD7C68092B,SETTLED
KOTAK202606041691179,440144936676,4724316,INR,2026-06-01T09:47:35.659Z,KOTAK,ORD-77C395E70938,SETTLED
KOTAK202606042429558,974426571920,884757,INR,2026-06-02T07:47:35.659Z,KOTAK,ORD-404764FE3322,SETTLED
KOTAK202606044060168,766094684491,2231256,INR,2026-05-29T14:47:35.659Z,KOTAK,ORD-420B7C038B74,SETTLED
KOTAK202606040322586,546096075219,388223,INR,2026-05-28T23:47:35.659Z,KOTAK,ORD-3AD8E24BACC4,SETTLED
KOTAK202606043602824,327880355465,4015929,INR,2026-05-29T04:47:35.659Z,KOTAK,ORD-3F6F442B1F71,SETTLED
KOTAK202606049774684,262744997404,2705198,INR,2026-05-29T15:47:35.659Z,KOTAK,ORD-08DFDC7F80D4,SETTLED
KOTAK202606041979050,010056119765,3216966,INR,2026-06-02T20:47:35.659Z,KOTAK,ORD-E54F9C5F664C,SETTLED
KOTAK202606046387384,102470352364,458684,INR,2026-05-29T05:47:35.659Z,KOTAK,ORD-8BEE813C22DA,SETTLED
KOTAK202606047217189,630302641359,268470,INR,2026-05-29T09:47:35.659Z,KOTAK,ORD-CD9F48307C3D,SETTLED
KOTAK202606047367237,391588009889,2591966,INR,2026-06-01T17:47:35.659Z,KOTAK,ORD-9F6861D5B5B0,PENDING
KOTAK202606043602031,224780366166,1916990,INR,2026-06-04T09:47:35.659Z,KOTAK,ORD-A473A85EC49C,SETTLED
KOTAK202606043684321,865801672305,2899946,INR,2026-06-03T19:47:35.659Z,KOTAK,ORD-BC294311CAA2,SETTLED
KOTAK202606045484752,204289312114,3969929,INR,2026-05-29T12:47:35.659Z,KOTAK,ORD-FA140696F376,SETTLED
KOTAK202606047986816,824398790700,975260,INR,2026-06-02T18:47:35.659Z,KOTAK,ORD-D276B1C5F747,SETTLED
KOTAK202606047486936,035175560169,33529,INR,2026-05-30T06:47:35.659Z,KOTAK,ORD-F17B57819C6E,SETTLED
KOTAK202606040563108,848168337645,4986699,INR,2026-05-30T21:47:35.659Z,KOTAK,ORD-0216C8C748A2,SETTLED
KOTAK202606047845732,094632257742,3504467,INR,2026-05-29T02:47:35.659Z,KOTAK,ORD-49EB06D45B3E,SETTLED
KOTAK202606045288445,400001431118,2415048,INR,2026-06-04T06:47:35.659Z,KOTAK,ORD-35C8F2C781CE,SETTLED
KOTAK202606048607145,819764525014,2895558,INR,2026-05-30T14:47:35.659Z,KOTAK,ORD-6A1771640FCA,SETTLED
KOTAK202606046850018,970517402454,2561796,INR,2026-05-31T12:47:35.659Z,KOTAK,ORD-AE48DDCEE388,SETTLED
KOTAK202606041441838,883675283545,1094823,INR,2026-06-04T14:47:35.659Z,KOTAK,ORD-E5398F1426A4,SETTLED
KOTAK202606044363636,122521403293,1247513,INR,2026-06-04T13:47:35.659Z,KOTAK,ORD-624FF2926BAC,SETTLED
KOTAK202606040295209,869078640961,3078104,INR,2026-06-04T06:47:35.659Z,KOTAK,ORD-E60E41AB0645,SETTLED
KOTAK202606042712461,395989797704,1381918,INR,2026-06-02T17:47:35.659Z,KOTAK,ORD-FCF43D1DEA2E,SETTLED
KOTAK202606045545747,391769473203,1757086,INR,2026-06-02T23:47:35.659Z,KOTAK,ORD-337ED2AA43A9,SETTLED
KOTAK202606043143889,969594015440,691588,INR,2026-06-01T21:47:35.659Z,KOTAK,ORD-5A1671EE7F82,SETTLED
KOTAK202606049293818,921130398465,2303656,INR,2026-06-02T17:47:35.659Z,KOTAK,ORD-87348256ACE5,SETTLED
KOTAK202606045854968,913557163457,3762463,INR,2026-06-01T09:47:35.660Z,KOTAK,ORD-D19A6A1B630A,SETTLED
KOTAK202606047926034,959427039754,4652324,INR,2026-06-03T00:47:35.660Z,KOTAK,ORD-CA639CC350BA,SETTLED
KOTAK202606041280890,450871658105,3270227,INR,2026-05-31T22:47:35.660Z,KOTAK,ORD-B4A7D79A29E9,SETTLED