UTR,RRN,Amount,Currency,Settlement_Date,Bank_Name,Merchant_Ref,Status
KOTAK202605236652177,888040980831,1357095,INR,2026-05-19T20:54:06.271Z,KOTAK,ORD-64F702A5CB6B,SETTLED
KOTAK202605234195922,167637562177,2768490,INR,2026-05-24T03:54:06.271Z,KOTAK,ORD-6364FA145E6B,SETTLED
KOTAK202605235877858,367696129623,2712532,INR,2026-05-22T11:54:06.271Z,KOTAK,ORD-FFDC9896B16B,SETTLED
KOTAK202605233741465,314282653577,2234119,INR,2026-05-18T15:54:06.271Z,KOTAK,ORD-90E8DFDBDF3A,SETTLED
KOTAK202605238495261,612034312685,1369205,INR,2026-05-17T16:54:06.271Z,KOTAK,ORD-B2F9E2F3696C,SETTLED
KOTAK202605232606213,853165121687,1554042,INR,2026-05-17T18:54:06.271Z,KOTAK,ORD-852C81434110,SETTLED
KOTAK202605230776726,048562631065,1501645,INR,2026-05-22T02:54:06.271Z,KOTAK,ORD-A8D3EB0A4325,SETTLED
KOTAK202605230425092,873506947191,989834,INR,2026-05-20T17:54:06.271Z,KOTAK,ORD-F9C7456D7034,SETTLED
KOTAK202605234020671,854291609859,1209302,INR,2026-05-23T15:54:06.271Z,KOTAK,ORD-997D05D0845B,SETTLED
KOTAK202605230385955,191617579651,885683,INR,2026-05-19T04:54:06.271Z,KOTAK,ORD-9588816B0F6E,SETTLED
KOTAK202605231497788,266945920428,1815462,INR,2026-05-23T11:54:06.271Z,KOTAK,ORD-C662151F7670,PENDING
KOTAK202605238409545,253361895643,2161629,INR,2026-05-21T22:54:06.271Z,KOTAK,ORD-A9604E165CAA,SETTLED
KOTAK202605234008384,051070661647,1598180,INR,2026-05-24T01:54:06.272Z,KOTAK,ORD-7EE7BEC1956A,SETTLED
KOTAK202605232798586,672761553375,4668648,INR,2026-05-22T08:54:06.272Z,KOTAK,ORD-08FF755FD3D9,SETTLED
KOTAK202605238650162,123312709356,3535023,INR,2026-05-18T05:54:06.272Z,KOTAK,ORD-3F0D44DC9F64,SETTLED
KOTAK202605237364417,348780453877,2799806,INR,2026-05-24T02:54:06.272Z,KOTAK,ORD-DFEEDADD5D06,SETTLED
KOTAK202605238276500,626655833919,4243904,INR,2026-05-23T12:54:06.272Z,KOTAK,ORD-3EB0E567DE42,SETTLED
KOTAK202605238140418,927254788949,4177297,INR,2026-05-22T09:54:06.272Z,KOTAK,ORD-418ACED9CE5E,SETTLED
KOTAK202605239292454,009332423881,3787223,INR,2026-05-17T22:54:06.272Z,KOTAK,ORD-76D3E1DA86C7,SETTLED
KOTAK202605231293272,207423757280,2593213,INR,2026-05-20T18:54:06.272Z,KOTAK,ORD-FDADAD032333,SETTLED
KOTAK202605238387352,282252779456,2534965,INR,2026-05-17T18:54:06.272Z,KOTAK,ORD-13726E5054BC,PENDING
KOTAK202605230207267,534333292737,4571859,INR,2026-05-20T17:54:06.272Z,KOTAK,ORD-F4BED1252720,SETTLED
KOTAK202605231106065,952938843509,2293526,INR,2026-05-20T07:54:06.272Z,KOTAK,ORD-0B3B1179B7DC,SETTLED
KOTAK202605232402208,226778768605,300692,INR,2026-05-21T11:54:06.272Z,KOTAK,ORD-E9D297E291CF,SETTLED
KOTAK202605234927416,632302271557,2537349,INR,2026-05-19T04:54:06.272Z,KOTAK,ORD-466D90CD6EA4,SETTLED
KOTAK202605231668713,496529424757,3166473,INR,2026-05-20T12:54:06.272Z,KOTAK,ORD-491B024696D6,SETTLED
KOTAK202605239745102,326752746230,3096086,INR,2026-05-17T10:54:06.272Z,KOTAK,ORD-D86ABF199063,SETTLED
KOTAK202605234850622,976387962773,1267081,INR,2026-05-18T00:54:06.272Z,KOTAK,ORD-8CB21AFC36E0,SETTLED
KOTAK202605235861219,316189967647,4728522,INR,2026-05-21T21:54:06.272Z,KOTAK,ORD-FF90AFDB5336,PENDING
KOTAK202605237997944,872310650068,3475166,INR,2026-05-22T17:54:06.272Z,KOTAK,ORD-38CADEA72B0F,SETTLED
KOTAK202605234547161,257313601992,3448247,INR,2026-05-21T04:54:06.272Z,KOTAK,ORD-B6990E8E8E3E,SETTLED
KOTAK202605233572906,865814571434,4971719,INR,2026-05-22T09:54:06.272Z,KOTAK,ORD-302375F8E2B9,SETTLED
KOTAK202605239326346,092981069638,1218450,INR,2026-05-19T09:54:06.272Z,KOTAK,ORD-4CE141715803,SETTLED
KOTAK202605239359727,309415486027,1319932,INR,2026-05-20T17:54:06.272Z,KOTAK,ORD-272CC5FA03A1,SETTLED
KOTAK202605235976154,274524993515,132677,INR,2026-05-20T05:54:06.272Z,KOTAK,ORD-ECEDD4F667E4,SETTLED
KOTAK202605238912665,149195397780,4289807,INR,2026-05-23T18:54:06.272Z,KOTAK,ORD-3D674888C378,SETTLED
KOTAK202605231334041,174691459498,269611,INR,2026-05-17T15:54:06.272Z,KOTAK,ORD-0C60290E6F96,SETTLED
KOTAK202605237378858,977450276544,3348347,INR,2026-05-18T10:54:06.272Z,KOTAK,ORD-DFE19002A78B,SETTLED
KOTAK202605235518235,544633209391,395609,INR,2026-05-23T08:54:06.272Z,KOTAK,ORD-12E627AEB88C,SETTLED
KOTAK202605238435305,899816168711,4865574,INR,2026-05-20T07:54:06.272Z,KOTAK,ORD-3F87E5B18BDA,SETTLED
KOTAK202605233507167,519568330287,3653596,INR,2026-05-20T08:54:06.272Z,KOTAK,ORD-C5A254CB95D8,SETTLED
KOTAK202605236312391,622174133773,3356689,INR,2026-05-21T16:54:06.272Z,KOTAK,ORD-3C47A26CBBE0,SETTLED
KOTAK202605234148392,655247206063,4795683,INR,2026-05-18T10:54:06.272Z,KOTAK,ORD-5963D0B80BDE,SETTLED
KOTAK202605239049292,235186785840,2009010,INR,2026-05-22T06:54:06.272Z,KOTAK,ORD-27B491C03D9A,SETTLED
KOTAK202605236267851,871038546814,25591,INR,2026-05-19T08:54:06.272Z,KOTAK,ORD-1D1F053A2C12,SETTLED
KOTAK202605239172618,760817967903,4019226,INR,2026-05-22T15:54:06.272Z,KOTAK,ORD-E8ABE8138203,PENDING
KOTAK202605238814678,864470987125,4609041,INR,2026-05-19T10:54:06.272Z,KOTAK,ORD-1E79BE72A5CE,PENDING
KOTAK202605234371046,426851992804,2769997,INR,2026-05-21T09:54:06.272Z,KOTAK,ORD-6861A4EA4DF7,SETTLED
KOTAK202605236129302,095545080875,4904244,INR,2026-05-21T14:54:06.272Z,KOTAK,ORD-D4671F9743B8,SETTLED
KOTAK202605230945409,694998067509,3197694,INR,2026-05-20T05:54:06.272Z,KOTAK,ORD-B6BC99F50F66,SETTLED
KOTAK202605237374326,980465384636,3731043,INR,2026-05-17T15:54:06.272Z,KOTAK,ORD-9AC7BEA75F22,SETTLED
KOTAK202605231161560,903165078132,106707,INR,2026-05-17T19:54:06.272Z,KOTAK,ORD-AD6AC08732CE,SETTLED
KOTAK202605236470646,479478509575,4644262,INR,2026-05-21T19:54:06.272Z,KOTAK,ORD-AEF53F54C041,SETTLED
KOTAK202605236906711,065414382930,4541699,INR,2026-05-18T20:54:06.272Z,KOTAK,ORD-39E5CF37F6F7,SETTLED
KOTAK202605239385723,330005460724,52978,INR,2026-05-20T11:54:06.272Z,KOTAK,ORD-57AB658CF111,SETTLED
KOTAK202605239841373,563872858541,3727014,INR,2026-05-18T06:54:06.272Z,KOTAK,ORD-8AA881D19E7F,SETTLED
KOTAK202605236267620,470671737844,2237310,INR,2026-05-19T02:54:06.272Z,KOTAK,ORD-D00FB910F34C,SETTLED
KOTAK202605239627656,935004356441,3305187,INR,2026-05-23T12:54:06.272Z,KOTAK,ORD-ECCDDEAFD306,SETTLED
KOTAK202605233601887,569371257250,1080728,INR,2026-05-20T20:54:06.272Z,KOTAK,ORD-4DD30A06B4EE,SETTLED
KOTAK202605238984975,559671798222,3564412,INR,2026-05-23T06:54:06.272Z,KOTAK,ORD-0FAC3808ED1B,SETTLED
KOTAK202605237687184,170474958095,2641130,INR,2026-05-20T15:54:06.272Z,KOTAK,ORD-3F08CD2E661C,SETTLED
KOTAK202605235023169,235613354339,2154184,INR,2026-05-20T23:54:06.272Z,KOTAK,ORD-E2C4F522739D,SETTLED
KOTAK202605230995939,881999650686,3629851,INR,2026-05-17T18:54:06.272Z,KOTAK,ORD-DA5670E4BC28,SETTLED
KOTAK202605233997119,081514052413,2631518,INR,2026-05-21T23:54:06.272Z,KOTAK,ORD-6B791F3C17C8,SETTLED
KOTAK202605231536519,374657538275,723282,INR,2026-05-18T06:54:06.272Z,KOTAK,ORD-1A7B8309E91E,SETTLED
KOTAK202605232124434,060915583117,1738108,INR,2026-05-21T01:54:06.272Z,KOTAK,ORD-056D30B7E16E,SETTLED
KOTAK202605232501527,071778839253,3212453,INR,2026-05-22T10:54:06.272Z,KOTAK,ORD-2B3C6F3A3D1F,SETTLED
KOTAK202605235148903,123854499554,1853833,INR,2026-05-22T22:54:06.272Z,KOTAK,ORD-572FFB364ECC,SETTLED
KOTAK202605235166429,754635976071,269586,INR,2026-05-21T23:54:06.272Z,KOTAK,ORD-9EC1D059FD1E,PENDING
KOTAK202605238386626,854173306604,4455128,INR,2026-05-21T14:54:06.272Z,KOTAK,ORD-C22B1AD5C459,SETTLED
KOTAK202605232436522,992082651348,1426046,INR,2026-05-19T21:54:06.272Z,KOTAK,ORD-0351CBC34704,SETTLED
KOTAK202605238825688,635286175069,1864675,INR,2026-05-19T00:54:06.272Z,KOTAK,ORD-146E2174BCB0,SETTLED
KOTAK202605233611930,577767832362,205203,INR,2026-05-23T04:54:06.272Z,KOTAK,ORD-A93D2879C271,SETTLED
KOTAK202605231838946,658079993868,4706746,INR,2026-05-22T03:54:06.272Z,KOTAK,ORD-6EDFEE3D00EB,SETTLED
KOTAK202605238281533,471177996085,1195782,INR,2026-05-22T13:54:06.272Z,KOTAK,ORD-772A29794792,SETTLED
KOTAK202605232642363,145121135487,3011368,INR,2026-05-19T15:54:06.272Z,KOTAK,ORD-D997635F93FA,SETTLED
KOTAK202605232142053,807803920941,1910237,INR,2026-05-22T02:54:06.272Z,KOTAK,ORD-13DDCB476361,SETTLED
KOTAK202605236499642,132989986783,2883244,INR,2026-05-20T20:54:06.273Z,KOTAK,ORD-38983A500E60,SETTLED
KOTAK202605237338567,297271088051,1592986,INR,2026-05-17T17:54:06.273Z,KOTAK,ORD-0F2729367733,SETTLED
KOTAK202605232623937,633687737051,2415911,INR,2026-05-18T15:54:06.273Z,KOTAK,ORD-DD328EA1029B,SETTLED
KOTAK202605237707981,844369840773,3030048,INR,2026-05-18T07:54:06.273Z,KOTAK,ORD-3EB952F0B311,SETTLED
KOTAK202605232762428,125694954960,3311479,INR,2026-05-20T16:54:06.273Z,KOTAK,ORD-91145F312663,SETTLED
KOTAK202605235971031,019354486984,187103,INR,2026-05-21T02:54:06.273Z,KOTAK,ORD-D887ECEDF9EC,SETTLED
KOTAK202605236600573,570061102334,3629540,INR,2026-05-21T11:54:06.273Z,KOTAK,ORD-C9D1DEEC16D8,SETTLED
KOTAK202605232279480,671386695510,4009691,INR,2026-05-18T18:54:06.273Z,KOTAK,ORD-CBF51741D540,SETTLED
KOTAK202605235133695,906201155719,1119651,INR,2026-05-23T03:54:06.273Z,KOTAK,ORD-15E4E4785358,SETTLED
KOTAK202605236235117,198255679777,4933132,INR,2026-05-22T09:54:06.273Z,KOTAK,ORD-626DEE46569E,SETTLED
KOTAK202605236184115,032039828335,2693750,INR,2026-05-20T10:54:06.273Z,KOTAK,ORD-EAA5B863D14D,SETTLED
KOTAK202605232181254,696552055868,4244677,INR,2026-05-20T11:54:06.273Z,KOTAK,ORD-3A2C2E64FCA9,SETTLED
KOTAK202605233568905,582037728580,4554721,INR,2026-05-17T19:54:06.273Z,KOTAK,ORD-7C8E04278BF6,SETTLED
KOTAK202605238254816,468310840057,4464894,INR,2026-05-21T20:54:06.273Z,KOTAK,ORD-8144EC0C0BD6,SETTLED
KOTAK202605232069271,468096009326,197030,INR,2026-05-23T14:54:06.273Z,KOTAK,ORD-EDC614BBBE25,SETTLED
KOTAK202605235192279,525147658395,3018056,INR,2026-05-23T19:54:06.273Z,KOTAK,ORD-2909BAEEA24A,SETTLED
KOTAK202605234698375,197849876594,3993582,INR,2026-05-22T19:54:06.273Z,KOTAK,ORD-AD8CC85D7E06,SETTLED
KOTAK202605232267728,312592363737,4621611,INR,2026-05-17T19:54:06.273Z,KOTAK,ORD-0E26CFA5B1F1,SETTLED
KOTAK202605234875245,621086602702,397119,INR,2026-05-18T13:54:06.273Z,KOTAK,ORD-402C3F50DAA7,SETTLED
KOTAK202605239804945,802730606985,4214241,INR,2026-05-22T09:54:06.273Z,KOTAK,ORD-4E9DE05E61FD,SETTLED
KOTAK202605234388267,898823176749,2034195,INR,2026-05-19T20:54:06.273Z,KOTAK,ORD-484348D9FFB1,SETTLED
KOTAK202605239189756,960958050838,1947622,INR,2026-05-23T21:54:06.273Z,KOTAK,ORD-D3B8BE44A507,SETTLED
KOTAK202605236360204,614634629854,2377596,INR,2026-05-20T10:54:06.273Z,KOTAK,ORD-5084F94AA349,SETTLED
KOTAK202605236641667,119093286701,1856346,INR,2026-05-22T18:54:06.273Z,KOTAK,ORD-041A0C4E02A5,SETTLED
KOTAK202605230392283,877794808302,14538,INR,2026-05-23T00:54:06.273Z,KOTAK,ORD-A3E7D13BC81B,SETTLED
KOTAK202605233791620,133940174428,931987,INR,2026-05-21T15:54:06.273Z,KOTAK,ORD-18692591C5DE,SETTLED
KOTAK202605236325107,837570087077,3875867,INR,2026-05-19T09:54:06.273Z,KOTAK,ORD-DE649358790A,SETTLED
KOTAK202605238612807,779528172121,2239008,INR,2026-05-17T22:54:06.273Z,KOTAK,ORD-4167EEDC55A7,SETTLED
KOTAK202605234106476,255741278095,207538,INR,2026-05-17T23:54:06.273Z,KOTAK,ORD-B428773F0220,SETTLED
KOTAK202605235791723,345431950606,2596751,INR,2026-05-21T12:54:06.273Z,KOTAK,ORD-10DA0E2C9D8C,SETTLED
KOTAK202605239305883,053715896506,2111955,INR,2026-05-21T17:54:06.273Z,KOTAK,ORD-83564E229E43,SETTLED
KOTAK202605239578979,408455806236,2499750,INR,2026-05-17T12:54:06.273Z,KOTAK,ORD-D9EA18781616,SETTLED
KOTAK202605238278649,548125673417,4150492,INR,2026-05-21T14:54:06.273Z,KOTAK,ORD-834AE7B0952C,SETTLED
KOTAK202605232429276,153758807160,3763903,INR,2026-05-19T05:54:06.273Z,KOTAK,ORD-10DC42645DAB,SETTLED
KOTAK202605234398179,801231654521,3553483,INR,2026-05-23T17:54:06.273Z,KOTAK,ORD-ACE4BB412F53,SETTLED
KOTAK202605238682327,345980321273,2775520,INR,2026-05-19T18:54:06.273Z,KOTAK,ORD-29C9CB830E53,SETTLED
KOTAK202605234742703,665484786821,430701,INR,2026-05-24T00:54:06.273Z,KOTAK,ORD-E99F783378DF,SETTLED
KOTAK202605232385184,298846364797,2907322,INR,2026-05-22T05:54:06.273Z,KOTAK,ORD-63B45CDE6852,PENDING
KOTAK202605233856314,845911947641,2177154,INR,2026-05-23T20:54:06.273Z,KOTAK,ORD-802708F550D7,SETTLED
KOTAK202605237089681,409570315013,3458646,INR,2026-05-22T06:54:06.273Z,KOTAK,ORD-ED985A6A16D3,SETTLED
KOTAK202605239085895,340152150169,425303,INR,2026-05-18T08:54:06.273Z,KOTAK,ORD-ED7A4B40D828,SETTLED
KOTAK202605239000762,836397018375,4143774,INR,2026-05-20T00:54:06.273Z,KOTAK,ORD-6429326D5CE3,PENDING
KOTAK202605234388371,543562409888,3780172,INR,2026-05-20T15:54:06.273Z,KOTAK,ORD-3A650B816273,SETTLED
KOTAK202605237133441,068094654491,2581165,INR,2026-05-20T02:54:06.273Z,KOTAK,ORD-5E6955630C3C,SETTLED
KOTAK202605230626318,441750093434,3518421,INR,2026-05-20T05:54:06.273Z,KOTAK,ORD-06B8B9CBC66B,SETTLED
KOTAK202605235189663,853393081007,1436960,INR,2026-05-18T08:54:06.273Z,KOTAK,ORD-DDF074ED032D,SETTLED
KOTAK202605238440050,297381432094,2192006,INR,2026-05-23T14:54:06.273Z,KOTAK,ORD-D8C33210E84F,SETTLED
KOTAK202605235468579,767094498867,4323225,INR,2026-05-18T07:54:06.273Z,KOTAK,ORD-C6A51FDCED15,SETTLED
KOTAK202605231156044,402707089146,3754482,INR,2026-05-19T15:54:06.273Z,KOTAK,ORD-645D02526CAA,SETTLED
KOTAK202605239435439,095772789054,3384709,INR,2026-05-21T07:54:06.273Z,KOTAK,ORD-FAA9C5C98058,SETTLED
KOTAK202605237037576,566905987089,1314145,INR,2026-05-23T14:54:06.273Z,KOTAK,ORD-EFD186765003,SETTLED
KOTAK202605230086465,913434110623,3164825,INR,2026-05-22T13:54:06.273Z,KOTAK,ORD-3DC8F9A32D7F,SETTLED
KOTAK202605235716872,904587550917,1015766,INR,2026-05-22T10:54:06.273Z,KOTAK,ORD-0D5CA45C4802,SETTLED
KOTAK202605233835243,869915305517,2185493,INR,2026-05-22T05:54:06.273Z,KOTAK,ORD-25A1A2B4C4E6,SETTLED
KOTAK202605231828379,466224353722,121183,INR,2026-05-23T20:54:06.273Z,KOTAK,ORD-9608EA5EF3E2,PENDING
KOTAK202605233355913,774768778684,4824151,INR,2026-05-19T04:54:06.273Z,KOTAK,ORD-9B31E1A6DED2,SETTLED
KOTAK202605232641121,891145644402,1716516,INR,2026-05-19T16:54:06.273Z,KOTAK,ORD-BBA9F25B3723,SETTLED
KOTAK202605234282038,324684999849,3928637,INR,2026-05-23T23:54:06.273Z,KOTAK,ORD-15D568E766D7,SETTLED
KOTAK202605238671069,840173481054,181950,INR,2026-05-19T07:54:06.273Z,KOTAK,ORD-4BE1112A7880,SETTLED
KOTAK202605232313959,494676301364,3186009,INR,2026-05-18T13:54:06.273Z,KOTAK,ORD-C87F90B91D7E,SETTLED
KOTAK202605231855008,597712624153,2871928,INR,2026-05-17T07:54:06.273Z,KOTAK,ORD-ADC2B9552CC1,SETTLED
KOTAK202605231197273,412958660895,4828992,INR,2026-05-19T15:54:06.273Z,KOTAK,ORD-050647FCB6C9,SETTLED
KOTAK202605232022499,069963510511,2146686,INR,2026-05-19T00:54:06.273Z,KOTAK,ORD-16B952E165A9,SETTLED
KOTAK202605236947573,785650402806,2589219,INR,2026-05-17T12:54:06.273Z,KOTAK,ORD-5BBCCC044584,SETTLED
KOTAK202605235773585,718747173891,573847,INR,2026-05-22T23:54:06.273Z,KOTAK,ORD-6C6A2FDC95B6,SETTLED
KOTAK202605231900751,302352220407,3123194,INR,2026-05-20T01:54:06.273Z,KOTAK,ORD-0B01004C70D0,SETTLED
KOTAK202605238420798,923243377537,963423,INR,2026-05-19T20:54:06.273Z,KOTAK,ORD-407DF2C067AB,SETTLED
KOTAK202605231866879,330728282956,674073,INR,2026-05-23T17:54:06.274Z,KOTAK,ORD-FBF0EE6A9DC7,SETTLED
KOTAK202605234104263,990605794259,4481722,INR,2026-05-21T17:54:06.274Z,KOTAK,ORD-627F961C8CD2,SETTLED
KOTAK202605238266337,032749721272,4605254,INR,2026-05-21T23:54:06.274Z,KOTAK,ORD-DED4C7B2B6C3,PENDING
KOTAK202605235982320,546851881584,676724,INR,2026-05-19T01:54:06.274Z,KOTAK,ORD-EEDFCBE9FEC0,SETTLED
KOTAK202605237750756,846332757846,679972,INR,2026-05-24T03:54:06.274Z,KOTAK,ORD-AEC32CFFEF15,SETTLED
KOTAK202605233051229,068931223941,3875973,INR,2026-05-19T18:54:06.274Z,KOTAK,ORD-B657B670A12F,SETTLED
KOTAK202605238835363,734238090907,1021572,INR,2026-05-24T03:54:06.274Z,KOTAK,ORD-0B8A00AE6C3A,SETTLED
KOTAK202605236173038,007958783545,727410,INR,2026-05-20T03:54:06.274Z,KOTAK,ORD-5F33D761D305,SETTLED
KOTAK202605234187336,633429664654,1783762,INR,2026-05-21T01:54:06.274Z,KOTAK,ORD-B19167995C83,SETTLED
KOTAK202605232313406,478460447187,3042547,INR,2026-05-22T01:54:06.274Z,KOTAK,ORD-9F8D19535E9F,SETTLED
KOTAK202605230681472,906014586335,2013723,INR,2026-05-22T04:54:06.274Z,KOTAK,ORD-F6EE2C970379,PENDING
KOTAK202605231863066,668762392233,2639592,INR,2026-05-20T16:54:06.274Z,KOTAK,ORD-E280E9F95DFE,SETTLED
KOTAK202605236159989,658453506901,4323351,INR,2026-05-17T17:54:06.274Z,KOTAK,ORD-EFECEF0B987F,SETTLED
KOTAK202605234870704,548643081061,1833790,INR,2026-05-20T17:54:06.274Z,KOTAK,ORD-893381266746,SETTLED
KOTAK202605232618173,403944170583,652373,INR,2026-05-23T01:54:06.274Z,KOTAK,ORD-9B5CD099EE4E,SETTLED
KOTAK202605238667180,313897718133,2938960,INR,2026-05-18T00:54:06.274Z,KOTAK,ORD-376FC4BF97BE,SETTLED
KOTAK202605231435874,339220827093,4914392,INR,2026-05-20T02:54:06.274Z,KOTAK,ORD-B4B8CBED1D72,SETTLED
KOTAK202605231628591,321549155240,3111413,INR,2026-05-17T13:54:06.274Z,KOTAK,ORD-1C20606B96CF,SETTLED
KOTAK202605230633475,347942136204,157480,INR,2026-05-19T11:54:06.274Z,KOTAK,ORD-C2AF0911C82A,SETTLED
KOTAK202605233412194,563654454448,3261584,INR,2026-05-21T21:54:06.274Z,KOTAK,ORD-AB97B8599EA3,SETTLED
KOTAK202605235018972,442758355210,1088563,INR,2026-05-20T00:54:06.274Z,KOTAK,ORD-EF9BC2EF5FE6,SETTLED
KOTAK202605234978395,647872105134,3592556,INR,2026-05-21T11:54:06.274Z,KOTAK,ORD-790406F248D1,SETTLED
KOTAK202605239235303,857406496818,3790016,INR,2026-05-23T16:54:06.274Z,KOTAK,ORD-015483AE9BD1,PENDING
KOTAK202605233636011,044004482402,4614386,INR,2026-05-18T10:54:06.274Z,KOTAK,ORD-04886AECC3E2,SETTLED
KOTAK202605232692160,755506402480,3630573,INR,2026-05-19T22:54:06.274Z,KOTAK,ORD-4B4574E3E78C,SETTLED
KOTAK202605239948051,557165941088,2154056,INR,2026-05-21T04:54:06.274Z,KOTAK,ORD-0591072FF0A1,SETTLED
KOTAK202605231611261,609559347390,1089615,INR,2026-05-21T13:54:06.274Z,KOTAK,ORD-37CC4E4392E5,SETTLED
KOTAK202605239346689,945852110253,96816,INR,2026-05-22T03:54:06.274Z,KOTAK,ORD-EA7A0B8BF21D,SETTLED
KOTAK202605237166648,017065871936,1468778,INR,2026-05-21T12:54:06.274Z,KOTAK,ORD-799178E3AADB,SETTLED
KOTAK202605236923873,917954660729,4151072,INR,2026-05-17T09:54:06.274Z,KOTAK,ORD-57FD90AE81D3,SETTLED
KOTAK202605239273744,624950685702,2064522,INR,2026-05-21T12:54:06.274Z,KOTAK,ORD-5B281DA8ED4F,SETTLED
KOTAK202605235840688,086153410884,3849914,INR,2026-05-22T15:54:06.274Z,KOTAK,ORD-F9757A0F908F,SETTLED
KOTAK202605236332308,586922742314,4400762,INR,2026-05-22T21:54:06.274Z,KOTAK,ORD-1C0672C9EF58,SETTLED
KOTAK202605230128704,209558043185,1702722,INR,2026-05-19T21:54:06.274Z,KOTAK,ORD-E71F7F504B46,SETTLED
KOTAK202605230688575,243830288421,3338646,INR,2026-05-22T23:54:06.274Z,KOTAK,ORD-7754A1CF93A2,SETTLED
KOTAK202605233950928,206865532849,4007043,INR,2026-05-18T03:54:06.274Z,KOTAK,ORD-EF684FE8A462,SETTLED
KOTAK202605237922870,965746764417,1187802,INR,2026-05-20T08:54:06.274Z,KOTAK,ORD-C6B9D2B7BD4E,SETTLED
KOTAK202605231251937,728465364236,2105935,INR,2026-05-20T02:54:06.274Z,KOTAK,ORD-0599679F50AF,SETTLED
KOTAK202605231196490,688970720736,475027,INR,2026-05-22T04:54:06.274Z,KOTAK,ORD-B0A660CCAC1C,SETTLED
KOTAK202605232130380,302686939513,709591,INR,2026-05-17T15:54:06.274Z,KOTAK,ORD-002A8680F55B,SETTLED
KOTAK202605230665008,379088163044,1455421,INR,2026-05-17T07:54:06.274Z,KOTAK,ORD-A1AD395AFB61,SETTLED
KOTAK202605233761579,447707379361,3158876,INR,2026-05-24T04:54:06.274Z,KOTAK,ORD-1A83873C3581,SETTLED
KOTAK202605233139196,001789761968,519473,INR,2026-05-17T18:54:06.274Z,KOTAK,ORD-27394E8FD508,SETTLED
KOTAK202605232629039,761186524732,363979,INR,2026-05-20T20:54:06.274Z,KOTAK,ORD-C68DB1D7D5C3,SETTLED
KOTAK202605230456021,106908192575,962165,INR,2026-05-21T20:54:06.274Z,KOTAK,ORD-68AC6FFA485C,SETTLED
KOTAK202605233315214,527839652281,4076248,INR,2026-05-21T06:54:06.274Z,KOTAK,ORD-406462C7DE3E,SETTLED
KOTAK202605233833238,576364820770,3502752,INR,2026-05-18T09:54:06.274Z,KOTAK,ORD-956017F62094,SETTLED
KOTAK202605236863673,009753556209,3111739,INR,2026-05-18T04:54:06.274Z,KOTAK,ORD-062A9CE89050,SETTLED
KOTAK202605239896306,328431054935,1623032,INR,2026-05-19T20:54:06.274Z,KOTAK,ORD-421170293D9F,SETTLED
KOTAK202605232958457,340564071258,22279,INR,2026-05-23T09:54:06.274Z,KOTAK,ORD-E9FDE521E2B8,SETTLED
KOTAK202605233176527,706454002078,1321446,INR,2026-05-22T00:54:06.274Z,KOTAK,ORD-977F61CE6D80,PENDING
KOTAK202605230742111,380100304950,1790926,INR,2026-05-23T02:54:06.274Z,KOTAK,ORD-3B66BC069445,SETTLED
KOTAK202605233945698,510294000227,1113828,INR,2026-05-19T15:54:06.274Z,KOTAK,ORD-9CA36FBB5B90,SETTLED
KOTAK202605237003417,904235926456,4027659,INR,2026-05-17T19:54:06.274Z,KOTAK,ORD-59458777A172,PENDING
KOTAK202605239390800,344721515033,2962385,INR,2026-05-22T10:54:06.274Z,KOTAK,ORD-49D272EA448A,SETTLED
KOTAK202605239176630,966877514336,4747836,INR,2026-05-21T16:54:06.274Z,KOTAK,ORD-8F52FC93E0DB,PENDING
KOTAK202605230008832,283782871604,3020809,INR,2026-05-22T04:54:06.274Z,KOTAK,ORD-AA90E3152C3A,SETTLED
KOTAK202605233842714,418972778284,2615189,INR,2026-05-23T11:54:06.274Z,KOTAK,ORD-D919E101C6FE,SETTLED
KOTAK202605236642848,561992946214,2796117,INR,2026-05-19T00:54:06.274Z,KOTAK,ORD-52ABC485E572,SETTLED
KOTAK202605238182443,958531512926,4078459,INR,2026-05-20T15:54:06.274Z,KOTAK,ORD-91A99FEF8E60,SETTLED
KOTAK202605236830421,701706552890,2701172,INR,2026-05-21T23:54:06.274Z,KOTAK,ORD-ECD4792BD8C2,SETTLED
KOTAK202605235048068,102645343337,3554804,INR,2026-05-20T19:54:06.274Z,KOTAK,ORD-ABF399052AB5,SETTLED
KOTAK202605230517648,205772317777,617091,INR,2026-05-23T13:54:06.274Z,KOTAK,ORD-F2A8709C2B33,SETTLED
KOTAK202605238024890,713992683996,832529,INR,2026-05-21T07:54:06.274Z,KOTAK,ORD-87853F5AD56D,SETTLED
KOTAK202605236036511,943207287223,612432,INR,2026-05-23T06:54:06.274Z,KOTAK,ORD-1B10F2D8C17C,SETTLED
KOTAK202605231829843,329672635017,1357643,INR,2026-05-19T07:54:06.274Z,KOTAK,ORD-E3A9FC0271C2,SETTLED
KOTAK202605234352341,883827709216,3712745,INR,2026-05-22T09:54:06.274Z,KOTAK,ORD-2C21C9077ADC,SETTLED
KOTAK202605235655100,256531598377,1972377,INR,2026-05-23T13:54:06.275Z,KOTAK,ORD-87AA9E11E7DC,SETTLED
KOTAK202605235804591,377981078067,3522765,INR,2026-05-18T09:54:06.275Z,KOTAK,ORD-1A9C6A727458,SETTLED
KOTAK202605234453487,454370322598,4342163,INR,2026-05-22T05:54:06.275Z,KOTAK,ORD-724CCCA42C30,SETTLED
KOTAK202605239341925,560089313469,3757368,INR,2026-05-21T15:54:06.275Z,KOTAK,ORD-0D627790DA16,SETTLED
KOTAK202605232279152,782736746090,970712,INR,2026-05-22T06:54:06.275Z,KOTAK,ORD-B78B94AB3507,SETTLED
KOTAK202605236015490,426024375868,525854,INR,2026-05-19T06:54:06.275Z,KOTAK,ORD-2E087C15AC6C,SETTLED
KOTAK202605230214003,840482077413,3614306,INR,2026-05-22T18:54:06.275Z,KOTAK,ORD-DB735F214FE9,SETTLED
KOTAK202605230652942,451954005732,2571949,INR,2026-05-17T14:54:06.275Z,KOTAK,ORD-5475963C1BF7,SETTLED
KOTAK202605238702088,742730377526,4094509,INR,2026-05-24T00:54:06.275Z,KOTAK,ORD-BA545742DFDF,SETTLED
KOTAK202605236939227,765134664918,3898759,INR,2026-05-18T02:54:06.275Z,KOTAK,ORD-08A817D83B68,SETTLED
KOTAK202605235187001,205283112995,29773,INR,2026-05-21T02:54:06.275Z,KOTAK,ORD-6D3A122D541C,SETTLED
KOTAK202605237059238,326698100240,1942906,INR,2026-05-20T23:54:06.275Z,KOTAK,ORD-96D95FE74D62,SETTLED
KOTAK202605232898663,245688345688,2953464,INR,2026-05-18T23:54:06.275Z,KOTAK,ORD-B3B1A9600090,SETTLED
KOTAK202605239177559,126842101338,961797,INR,2026-05-21T23:54:06.275Z,KOTAK,ORD-35528A6A4FDB,SETTLED
KOTAK202605233754494,891328795125,461750,INR,2026-05-23T10:54:06.275Z,KOTAK,ORD-890983E457E1,SETTLED
KOTAK202605231410881,950455805267,1620382,INR,2026-05-20T02:54:06.275Z,KOTAK,ORD-B06A5E255E73,SETTLED
KOTAK202605230429968,690228535786,4549014,INR,2026-05-24T06:54:06.275Z,KOTAK,ORD-C7BF6C13EE7D,PENDING
KOTAK202605239182087,192505224811,2373905,INR,2026-05-19T04:54:06.275Z,KOTAK,ORD-D6D4EADCA022,SETTLED
KOTAK202605235195041,744479438406,1693203,INR,2026-05-24T02:54:06.275Z,KOTAK,ORD-EB73839691A5,SETTLED
KOTAK202605234058413,730347109731,4535349,INR,2026-05-23T06:54:06.275Z,KOTAK,ORD-E22A3A0A624F,SETTLED
KOTAK202605237784550,116107788035,4523662,INR,2026-05-22T06:54:06.275Z,KOTAK,ORD-7886F2B871BB,SETTLED
KOTAK202605233062682,772773656871,2348437,INR,2026-05-21T22:54:06.275Z,KOTAK,ORD-6E5DA53987D9,PENDING
KOTAK202605230627291,425225674840,242951,INR,2026-05-20T20:54:06.275Z,KOTAK,ORD-2EC93AD67D7F,SETTLED
KOTAK202605234031456,721766965854,3016493,INR,2026-05-19T20:54:06.275Z,KOTAK,ORD-5BC95305F936,SETTLED
KOTAK202605238960190,050353906541,1659635,INR,2026-05-23T19:54:06.275Z,KOTAK,ORD-2007017F68BF,SETTLED
KOTAK202605231480796,906832647665,3555673,INR,2026-05-17T10:54:06.275Z,KOTAK,ORD-EBEB78F0EAB6,SETTLED
KOTAK202605233835165,103906614042,3654621,INR,2026-05-21T08:54:06.275Z,KOTAK,ORD-60DE99DC33C4,SETTLED
KOTAK202605238713649,215114208513,3764180,INR,2026-05-22T20:54:06.275Z,KOTAK,ORD-0F0FF83823B2,SETTLED
KOTAK202605231948582,169377407042,3208767,INR,2026-05-21T14:54:06.275Z,KOTAK,ORD-17801DA7CAF8,SETTLED
KOTAK202605230741019,788698617602,4716102,INR,2026-05-17T10:54:06.275Z,KOTAK,ORD-F97BD2065A2E,SETTLED
KOTAK202605232752629,063739907158,2697752,INR,2026-05-19T09:54:06.275Z,KOTAK,ORD-2665D7AF97F7,SETTLED
KOTAK202605232299624,827153708039,4669103,INR,2026-05-21T13:54:06.275Z,KOTAK,ORD-885155A000BC,SETTLED
KOTAK202605237026099,687874789012,4794957,INR,2026-05-21T00:54:06.275Z,KOTAK,ORD-CD39E71DEFD3,SETTLED
KOTAK202605238792369,531221452762,2182565,INR,2026-05-22T00:54:06.275Z,KOTAK,ORD-AB7A4BCEA4EC,SETTLED
KOTAK202605231578259,659851298758,932639,INR,2026-05-18T12:54:06.275Z,KOTAK,ORD-87CC74EE9601,SETTLED
KOTAK202605232122610,277403959435,2914833,INR,2026-05-19T02:54:06.275Z,KOTAK,ORD-28E173BDD77B,SETTLED
KOTAK202605232988784,909419929116,1081797,INR,2026-05-20T15:54:06.275Z,KOTAK,ORD-3FE334C94033,SETTLED
KOTAK202605236592898,909267550468,1672669,INR,2026-05-22T17:54:06.275Z,KOTAK,ORD-092B39B8B485,SETTLED
KOTAK202605231085866,381252764619,3342628,INR,2026-05-23T02:54:06.275Z,KOTAK,ORD-6552054441D1,SETTLED
KOTAK202605237703503,465192881998,2835696,INR,2026-05-21T12:54:06.275Z,KOTAK,ORD-3B9BB1DFAE2F,SETTLED
KOTAK202605234638387,674902169179,4875502,INR,2026-05-17T10:54:06.275Z,KOTAK,ORD-0C8C574A8A01,SETTLED
KOTAK202605235833159,563675169187,4331723,INR,2026-05-21T15:54:06.275Z,KOTAK,ORD-C8F062A0803E,SETTLED
KOTAK202605234982536,017133163943,708594,INR,2026-05-21T02:54:06.275Z,KOTAK,ORD-E7D617DE2DDE,SETTLED
KOTAK202605236219672,192253796903,3483750,INR,2026-05-18T15:54:06.275Z,KOTAK,ORD-69E1F745EED5,SETTLED
KOTAK202605236942075,079723224943,3592007,INR,2026-05-18T06:54:06.275Z,KOTAK,ORD-0F01EC5753C2,SETTLED
KOTAK202605235713897,237774958396,2278755,INR,2026-05-22T23:54:06.275Z,KOTAK,ORD-5954C7A5B8FA,SETTLED
KOTAK202605239824735,985259903565,239913,INR,2026-05-17T15:54:06.275Z,KOTAK,ORD-B3DDDE590FDB,SETTLED
KOTAK202605234991029,454655214461,4642830,INR,2026-05-18T21:54:06.275Z,KOTAK,ORD-3DBCEF42062E,SETTLED
KOTAK202605238800157,813343953288,4073720,INR,2026-05-23T14:54:06.275Z,KOTAK,ORD-8BCF242EAC16,SETTLED
KOTAK202605235134698,601633299688,1025703,INR,2026-05-23T03:54:06.275Z,KOTAK,ORD-8757CFF0E052,SETTLED
KOTAK202605231249508,086130930433,320396,INR,2026-05-21T13:54:06.275Z,KOTAK,ORD-E5D762C92C48,SETTLED
KOTAK202605237167486,043516956156,934195,INR,2026-05-21T02:54:06.275Z,KOTAK,ORD-7DC361BB72D6,SETTLED
KOTAK202605235078036,546942216796,1505927,INR,2026-05-22T23:54:06.275Z,KOTAK,ORD-1DC77BC187B4,SETTLED
KOTAK202605236832112,380185904095,4363780,INR,2026-05-19T06:54:06.275Z,KOTAK,ORD-500852876080,SETTLED
KOTAK202605230498898,533415079313,4620982,INR,2026-05-17T18:54:06.275Z,KOTAK,ORD-59E1E0F84D1D,SETTLED
KOTAK202605230402890,165181711901,4446996,INR,2026-05-22T01:54:06.275Z,KOTAK,ORD-7E12E304367E,SETTLED
KOTAK202605238723094,063689622965,4538457,INR,2026-05-23T04:54:06.275Z,KOTAK,ORD-54155E86760E,SETTLED
KOTAK202605230671449,155258973250,539616,INR,2026-05-21T06:54:06.275Z,KOTAK,ORD-03BCAC48FFCB,SETTLED
KOTAK202605232100868,045463164034,2081053,INR,2026-05-20T17:54:06.275Z,KOTAK,ORD-379D7A9F6100,PENDING
KOTAK202605230053655,792891951266,3515301,INR,2026-05-23T21:54:06.275Z,KOTAK,ORD-A308C1E4B756,SETTLED
KOTAK202605230267510,157890874131,4459028,INR,2026-05-20T12:54:06.275Z,KOTAK,ORD-389B02075F3C,SETTLED
KOTAK202605230779212,923728550209,4292432,INR,2026-05-17T12:54:06.275Z,KOTAK,ORD-3805717C13A9,SETTLED
KOTAK202605237927909,848135830511,2487908,INR,2026-05-17T14:54:06.275Z,KOTAK,ORD-3CDD57B8FC00,SETTLED
KOTAK202605235226307,611346368911,2152983,INR,2026-05-24T00:54:06.275Z,KOTAK,ORD-825D5076CFC2,SETTLED
KOTAK202605239096079,027596849255,1115762,INR,2026-05-24T00:54:06.275Z,KOTAK,ORD-ECD9BF8009B5,SETTLED
KOTAK202605230852381,051111865648,4660943,INR,2026-05-22T21:54:06.275Z,KOTAK,ORD-4C286082ACFE,SETTLED
KOTAK202605234873920,636817313132,236706,INR,2026-05-24T03:54:06.276Z,KOTAK,ORD-5F3ECD603168,SETTLED
KOTAK202605232838784,500736974678,2320392,INR,2026-05-18T16:54:06.276Z,KOTAK,ORD-BDADDA74F388,SETTLED
KOTAK202605233645893,635498239072,2007806,INR,2026-05-18T19:54:06.276Z,KOTAK,ORD-2235996E7565,SETTLED
KOTAK202605230298255,858303697619,783775,INR,2026-05-19T17:54:06.276Z,KOTAK,ORD-2AD4443D6C23,SETTLED
KOTAK202605238110390,734227212472,3138490,INR,2026-05-24T02:54:06.276Z,KOTAK,ORD-99E3A67ED9D4,SETTLED
KOTAK202605235770790,082882267381,260818,INR,2026-05-22T21:54:06.276Z,KOTAK,ORD-8F1AB32CA74A,SETTLED
KOTAK202605238860892,679293854518,978938,INR,2026-05-23T10:54:06.276Z,KOTAK,ORD-11A48B19520C,SETTLED
KOTAK202605238719245,650362060677,1176708,INR,2026-05-20T13:54:06.276Z,KOTAK,ORD-01FC826B2640,SETTLED
KOTAK202605237136588,421355656466,1549048,INR,2026-05-20T15:54:06.276Z,KOTAK,ORD-0109C1966A83,SETTLED
KOTAK202605234552232,589441209503,4401735,INR,2026-05-19T20:54:06.276Z,KOTAK,ORD-C2C8B6CB3C14,SETTLED
KOTAK202605231616206,873128561490,3013145,INR,2026-05-19T14:54:06.276Z,KOTAK,ORD-35428C8849F4,SETTLED
KOTAK202605239099067,107260186415,1572876,INR,2026-05-22T13:54:06.276Z,KOTAK,ORD-AB9C003355AA,SETTLED
KOTAK202605230212013,551121833310,4604807,INR,2026-05-19T09:54:06.276Z,KOTAK,ORD-E3A0A0CC7216,SETTLED
KOTAK202605230419209,759504833715,4018188,INR,2026-05-20T13:54:06.276Z,KOTAK,ORD-A4C694570F65,PENDING
KOTAK202605230043863,102409852339,2667609,INR,2026-05-17T19:54:06.276Z,KOTAK,ORD-B51E1446AD46,SETTLED
KOTAK202605230520340,779973402623,4440712,INR,2026-05-19T14:54:06.276Z,KOTAK,ORD-03955C47D537,SETTLED
KOTAK202605233808016,879791211591,4399405,INR,2026-05-24T06:54:06.276Z,KOTAK,ORD-3526F8A3D9B7,SETTLED
KOTAK202605233555473,305588812162,4749998,INR,2026-05-20T17:54:06.276Z,KOTAK,ORD-434FB5EEC525,SETTLED
KOTAK202605238734627,387810628225,4238339,INR,2026-05-21T19:54:06.276Z,KOTAK,ORD-05D008687958,SETTLED
KOTAK202605235002593,156613752685,553960,INR,2026-05-19T04:54:06.276Z,KOTAK,ORD-697E8EBE8A04,SETTLED
KOTAK202605238261822,415852420721,1053216,INR,2026-05-23T01:54:06.276Z,KOTAK,ORD-817677E3C598,SETTLED
KOTAK202605239185929,805786980813,1900131,INR,2026-05-18T20:54:06.276Z,KOTAK,ORD-D4F74C8FDAF4,SETTLED
KOTAK202605230270819,638764904151,3884519,INR,2026-05-20T17:54:06.276Z,KOTAK,ORD-80E4F2D2318A,SETTLED
KOTAK202605237118453,018831883067,1744357,INR,2026-05-21T15:54:06.276Z,KOTAK,ORD-C1F79AB83764,SETTLED
KOTAK202605232872555,459258602431,2796649,INR,2026-05-17T23:54:06.276Z,KOTAK,ORD-B2CFDF00D063,SETTLED
KOTAK202605239273697,633846787096,2782781,INR,2026-05-22T21:54:06.276Z,KOTAK,ORD-D5D73A391AB1,SETTLED
KOTAK202605231501678,757960048806,299299,INR,2026-05-23T15:54:06.276Z,KOTAK,ORD-1956FDA7D10E,SETTLED
KOTAK202605238291331,296787373481,3413807,INR,2026-05-23T00:54:06.276Z,KOTAK,ORD-316A2F9AE95D,SETTLED
KOTAK202605239643218,532196217776,1398214,INR,2026-05-19T20:54:06.276Z,KOTAK,ORD-D9464DC110A0,SETTLED
KOTAK202605231306374,306044044004,4988526,INR,2026-05-22T17:54:06.276Z,KOTAK,ORD-48CFF689DB98,SETTLED
KOTAK202605235974118,114621743465,2069659,INR,2026-05-20T01:54:06.276Z,KOTAK,ORD-A792B673940A,SETTLED
KOTAK202605235872239,714532901053,2118642,INR,2026-05-18T06:54:06.276Z,KOTAK,ORD-D0883C83A5FE,SETTLED
KOTAK202605235489112,923170327872,3599147,INR,2026-05-21T17:54:06.276Z,KOTAK,ORD-967045776B91,SETTLED
KOTAK202605236542003,521171426593,1447977,INR,2026-05-20T03:54:06.276Z,KOTAK,ORD-413422C0A01C,SETTLED
KOTAK202605236120604,671123082638,4033063,INR,2026-05-23T09:54:06.276Z,KOTAK,ORD-B21FF9F63280,SETTLED
KOTAK202605232799996,915584016089,769317,INR,2026-05-20T11:54:06.276Z,KOTAK,ORD-FB44D3BE61E7,SETTLED
KOTAK202605235583861,718997916060,2703188,INR,2026-05-18T08:54:06.276Z,KOTAK,ORD-3C661B15B36C,SETTLED
KOTAK202605235428706,944232729865,3326939,INR,2026-05-21T04:54:06.276Z,KOTAK,ORD-0A42F894449B,SETTLED
KOTAK202605230069372,960929684003,3656684,INR,2026-05-17T14:54:06.276Z,KOTAK,ORD-0CD737AFD7B0,SETTLED
KOTAK202605230406401,360117778288,4693050,INR,2026-05-18T07:54:06.276Z,KOTAK,ORD-B8883DF2A8FC,SETTLED
KOTAK202605237315490,358791793669,2357462,INR,2026-05-22T04:54:06.276Z,KOTAK,ORD-61B13C0AE35A,SETTLED
KOTAK202605232578718,604414867978,2895298,INR,2026-05-20T10:54:06.276Z,KOTAK,ORD-32CAD8D6C4B3,SETTLED
KOTAK202605237143368,205698713511,4639606,INR,2026-05-19T01:54:06.276Z,KOTAK,ORD-B12A0CA880DA,SETTLED
KOTAK202605230762125,382669479666,1380395,INR,2026-05-19T17:54:06.276Z,KOTAK,ORD-72E271D29709,SETTLED
KOTAK202605235508103,230798317663,4541039,INR,2026-05-24T00:54:06.276Z,KOTAK,ORD-69D0AED406E1,SETTLED
KOTAK202605237567578,754103624420,500571,INR,2026-05-21T07:54:06.276Z,KOTAK,ORD-B91FC170DE3B,SETTLED
KOTAK202605236231697,175083736879,1291105,INR,2026-05-21T07:54:06.276Z,KOTAK,ORD-7AB11FF48B04,SETTLED
KOTAK202605233351508,455678315723,4597504,INR,2026-05-17T23:54:06.276Z,KOTAK,ORD-0B328D3F025D,SETTLED
KOTAK202605239163744,704103253971,3643244,INR,2026-05-19T11:54:06.277Z,KOTAK,ORD-FB85DC3976A5,SETTLED
KOTAK202605238143346,290755613933,2375432,INR,2026-05-23T19:54:06.277Z,KOTAK,ORD-9AEBBD96EA6F,SETTLED
KOTAK202605237316455,609431542093,4057797,INR,2026-05-21T06:54:06.277Z,KOTAK,ORD-D5B46DD67E54,SETTLED
KOTAK202605235705054,671505144702,2573221,INR,2026-05-21T10:54:06.277Z,KOTAK,ORD-8381074EC196,SETTLED
KOTAK202605231477458,451912542870,3873179,INR,2026-05-21T11:54:06.277Z,KOTAK,ORD-A2C74A40C33C,SETTLED
KOTAK202605233555566,795533505661,3722585,INR,2026-05-20T12:54:06.277Z,KOTAK,ORD-514AAA4A7C3C,SETTLED
KOTAK202605235918927,019974572638,666066,INR,2026-05-21T17:54:06.277Z,KOTAK,ORD-EDE480F00145,SETTLED
KOTAK202605233481690,650514867556,3787174,INR,2026-05-17T13:54:06.277Z,KOTAK,ORD-EF20DD78D21C,SETTLED
KOTAK202605236470301,209191595174,4284779,INR,2026-05-24T00:54:06.277Z,KOTAK,ORD-CD9C8F256469,SETTLED
KOTAK202605238981264,181178570192,2502140,INR,2026-05-21T00:54:06.277Z,KOTAK,ORD-A1C1151E4304,SETTLED
KOTAK202605236748831,173167945844,4505863,INR,2026-05-22T12:54:06.277Z,KOTAK,ORD-45A50F723C8E,SETTLED
KOTAK202605232718553,284202317869,1129088,INR,2026-05-20T10:54:06.277Z,KOTAK,ORD-36C269591EBE,SETTLED
KOTAK202605235958336,889993303938,3723969,INR,2026-05-18T11:54:06.277Z,KOTAK,ORD-258BC0CFA13D,SETTLED
KOTAK202605231922535,132157655803,4558885,INR,2026-05-22T22:54:06.277Z,KOTAK,ORD-7F34461B5BDA,SETTLED
KOTAK202605232220263,970413006731,45905,INR,2026-05-23T21:54:06.277Z,KOTAK,ORD-C11E8084B07E,SETTLED
KOTAK202605237291144,845270306277,1583728,INR,2026-05-18T19:54:06.277Z,KOTAK,ORD-8FE526822B9E,SETTLED
KOTAK202605239942881,939401942160,697706,INR,2026-05-22T10:54:06.277Z,KOTAK,ORD-60745FAEBCD5,SETTLED
KOTAK202605234456225,042357183025,2080845,INR,2026-05-24T05:54:06.277Z,KOTAK,ORD-8D136BA36527,SETTLED
KOTAK202605231510982,318338470886,2180267,INR,2026-05-20T17:54:06.277Z,KOTAK,ORD-58786676AE09,SETTLED
KOTAK202605232554067,690175139279,1444128,INR,2026-05-19T03:54:06.277Z,KOTAK,ORD-76042D59DCD0,SETTLED
KOTAK202605235616960,386549686081,4696617,INR,2026-05-21T11:54:06.277Z,KOTAK,ORD-CF90A29D7D56,SETTLED
KOTAK202605233112190,104544416919,134262,INR,2026-05-18T21:54:06.277Z,KOTAK,ORD-9E99853C5F5F,SETTLED
KOTAK202605233234054,489701265999,136340,INR,2026-05-23T05:54:06.277Z,KOTAK,ORD-84D6A4ADA314,SETTLED
KOTAK202605235584293,496314666194,2196677,INR,2026-05-17T21:54:06.277Z,KOTAK,ORD-291CC7973D1E,SETTLED
KOTAK202605231472231,750929070310,4998286,INR,2026-05-18T21:54:06.277Z,KOTAK,ORD-2D4F8681B9B6,SETTLED
KOTAK202605233393723,256574225050,2686352,INR,2026-05-20T12:54:06.277Z,KOTAK,ORD-BB58E0909849,SETTLED
KOTAK202605239039882,324596661678,780745,INR,2026-05-19T18:54:06.277Z,KOTAK,ORD-78A738AD7D01,SETTLED
KOTAK202605233878579,604926856971,4462226,INR,2026-05-21T21:54:06.277Z,KOTAK,ORD-E212FFFE6E65,SETTLED
KOTAK202605238464892,623620006885,3915441,INR,2026-05-22T01:54:06.277Z,KOTAK,ORD-214EB1238D98,SETTLED
KOTAK202605233039656,492640472800,4255060,INR,2026-05-19T09:54:06.277Z,KOTAK,ORD-C2A7F65103DA,SETTLED
KOTAK202605230887739,099722847772,1314222,INR,2026-05-20T18:54:06.277Z,KOTAK,ORD-6659AEC2B3FD,SETTLED
KOTAK202605235666207,775047031941,632258,INR,2026-05-19T07:54:06.277Z,KOTAK,ORD-A5ACE9A3BE58,SETTLED
KOTAK202605239265457,589873461584,2679225,INR,2026-05-23T12:54:06.277Z,KOTAK,ORD-4CE34661A26F,SETTLED
KOTAK202605238218004,267891729186,1703449,INR,2026-05-23T12:54:06.277Z,KOTAK,ORD-7BF5C5055CDA,SETTLED
KOTAK202605239603071,096096738507,4694728,INR,2026-05-23T23:54:06.277Z,KOTAK,ORD-5BF752FEE356,SETTLED
KOTAK202605236744439,543914639328,795982,INR,2026-05-20T12:54:06.277Z,KOTAK,ORD-96CFE852195B,SETTLED
KOTAK202605232257183,010204370820,3476276,INR,2026-05-21T22:54:06.277Z,KOTAK,ORD-D112F0B2DA00,SETTLED
KOTAK202605238228614,630518359781,4079463,INR,2026-05-19T05:54:06.277Z,KOTAK,ORD-24505FB9AC80,SETTLED
KOTAK202605230135216,401868074301,4275489,INR,2026-05-22T16:54:06.277Z,KOTAK,ORD-35D383E02FDD,SETTLED
KOTAK202605236108462,350810571053,2725073,INR,2026-05-20T16:54:06.277Z,KOTAK,ORD-765B7D105CFC,SETTLED
KOTAK202605234776512,270116105046,351938,INR,2026-05-22T06:54:06.277Z,KOTAK,ORD-34F6DD1A7466,SETTLED
KOTAK202605234565933,081979727943,1397265,INR,2026-05-20T13:54:06.277Z,KOTAK,ORD-31B9C01688EC,SETTLED
KOTAK202605230348676,965441697259,3990620,INR,2026-05-21T15:54:06.277Z,KOTAK,ORD-152EE8D4FDAE,SETTLED
KOTAK202605237417697,077105419212,10924,INR,2026-05-24T01:54:06.277Z,KOTAK,ORD-15C1865E21B8,SETTLED
KOTAK202605230392961,968266080497,1503011,INR,2026-05-23T20:54:06.277Z,KOTAK,ORD-4484A70EC62B,SETTLED
KOTAK202605235477553,331100735213,4626236,INR,2026-05-21T18:54:06.277Z,KOTAK,ORD-C03318EF5053,SETTLED
KOTAK202605233618470,756064992825,1406557,INR,2026-05-23T00:54:06.277Z,KOTAK,ORD-2BE30706AFE2,PENDING
KOTAK202605235422926,143907743397,610208,INR,2026-05-18T10:54:06.277Z,KOTAK,ORD-B22ADB511995,SETTLED
KOTAK202605235398079,489496407421,344544,INR,2026-05-18T03:54:06.277Z,KOTAK,ORD-ABA965EE1820,SETTLED
KOTAK202605233202699,746899888155,4683011,INR,2026-05-17T23:54:06.277Z,KOTAK,ORD-8776F1A63AC0,SETTLED
KOTAK202605232252962,341800497812,4798209,INR,2026-05-23T20:54:06.277Z,KOTAK,ORD-7DD1C649A50A,SETTLED
KOTAK202605236336502,050626948223,3010442,INR,2026-05-21T03:54:06.277Z,KOTAK,ORD-2A4E258AE8BE,SETTLED
KOTAK202605234310988,235212619739,4689068,INR,2026-05-18T21:54:06.277Z,KOTAK,ORD-D7F5E1C07675,SETTLED
KOTAK202605232984965,243487070689,2794738,INR,2026-05-19T16:54:06.277Z,KOTAK,ORD-1F60825A4763,SETTLED
KOTAK202605238765493,227973449904,1184494,INR,2026-05-23T22:54:06.278Z,KOTAK,ORD-00C31458F3EF,SETTLED
KOTAK202605237017873,909559630538,3108868,INR,2026-05-20T08:54:06.278Z,KOTAK,ORD-F879A73F8991,SETTLED
KOTAK202605231440629,722033651291,4793181,INR,2026-05-21T20:54:06.278Z,KOTAK,ORD-4B8E9B576C67,SETTLED
KOTAK202605238001828,596231958265,3611888,INR,2026-05-21T10:54:06.278Z,KOTAK,ORD-FBF57953EF58,SETTLED
KOTAK202605239017401,640940760986,806324,INR,2026-05-23T20:54:06.278Z,KOTAK,ORD-30ABE96FDFFB,SETTLED
KOTAK202605233457420,226215581789,4874330,INR,2026-05-23T19:54:06.278Z,KOTAK,ORD-2D0815F83265,SETTLED
KOTAK202605231842482,516433156571,782064,INR,2026-05-19T11:54:06.278Z,KOTAK,ORD-1B1E97E828A7,SETTLED
KOTAK202605234772593,060488008273,4587674,INR,2026-05-23T09:54:06.278Z,KOTAK,ORD-26BEC54F0627,SETTLED
KOTAK202605234434537,036211251590,589247,INR,2026-05-23T09:54:06.278Z,KOTAK,ORD-DB45EB440A73,SETTLED
KOTAK202605233048269,772300580965,3276257,INR,2026-05-18T02:54:06.278Z,KOTAK,ORD-9D62F3947CAB,SETTLED
KOTAK202605231610466,357469752043,417755,INR,2026-05-21T04:54:06.278Z,KOTAK,ORD-9B9D0ED6B2E7,SETTLED
KOTAK202605231535054,964052907084,1330413,INR,2026-05-22T02:54:06.278Z,KOTAK,ORD-56B9C022163D,SETTLED
KOTAK202605235099413,220365824234,3576510,INR,2026-05-19T11:54:06.278Z,KOTAK,ORD-D150F7CB830C,SETTLED
KOTAK202605239347760,342115051842,1391413,INR,2026-05-19T05:54:06.278Z,KOTAK,ORD-FC31F560D166,SETTLED
KOTAK202605239497961,632140021404,2248071,INR,2026-05-18T16:54:06.278Z,KOTAK,ORD-7B281E3B5E68,SETTLED
KOTAK202605235817540,446171142709,2349934,INR,2026-05-22T00:54:06.278Z,KOTAK,ORD-7B2CA6952691,SETTLED
KOTAK202605239075903,968028683609,3630626,INR,2026-05-22T11:54:06.278Z,KOTAK,ORD-4315F972E3A0,SETTLED
KOTAK202605233522528,452295923692,4445043,INR,2026-05-23T09:54:06.278Z,KOTAK,ORD-2EC167FD4A24,SETTLED
KOTAK202605237879034,133506702423,258835,INR,2026-05-17T12:54:06.278Z,KOTAK,ORD-3C4B94EB2F2B,SETTLED
KOTAK202605235642012,255533747926,3829007,INR,2026-05-17T10:54:06.278Z,KOTAK,ORD-6DE5F35730E3,SETTLED
KOTAK202605231029534,690139538154,482040,INR,2026-05-18T06:54:06.278Z,KOTAK,ORD-087331B1DF4A,SETTLED
KOTAK202605235858099,977861562268,3347144,INR,2026-05-18T09:54:06.278Z,KOTAK,ORD-C5F3E5A2B080,SETTLED
KOTAK202605234537399,833450131280,1391421,INR,2026-05-21T05:54:06.278Z,KOTAK,ORD-7D18F6039F48,SETTLED
KOTAK202605237744840,949648208860,4211490,INR,2026-05-23T12:54:06.278Z,KOTAK,ORD-13B97C6839EE,SETTLED
KOTAK202605235607336,318865467316,4231598,INR,2026-05-19T07:54:06.278Z,KOTAK,ORD-ABA0D6B6C158,SETTLED
KOTAK202605237104609,907563559031,2421708,INR,2026-05-22T17:54:06.278Z,KOTAK,ORD-F0DD11F331E8,SETTLED
KOTAK202605237930750,631541510591,1339899,INR,2026-05-22T17:54:06.278Z,KOTAK,ORD-38A8D8D8EBCF,SETTLED
KOTAK202605237093580,395265768308,3335886,INR,2026-05-22T22:54:06.278Z,KOTAK,ORD-DA59346DC2A1,SETTLED
KOTAK202605237886734,679892771565,1281590,INR,2026-05-20T00:54:06.278Z,KOTAK,ORD-CD7F210B314D,SETTLED
KOTAK202605235607027,320857286026,3343518,INR,2026-05-20T12:54:06.278Z,KOTAK,ORD-C58F40EA9F70,SETTLED
KOTAK202605237843709,231217846048,3210100,INR,2026-05-20T09:54:06.278Z,KOTAK,ORD-3345FF2A7B7A,SETTLED
KOTAK202605234833689,010894990287,3103492,INR,2026-05-18T23:54:06.278Z,KOTAK,ORD-3876EA054F0B,SETTLED
KOTAK202605230446752,815207763111,1807315,INR,2026-05-20T03:54:06.278Z,KOTAK,ORD-7F35B509B4BD,SETTLED
KOTAK202605230006521,064608721731,2038855,INR,2026-05-19T01:54:06.278Z,KOTAK,ORD-60734C60B57B,SETTLED
KOTAK202605232186377,353605164259,2316836,INR,2026-05-20T21:54:06.278Z,KOTAK,ORD-EDEF0B5CA94A,SETTLED
KOTAK202605237113506,824816817522,4487905,INR,2026-05-17T21:54:06.278Z,KOTAK,ORD-EE8D5BF2451E,SETTLED
KOTAK202605237007799,653457069516,1193076,INR,2026-05-22T18:54:06.278Z,KOTAK,ORD-93EF826B4495,SETTLED
KOTAK202605238560647,018639153546,4211851,INR,2026-05-20T12:54:06.278Z,KOTAK,ORD-640CA765AC17,SETTLED
KOTAK202605233232697,121663865181,4964125,INR,2026-05-18T23:54:06.278Z,KOTAK,ORD-AF20F0C64EAC,SETTLED
KOTAK202605230664050,779713100391,3977471,INR,2026-05-23T23:54:06.278Z,KOTAK,ORD-435894484FD8,SETTLED
KOTAK202605232022723,015313363334,763706,INR,2026-05-24T05:54:06.278Z,KOTAK,ORD-E72505AAF8A1,SETTLED
KOTAK202605235263805,512548382695,1422861,INR,2026-05-22T23:54:06.278Z,KOTAK,ORD-9A01FA486BF8,SETTLED
KOTAK202605234859009,705999954381,4326717,INR,2026-05-23T05:54:06.278Z,KOTAK,ORD-5B6DDBEC4340,SETTLED
KOTAK202605231639584,009108813179,319067,INR,2026-05-18T18:54:06.278Z,KOTAK,ORD-54DBDE3199C9,SETTLED
KOTAK202605238377457,338197456843,3661982,INR,2026-05-22T02:54:06.278Z,KOTAK,ORD-C1105642F40E,PENDING
KOTAK202605234657971,149853510148,356998,INR,2026-05-22T05:54:06.278Z,KOTAK,ORD-E2DC2E39500F,SETTLED
KOTAK202605230792199,571162638614,4110654,INR,2026-05-22T05:54:06.278Z,KOTAK,ORD-A3FE228934B0,SETTLED
KOTAK202605233431178,992258865361,1671933,INR,2026-05-19T15:54:06.278Z,KOTAK,ORD-D7A86C022F1C,SETTLED
KOTAK202605232530510,730616272576,3361089,INR,2026-05-21T15:54:06.278Z,KOTAK,ORD-16A4870B828F,SETTLED
KOTAK202605230201041,044009515522,2081366,INR,2026-05-21T15:54:06.278Z,KOTAK,ORD-ACF6C263AD73,PENDING
KOTAK202605238304260,041525228917,1343870,INR,2026-05-19T03:54:06.278Z,KOTAK,ORD-5145A9EE6930,SETTLED
KOTAK202605230557943,184101467705,72542,INR,2026-05-18T22:54:06.278Z,KOTAK,ORD-862D66FED0B3,SETTLED
KOTAK202605235316714,207469996683,4896020,INR,2026-05-18T12:54:06.278Z,KOTAK,ORD-C695B21D4CAE,SETTLED
KOTAK202605234179269,905324210554,484145,INR,2026-05-24T01:54:06.278Z,KOTAK,ORD-8D2F3F80719A,SETTLED
KOTAK202605230676872,977138434706,220721,INR,2026-05-23T00:54:06.278Z,KOTAK,ORD-D7DFBC074AE5,SETTLED
KOTAK202605232644406,795478306280,3003102,INR,2026-05-17T10:54:06.278Z,KOTAK,ORD-D250C60578BA,SETTLED
KOTAK202605231874907,125731680841,3747057,INR,2026-05-21T16:54:06.278Z,KOTAK,ORD-FE6355751C2E,PENDING
KOTAK202605233547975,859497613736,3431836,INR,2026-05-20T09:54:06.278Z,KOTAK,ORD-D657E36BBD21,SETTLED
KOTAK202605238296135,113106642161,559754,INR,2026-05-21T18:54:06.278Z,KOTAK,ORD-DD793B093CAA,SETTLED
KOTAK202605235618196,356420937239,642004,INR,2026-05-22T19:54:06.278Z,KOTAK,ORD-7E78B30DFDE9,SETTLED
KOTAK202605237517822,871054925723,3315573,INR,2026-05-18T13:54:06.278Z,KOTAK,ORD-7CB0C991FE1E,SETTLED
KOTAK202605235516563,734668012129,2255384,INR,2026-05-19T00:54:06.278Z,KOTAK,ORD-0D53A306F370,PENDING
KOTAK202605230846789,068148619736,4054690,INR,2026-05-17T23:54:06.278Z,KOTAK,ORD-6639BDEBED61,SETTLED
KOTAK202605230134264,041013433905,217933,INR,2026-05-21T01:54:06.278Z,KOTAK,ORD-D0450688D628,SETTLED
KOTAK202605233214994,218827018171,1458174,INR,2026-05-18T09:54:06.278Z,KOTAK,ORD-AA4332B5E161,SETTLED
KOTAK202605236228751,948949104491,2298842,INR,2026-05-22T04:54:06.278Z,KOTAK,ORD-0496DD077BB6,SETTLED
KOTAK202605238955241,258676453547,4748903,INR,2026-05-22T02:54:06.278Z,KOTAK,ORD-4D181EB555A8,SETTLED
KOTAK202605234392977,456816910914,4110703,INR,2026-05-22T04:54:06.278Z,KOTAK,ORD-B5269FE0A4BE,SETTLED
KOTAK202605237250247,367107468358,2095823,INR,2026-05-18T08:54:06.278Z,KOTAK,ORD-046B4D8F3B82,SETTLED
KOTAK202605236677677,024025762076,239644,INR,2026-05-21T11:54:06.278Z,KOTAK,ORD-A37DBDC1AEF5,SETTLED
KOTAK202605234167699,260070133531,802511,INR,2026-05-18T02:54:06.278Z,KOTAK,ORD-6993BDA3989B,SETTLED
KOTAK202605234361641,845827680205,764733,INR,2026-05-17T22:54:06.278Z,KOTAK,ORD-57F87C845A81,SETTLED
KOTAK202605230500432,678816410687,1920770,INR,2026-05-22T04:54:06.278Z,KOTAK,ORD-55D017E60E61,SETTLED
KOTAK202605238987681,652714113993,3687817,INR,2026-05-22T14:54:06.278Z,KOTAK,ORD-15F78C2D3429,SETTLED
KOTAK202605235076229,655844300014,3512646,INR,2026-05-20T17:54:06.278Z,KOTAK,ORD-474FABAAB249,SETTLED
KOTAK202605230587596,853263084841,607175,INR,2026-05-20T11:54:06.278Z,KOTAK,ORD-B746942A56C8,SETTLED
KOTAK202605230495271,599475278796,2531123,INR,2026-05-23T04:54:06.279Z,KOTAK,ORD-DD8D9E8BABA6,SETTLED
KOTAK202605239595301,095165051750,2855039,INR,2026-05-17T17:54:06.279Z,KOTAK,ORD-487DF5F55A55,SETTLED
KOTAK202605232513264,246148008318,1612543,INR,2026-05-19T13:54:06.279Z,KOTAK,ORD-9CBA394C9436,SETTLED
KOTAK202605230474710,013508959995,2760130,INR,2026-05-17T14:54:06.279Z,KOTAK,ORD-C91736DA09D1,SETTLED
KOTAK202605232020356,001709429235,359917,INR,2026-05-18T07:54:06.279Z,KOTAK,ORD-9F951643E9EA,SETTLED
KOTAK202605230955755,590447581535,620501,INR,2026-05-20T04:54:06.279Z,KOTAK,ORD-B20DFC4BD9C5,SETTLED
KOTAK202605231471340,553702981378,2348154,INR,2026-05-17T15:54:06.279Z,KOTAK,ORD-C29EECA4E78C,SETTLED
KOTAK202605237762319,278342080409,1493404,INR,2026-05-18T21:54:06.279Z,KOTAK,ORD-5749D2E6C4C5,SETTLED
KOTAK202605232714935,672611038258,1119177,INR,2026-05-17T19:54:06.279Z,KOTAK,ORD-F3B571B74272,SETTLED
KOTAK202605239627839,825840543338,3225913,INR,2026-05-18T23:54:06.279Z,KOTAK,ORD-332AC7BA4A48,SETTLED
KOTAK202605235832539,690590027111,4615022,INR,2026-05-19T21:54:06.279Z,KOTAK,ORD-81314501A885,SETTLED
KOTAK202605237853920,742489624897,36922,INR,2026-05-20T17:54:06.279Z,KOTAK,ORD-E1E2389B5025,SETTLED
KOTAK202605235797015,468807010689,2848605,INR,2026-05-18T04:54:06.279Z,KOTAK,ORD-8419A585A051,SETTLED
KOTAK202605232644603,304075809147,1754711,INR,2026-05-18T19:54:06.279Z,KOTAK,ORD-10E124891358,SETTLED
KOTAK202605233385815,677431662432,2691258,INR,2026-05-19T11:54:06.279Z,KOTAK,ORD-06A70632F816,SETTLED
KOTAK202605232424773,140567391302,4444696,INR,2026-05-21T05:54:06.279Z,KOTAK,ORD-C07C10E5ABEC,SETTLED
KOTAK202605239340596,433547087987,1424900,INR,2026-05-21T17:54:06.279Z,KOTAK,ORD-B58680379C18,SETTLED
KOTAK202605231373836,342592750522,2742855,INR,2026-05-20T08:54:06.279Z,KOTAK,ORD-73BA2F4B8BF3,SETTLED
KOTAK202605232326642,229211937230,4969768,INR,2026-05-17T23:54:06.279Z,KOTAK,ORD-3B14AE58E2C7,SETTLED
KOTAK202605231759922,880380888207,3128235,INR,2026-05-19T08:54:06.279Z,KOTAK,ORD-ED7E15FD675E,PENDING
KOTAK202605238448900,497772053921,522714,INR,2026-05-19T03:54:06.279Z,KOTAK,ORD-B1AAA7D56FDE,SETTLED
KOTAK202605234622741,564287608020,4514601,INR,2026-05-24T02:54:06.279Z,KOTAK,ORD-670BB6470FAA,SETTLED
KOTAK202605231921445,936112939625,758117,INR,2026-05-20T18:54:06.279Z,KOTAK,ORD-183F4E680B69,SETTLED
KOTAK202605239807120,408550303292,4192467,INR,2026-05-24T00:54:06.279Z,KOTAK,ORD-E3447C271127,SETTLED
KOTAK202605236043195,720084391925,1110227,INR,2026-05-19T06:54:06.279Z,KOTAK,ORD-5862727F5AA1,SETTLED
KOTAK202605230428106,007821569235,1754687,INR,2026-05-18T02:54:06.279Z,KOTAK,ORD-EA070B2B18C5,SETTLED
KOTAK202605239003344,394678725289,2505461,INR,2026-05-18T22:54:06.279Z,KOTAK,ORD-95D3A95C07E8,SETTLED
KOTAK202605238672568,475069348198,1543480,INR,2026-05-17T22:54:06.279Z,KOTAK,ORD-8940DC3855FD,SETTLED
KOTAK202605230774069,962488457306,1753713,INR,2026-05-22T08:54:06.279Z,KOTAK,ORD-0304F32E2615,SETTLED
KOTAK202605234560169,835583832734,4442866,INR,2026-05-18T01:54:06.279Z,KOTAK,ORD-E82C0AC5A565,SETTLED
KOTAK202605234839068,612637709890,4882264,INR,2026-05-19T19:54:06.279Z,KOTAK,ORD-50F87CC37D56,SETTLED
KOTAK202605239384830,786373955888,1162764,INR,2026-05-20T12:54:06.279Z,KOTAK,ORD-E8A35EEE64D9,SETTLED
KOTAK202605239879267,963319728626,4284471,INR,2026-05-18T20:54:06.279Z,KOTAK,ORD-9267C321357A,SETTLED
KOTAK202605231316279,264847464859,4377194,INR,2026-05-17T14:54:06.279Z,KOTAK,ORD-EB2939FD3B08,SETTLED
KOTAK202605235468881,810282757046,2362785,INR,2026-05-21T19:54:06.279Z,KOTAK,ORD-513C74F17255,PENDING
KOTAK202605238757620,045092930338,3315089,INR,2026-05-18T22:54:06.279Z,KOTAK,ORD-95B19388B0FA,SETTLED
KOTAK202605238606967,941013659649,4358044,INR,2026-05-22T00:54:06.279Z,KOTAK,ORD-F3337FE38509,SETTLED
KOTAK202605233652475,738800934326,2870295,INR,2026-05-22T10:54:06.279Z,KOTAK,ORD-3E2F40122680,SETTLED
KOTAK202605237682947,803004153517,159097,INR,2026-05-19T06:54:06.279Z,KOTAK,ORD-A3A6EA15A230,SETTLED
KOTAK202605239778416,805794111999,1796973,INR,2026-05-22T01:54:06.279Z,KOTAK,ORD-B5094970E723,SETTLED
KOTAK202605239361974,115150127378,4169964,INR,2026-05-21T19:54:06.279Z,KOTAK,ORD-E7E96C3BFEDC,SETTLED
KOTAK202605237940552,972358659085,4705650,INR,2026-05-19T10:54:06.279Z,KOTAK,ORD-C8D78608BC1C,SETTLED
KOTAK202605236412991,764158079532,2518795,INR,2026-05-23T10:54:06.279Z,KOTAK,ORD-0243819EA487,SETTLED
KOTAK202605231456072,687304851781,928342,INR,2026-05-23T21:54:06.279Z,KOTAK,ORD-A338F89EA188,SETTLED
KOTAK202605232969910,130551437380,1994095,INR,2026-05-21T02:54:06.279Z,KOTAK,ORD-B245414BF67E,SETTLED
KOTAK202605232287231,986179456309,1992911,INR,2026-05-17T15:54:06.279Z,KOTAK,ORD-38C67188E20A,SETTLED
KOTAK202605235131399,770336432074,3533509,INR,2026-05-20T06:54:06.279Z,KOTAK,ORD-C946503C7EA0,SETTLED
KOTAK202605237574528,204860353392,1343816,INR,2026-05-17T22:54:06.279Z,KOTAK,ORD-2D6E250BE0F5,SETTLED
KOTAK202605233454058,734907163928,4985341,INR,2026-05-20T08:54:06.279Z,KOTAK,ORD-1E0C81187BAB,PENDING
KOTAK202605231806783,313999116140,1953754,INR,2026-05-21T16:54:06.279Z,KOTAK,ORD-E805B1BC9975,SETTLED
KOTAK202605238609809,096531537184,1473677,INR,2026-05-19T23:54:06.279Z,KOTAK,ORD-0DBA007B6144,SETTLED
KOTAK202605236740147,457495420326,4168555,INR,2026-05-17T19:54:06.279Z,KOTAK,ORD-E8E20808ABE2,SETTLED
KOTAK202605231119159,174139706535,1373321,INR,2026-05-20T04:54:06.279Z,KOTAK,ORD-626EC4B0427E,SETTLED
KOTAK202605231747917,250080779784,2121213,INR,2026-05-18T15:54:06.279Z,KOTAK,ORD-0AEB14CB832D,SETTLED
KOTAK202605234304696,961310851612,1579929,INR,2026-05-24T04:54:06.279Z,KOTAK,ORD-B1BB5E7F18F5,PENDING
KOTAK202605237730691,927697561262,347494,INR,2026-05-23T00:54:06.279Z,KOTAK,ORD-38C53ECC3240,SETTLED
KOTAK202605233006505,429407528226,3290298,INR,2026-05-19T15:54:06.279Z,KOTAK,ORD-EF3D6C3DB2A6,SETTLED
KOTAK202605231266732,359166942121,1810921,INR,2026-05-19T22:54:06.279Z,KOTAK,ORD-59F6AF8B57E8,SETTLED
KOTAK202605234097304,446614728623,2837479,INR,2026-05-17T18:54:06.279Z,KOTAK,ORD-2C6E7E7108CF,SETTLED
KOTAK202605233048547,009521950596,568804,INR,2026-05-18T21:54:06.279Z,KOTAK,ORD-80AF9498604F,SETTLED
KOTAK202605231590184,778999084604,547006,INR,2026-05-21T08:54:06.279Z,KOTAK,ORD-2B1B9E131825,SETTLED
KOTAK202605232614916,632334167025,236054,INR,2026-05-18T21:54:06.279Z,KOTAK,ORD-4E2351223F18,SETTLED
KOTAK202605233717237,676982436298,792481,INR,2026-05-20T22:54:06.279Z,KOTAK,ORD-18A3A2E14AFA,SETTLED
KOTAK202605235433003,996114245123,442857,INR,2026-05-21T21:54:06.280Z,KOTAK,ORD-65AD39CF2E4E,SETTLED
KOTAK202605239357434,196330298818,693084,INR,2026-05-23T09:54:06.280Z,KOTAK,ORD-E04AE2E63DED,SETTLED
KOTAK202605239071678,968725850653,2858089,INR,2026-05-20T04:54:06.280Z,KOTAK,ORD-ABCBF0A0AE1B,SETTLED
KOTAK202605235348387,279119068656,2883394,INR,2026-05-18T09:54:06.280Z,KOTAK,ORD-4244B21601FF,SETTLED
KOTAK202605237744657,601920622587,3532710,INR,2026-05-22T04:54:06.280Z,KOTAK,ORD-C0681F66225B,PENDING
KOTAK202605235012673,236042228810,4030152,INR,2026-05-18T12:54:06.280Z,KOTAK,ORD-2BEFE70500D0,PENDING
KOTAK202605238598397,820002560038,360533,INR,2026-05-17T14:54:06.280Z,KOTAK,ORD-0D136A7A6FE9,SETTLED
KOTAK202605238727748,036873001650,3732155,INR,2026-05-22T04:54:06.280Z,KOTAK,ORD-B2D96409987C,SETTLED
KOTAK202605234349406,120782636352,3525497,INR,2026-05-20T08:54:06.280Z,KOTAK,ORD-D1EFC2EB274A,SETTLED
KOTAK202605239066410,724207524476,2238505,INR,2026-05-18T21:54:06.280Z,KOTAK,ORD-4ECF2738CF78,SETTLED
KOTAK202605233859344,440839691538,2310874,INR,2026-05-23T09:54:06.280Z,KOTAK,ORD-035E867F58AA,SETTLED
KOTAK202605236207846,408282039084,94831,INR,2026-05-20T04:54:06.280Z,KOTAK,ORD-9792A9E871A9,SETTLED
KOTAK202605239285367,461826759456,3876162,INR,2026-05-21T17:54:06.280Z,KOTAK,ORD-C993138DA40D,SETTLED
KOTAK202605236126331,699289952079,1988096,INR,2026-05-18T22:54:06.280Z,KOTAK,ORD-EAEFC4A11E58,SETTLED
KOTAK202605231017433,405074995814,3487890,INR,2026-05-20T18:54:06.280Z,KOTAK,ORD-D1AE37F49929,SETTLED
KOTAK202605231558746,262193058372,4700194,INR,2026-05-17T19:54:06.280Z,KOTAK,ORD-6FF324C7D6EF,SETTLED
KOTAK202605230551400,040826903306,1704555,INR,2026-05-17T19:54:06.280Z,KOTAK,ORD-1B0EA2AC8F6B,SETTLED
KOTAK202605230830810,685008893929,3304653,INR,2026-05-22T00:54:06.280Z,KOTAK,ORD-9A05BFA1E332,SETTLED
KOTAK202605231155133,043301093665,1824495,INR,2026-05-21T00:54:06.280Z,KOTAK,ORD-D57A706890F7,SETTLED
KOTAK202605233884211,860404034014,1406973,INR,2026-05-23T20:54:06.280Z,KOTAK,ORD-251759F1B050,SETTLED
KOTAK202605238076692,361258654103,3601325,INR,2026-05-20T18:54:06.280Z,KOTAK,ORD-BDF39FCB4282,SETTLED
KOTAK202605235498837,644402242257,859888,INR,2026-05-22T14:54:06.280Z,KOTAK,ORD-614F6E6D594A,SETTLED
KOTAK202605230239361,944370925603,2587939,INR,2026-05-20T11:54:06.280Z,KOTAK,ORD-FC3B60C9880F,SETTLED
KOTAK202605238199874,976163563932,1160962,INR,2026-05-17T16:54:06.280Z,KOTAK,ORD-6C5F576F8379,SETTLED
KOTAK202605237652506,325867596244,1281153,INR,2026-05-22T21:54:06.280Z,KOTAK,ORD-DDA23AF6453C,SETTLED
KOTAK202605237428990,792643200794,2454938,INR,2026-05-21T11:54:06.280Z,KOTAK,ORD-C5A21067AAC3,SETTLED
KOTAK202605230277304,311864457091,3642186,INR,2026-05-18T04:54:06.280Z,KOTAK,ORD-227709A67BBE,SETTLED
KOTAK202605238863651,283749708561,2072619,INR,2026-05-21T18:54:06.280Z,KOTAK,ORD-AE5623729D1E,SETTLED
KOTAK202605239796402,758121787291,145748,INR,2026-05-19T11:54:06.280Z,KOTAK,ORD-61C0C194A18F,SETTLED
KOTAK202605233888682,391339928205,636499,INR,2026-05-23T05:54:06.280Z,KOTAK,ORD-26459E94EFE4,SETTLED
KOTAK202605233369979,840412407699,4734849,INR,2026-05-17T07:54:06.280Z,KOTAK,ORD-BBB7511C26DF,SETTLED
KOTAK202605232389080,752595638102,4568095,INR,2026-05-20T05:54:06.280Z,KOTAK,ORD-08F4FBD4694E,SETTLED
KOTAK202605232257310,350984352321,2077731,INR,2026-05-20T12:54:06.280Z,KOTAK,ORD-41919FF05C7D,SETTLED
KOTAK202605239575035,460989701668,1065060,INR,2026-05-21T01:54:06.280Z,KOTAK,ORD-36DA78DBBF59,SETTLED
KOTAK202605232982473,490618263770,4356560,INR,2026-05-17T16:54:06.280Z,KOTAK,ORD-45BE05151A88,SETTLED
KOTAK202605237044359,860594345479,3842862,INR,2026-05-20T10:54:06.280Z,KOTAK,ORD-30D8E387D050,SETTLED
KOTAK202605234282114,571812293643,4642892,INR,2026-05-20T20:54:06.280Z,KOTAK,ORD-EE724D151343,SETTLED
KOTAK202605231333694,366273904543,2241580,INR,2026-05-24T00:54:06.280Z,KOTAK,ORD-ADB8A94555C6,SETTLED
KOTAK202605239577551,000328872128,959588,INR,2026-05-24T03:54:06.280Z,KOTAK,ORD-C5A1907C63C8,SETTLED
KOTAK202605238390089,234226764980,4277766,INR,2026-05-19T22:54:06.280Z,KOTAK,ORD-E31651020B8D,SETTLED
KOTAK202605231233876,890291094788,1705746,INR,2026-05-18T19:54:06.280Z,KOTAK,ORD-10895C84DE90,SETTLED
KOTAK202605233342734,904508113457,2652745,INR,2026-05-22T03:54:06.280Z,KOTAK,ORD-7A3C355CD14E,SETTLED
KOTAK202605235336746,665265642763,448172,INR,2026-05-20T03:54:06.280Z,KOTAK,ORD-C7A44726A01D,SETTLED
KOTAK202605236362896,670649021844,2136352,INR,2026-05-21T06:54:06.280Z,KOTAK,ORD-8B637160254D,SETTLED
KOTAK202605239486984,754067656766,3607891,INR,2026-05-20T21:54:06.280Z,KOTAK,ORD-9B01386F2910,SETTLED
KOTAK202605232512541,516163515884,1950315,INR,2026-05-19T19:54:06.280Z,KOTAK,ORD-6D4B10F458A7,SETTLED
KOTAK202605235583799,250529003294,2197437,INR,2026-05-23T12:54:06.280Z,KOTAK,ORD-9B2E0FCD779B,SETTLED
KOTAK202605233886487,858086996104,2900059,INR,2026-05-20T08:54:06.280Z,KOTAK,ORD-8149BB5C8173,SETTLED
KOTAK202605237430915,789055691794,2447412,INR,2026-05-22T22:54:06.280Z,KOTAK,ORD-8D8ED9171BF0,SETTLED
KOTAK202605238754942,060042436191,1542716,INR,2026-05-21T10:54:06.280Z,KOTAK,ORD-436E80884A3F,SETTLED
KOTAK202605238469837,910666550817,762707,INR,2026-05-22T08:54:06.280Z,KOTAK,ORD-60E295C2A6C7,SETTLED
KOTAK202605232907351,057960051800,1175338,INR,2026-05-21T03:54:06.280Z,KOTAK,ORD-51BDB11908DD,SETTLED
KOTAK202605237806465,989459823250,1977285,INR,2026-05-22T19:54:06.280Z,KOTAK,ORD-0871B81856A1,SETTLED
KOTAK202605238666183,899970778823,2874860,INR,2026-05-17T20:54:06.280Z,KOTAK,ORD-3E1328652578,SETTLED
KOTAK202605236335605,405307703901,1830276,INR,2026-05-23T13:54:06.280Z,KOTAK,ORD-3B33F9CB0A09,SETTLED
KOTAK202605234521528,542818595338,4675516,INR,2026-05-23T10:54:06.280Z,KOTAK,ORD-B07ED7A0BDD0,PENDING
KOTAK202605239219320,420332379263,688722,INR,2026-05-23T23:54:06.280Z,KOTAK,ORD-6E73BA47AFFB,SETTLED
KOTAK202605234834543,999303033480,4574377,INR,2026-05-19T11:54:06.280Z,KOTAK,ORD-ABD5CC3B9047,SETTLED
KOTAK202605235626580,975379153876,4448448,INR,2026-05-17T14:54:06.280Z,KOTAK,ORD-1501E2BAB567,SETTLED
KOTAK202605233121010,587164891523,3566147,INR,2026-05-18T16:54:06.280Z,KOTAK,ORD-1213606B26E1,SETTLED
KOTAK202605231985762,740584044878,2388487,INR,2026-05-17T07:54:06.280Z,KOTAK,ORD-BC3759A65756,SETTLED
KOTAK202605230154478,127562997898,1048853,INR,2026-05-21T12:54:06.280Z,KOTAK,ORD-F50790037206,SETTLED
KOTAK202605231485002,391600813966,1839208,INR,2026-05-23T14:54:06.280Z,KOTAK,ORD-3406824370D3,SETTLED
KOTAK202605236134851,151548995358,1126151,INR,2026-05-20T08:54:06.280Z,KOTAK,ORD-FC91220FB0CB,SETTLED
KOTAK202605238656606,599337659971,1425290,INR,2026-05-21T11:54:06.280Z,KOTAK,ORD-09AD4CCFD013,SETTLED
KOTAK202605233917099,711134952684,1095943,INR,2026-05-17T14:54:06.280Z,KOTAK,ORD-6838EBC3A5A5,SETTLED
KOTAK202605233572685,649727977058,4310836,INR,2026-05-22T06:54:06.280Z,KOTAK,ORD-7E5D46F02E38,SETTLED
KOTAK202605234236325,594299828699,3203609,INR,2026-05-22T07:54:06.281Z,KOTAK,ORD-964270A856F3,SETTLED
KOTAK202605230264068,473271138370,651303,INR,2026-05-19T07:54:06.281Z,KOTAK,ORD-5B70D6A8D8D0,SETTLED
KOTAK202605237600606,039107509516,2582964,INR,2026-05-17T23:54:06.281Z,KOTAK,ORD-E60C6109F526,SETTLED
KOTAK202605239040381,225043578603,2133413,INR,2026-05-18T00:54:06.281Z,KOTAK,ORD-0A86CBE6A82E,SETTLED
KOTAK202605233372413,575754553254,2306897,INR,2026-05-20T22:54:06.281Z,KOTAK,ORD-F432554F1E96,SETTLED
KOTAK202605232456103,373529679053,2672708,INR,2026-05-24T06:54:06.281Z,KOTAK,ORD-2A9F0331C743,SETTLED
KOTAK202605232223426,894886664102,2789113,INR,2026-05-20T22:54:06.281Z,KOTAK,ORD-83B7E6F22F19,SETTLED
KOTAK202605237786480,813361905588,3180001,INR,2026-05-19T21:54:06.281Z,KOTAK,ORD-DCCF0AE67C84,SETTLED
KOTAK202605230475402,832641767618,4554450,INR,2026-05-18T19:54:06.281Z,KOTAK,ORD-9DCA1DF7C683,SETTLED
KOTAK202605236891326,406020311496,2432204,INR,2026-05-17T17:54:06.281Z,KOTAK,ORD-AE523EE12294,SETTLED
KOTAK202605238987414,179484656823,447213,INR,2026-05-19T02:54:06.281Z,KOTAK,ORD-EA6E3BE2F2FF,SETTLED
KOTAK202605238969438,743593661997,732442,INR,2026-05-24T00:54:06.281Z,KOTAK,ORD-78CEF52CA920,SETTLED
KOTAK202605231560339,994358459799,1166722,INR,2026-05-21T23:54:06.281Z,KOTAK,ORD-E0E3458E9450,SETTLED
KOTAK202605236328484,168477224150,4613278,INR,2026-05-19T03:54:06.281Z,KOTAK,ORD-099729D5E76D,SETTLED
KOTAK202605235623395,867846278203,1072507,INR,2026-05-20T13:54:06.281Z,KOTAK,ORD-DC8CDEEB22D3,SETTLED
KOTAK202605234882424,678341348781,3764127,INR,2026-05-22T09:54:06.281Z,KOTAK,ORD-9421FD6A08BA,SETTLED
KOTAK202605237719651,746534326264,4013619,INR,2026-05-22T06:54:06.281Z,KOTAK,ORD-D1A4503669F1,SETTLED
KOTAK202605232015862,771254984257,3201772,INR,2026-05-23T08:54:06.281Z,KOTAK,ORD-DDE94F62726D,SETTLED
KOTAK202605237735298,854824987094,4375195,INR,2026-05-23T15:54:06.281Z,KOTAK,ORD-CD7B2585885E,SETTLED
KOTAK202605237079525,098959975380,1396096,INR,2026-05-17T12:54:06.281Z,KOTAK,ORD-6CF9851F4FF4,SETTLED
KOTAK202605230159126,352377125558,3140573,INR,2026-05-23T07:54:06.281Z,KOTAK,ORD-9CD7B129F4C6,SETTLED
KOTAK202605235974772,427545125458,3854850,INR,2026-05-18T20:54:06.281Z,KOTAK,ORD-DF3FE16C4641,SETTLED
KOTAK202605234751173,804897330344,4483416,INR,2026-05-19T01:54:06.282Z,KOTAK,ORD-F4F63C17CD39,SETTLED
KOTAK202605230250842,668442542310,4954879,INR,2026-05-24T00:54:06.282Z,KOTAK,ORD-81FCCE24970D,SETTLED
KOTAK202605239677634,527211034292,4368330,INR,2026-05-22T04:54:06.282Z,KOTAK,ORD-4DF367311584,SETTLED
KOTAK202605234064954,344762286209,4198108,INR,2026-05-19T00:54:06.282Z,KOTAK,ORD-3DAED7362411,SETTLED
KOTAK202605234586265,341457600416,1960957,INR,2026-05-22T06:54:06.282Z,KOTAK,ORD-38657BAB7388,SETTLED
KOTAK202605233917754,290399877238,1116405,INR,2026-05-20T23:54:06.282Z,KOTAK,ORD-B8D7A062C55B,SETTLED
KOTAK202605234176354,295522886459,1134167,INR,2026-05-23T06:54:06.282Z,KOTAK,ORD-E49970742E7A,SETTLED
KOTAK202605237469034,606410706628,2608019,INR,2026-05-18T06:54:06.282Z,KOTAK,ORD-5B2550938986,SETTLED
KOTAK202605239138341,935764527356,4680212,INR,2026-05-18T22:54:06.282Z,KOTAK,ORD-666B47596442,SETTLED
KOTAK202605235963006,433446823580,1038421,INR,2026-05-21T20:54:06.282Z,KOTAK,ORD-F24143B2D7C8,SETTLED
KOTAK202605239457729,887445207383,4840588,INR,2026-05-21T02:54:06.282Z,KOTAK,ORD-630FCFC01644,SETTLED
KOTAK202605232527150,032828143942,3631897,INR,2026-05-18T02:54:06.282Z,KOTAK,ORD-ADEF5D6CDAC6,SETTLED
KOTAK202605230828453,443089469541,1679622,INR,2026-05-23T05:54:06.282Z,KOTAK,ORD-BA659F7D4F23,PENDING
KOTAK202605236970557,409079651728,2540309,INR,2026-05-17T15:54:06.282Z,KOTAK,ORD-5736707A248E,SETTLED
KOTAK202605239427120,128964422631,4286487,INR,2026-05-21T12:54:06.282Z,KOTAK,ORD-27068D087F8A,SETTLED
KOTAK202605236520716,414095879335,3211357,INR,2026-05-17T10:54:06.282Z,KOTAK,ORD-A47CBFDA31EA,SETTLED
KOTAK202605238631112,607355083099,4476836,INR,2026-05-20T19:54:06.282Z,KOTAK,ORD-B6F7E9CBDEFF,SETTLED
KOTAK202605236458703,189395638583,1594833,INR,2026-05-23T12:54:06.282Z,KOTAK,ORD-39E120975CE1,SETTLED
KOTAK202605230569260,158306292137,422879,INR,2026-05-21T04:54:06.282Z,KOTAK,ORD-1FE67DC904DD,SETTLED
KOTAK202605236374776,726310512605,65884,INR,2026-05-18T08:54:06.282Z,KOTAK,ORD-4C7C3C8E2F8E,PENDING
KOTAK202605230335771,962862609221,323915,INR,2026-05-21T09:54:06.282Z,KOTAK,ORD-9D454E144DDC,PENDING
KOTAK202605237591119,541524917874,4266955,INR,2026-05-23T02:54:06.282Z,KOTAK,ORD-45F0A7AA987C,SETTLED
KOTAK202605235673066,731988462291,2929115,INR,2026-05-21T00:54:06.282Z,KOTAK,ORD-2CBDAC0C0AD2,PENDING
KOTAK202605234199479,225199266494,4603527,INR,2026-05-24T05:54:06.282Z,KOTAK,ORD-8341AD592DBF,SETTLED
KOTAK202605238688543,562054805414,4745510,INR,2026-05-21T12:54:06.282Z,KOTAK,ORD-96A9B9482D03,SETTLED
KOTAK202605238896795,480803347185,4585733,INR,2026-05-21T05:54:06.282Z,KOTAK,ORD-BF1F179596D4,SETTLED
KOTAK202605233155090,922854936288,3755899,INR,2026-05-19T01:54:06.282Z,KOTAK,ORD-76E496328ED6,SETTLED
KOTAK202605235258455,654662854498,4081701,INR,2026-05-22T17:54:06.282Z,KOTAK,ORD-07EE262D450B,SETTLED
KOTAK202605232832515,311145290384,1088182,INR,2026-05-20T18:54:06.282Z,KOTAK,ORD-017406098C1F,SETTLED
KOTAK202605230823280,667125440501,4104589,INR,2026-05-19T21:54:06.282Z,KOTAK,ORD-53FE81FD3EBF,SETTLED
KOTAK202605232554727,462965363458,624043,INR,2026-05-22T06:54:06.282Z,KOTAK,ORD-7C41465AE281,SETTLED
KOTAK202605234065986,868610024099,638537,INR,2026-05-23T08:54:06.282Z,KOTAK,ORD-886A97FDA09E,SETTLED
KOTAK202605230079869,249635994706,1154597,INR,2026-05-18T16:54:06.282Z,KOTAK,ORD-F6818EDCFC5D,SETTLED
KOTAK202605236336250,306891417021,884280,INR,2026-05-22T08:54:06.282Z,KOTAK,ORD-021C83FA49C4,SETTLED
KOTAK202605239440985,164788125842,1932303,INR,2026-05-21T18:54:06.282Z,KOTAK,ORD-8A72FB3C258B,SETTLED
KOTAK202605234438356,528109766657,2010780,INR,2026-05-21T11:54:06.282Z,KOTAK,ORD-F3E503CCDD82,SETTLED
KOTAK202605237031221,457882998861,1581672,INR,2026-05-19T00:54:06.282Z,KOTAK,ORD-72E0F4A60333,SETTLED
KOTAK202605237908116,323825161086,4649308,INR,2026-05-19T02:54:06.282Z,KOTAK,ORD-28AD3487955F,SETTLED
KOTAK202605232304993,329551497270,3875619,INR,2026-05-22T16:54:06.282Z,KOTAK,ORD-26B7FA014451,SETTLED
KOTAK202605233616300,018625011823,3574115,INR,2026-05-22T10:54:06.282Z,KOTAK,ORD-3D1433940CA5,PENDING
KOTAK202605238712532,712365917606,704747,INR,2026-05-19T18:54:06.282Z,KOTAK,ORD-F9B755A2FEF5,SETTLED
KOTAK202605236629175,776537295659,1663159,INR,2026-05-18T12:54:06.282Z,KOTAK,ORD-155B8639FDBC,SETTLED
KOTAK202605239966059,289371722537,4020331,INR,2026-05-21T06:54:06.282Z,KOTAK,ORD-70ECBD97E2DE,SETTLED
KOTAK202605237180239,129105935127,3434213,INR,2026-05-18T11:54:06.282Z,KOTAK,ORD-26109B50F69A,SETTLED
KOTAK202605231128995,866536377421,2083151,INR,2026-05-22T04:54:06.282Z,KOTAK,ORD-968E4C8220E5,SETTLED
KOTAK202605232653381,698533296357,4117967,INR,2026-05-24T04:54:06.283Z,KOTAK,ORD-C03FFF43F2BA,SETTLED
KOTAK202605239764418,172008346080,977858,INR,2026-05-17T18:54:06.283Z,KOTAK,ORD-7B83AAAF7608,SETTLED
KOTAK202605232690142,112753452465,1273768,INR,2026-05-21T10:54:06.283Z,KOTAK,ORD-2424EDEDAFD0,SETTLED
KOTAK202605233111122,652760322561,291516,INR,2026-05-19T17:54:06.283Z,KOTAK,ORD-D512275DB1B4,SETTLED
KOTAK202605235763293,752302730549,2095701,INR,2026-05-23T03:54:06.283Z,KOTAK,ORD-13C0ABEAE36B,PENDING
KOTAK202605234844047,673204522857,4842665,INR,2026-05-23T15:54:06.283Z,KOTAK,ORD-470F3E1E14BA,SETTLED
KOTAK202605236055575,255367929876,599834,INR,2026-05-23T10:54:06.283Z,KOTAK,ORD-755183EE7720,SETTLED
KOTAK202605235500187,448831740531,762259,INR,2026-05-22T19:54:06.283Z,KOTAK,ORD-D9CD2A7C1D60,SETTLED
KOTAK202605233296319,393216529512,4601811,INR,2026-05-20T18:54:06.283Z,KOTAK,ORD-C70CE025E585,SETTLED
KOTAK202605232347627,721652344277,4924616,INR,2026-05-23T09:54:06.283Z,KOTAK,ORD-7974C8C237ED,SETTLED
KOTAK202605234434110,578385514253,2324165,INR,2026-05-17T21:54:06.283Z,KOTAK,ORD-4DFEB84F0A8D,SETTLED
KOTAK202605234369765,198196409103,2252250,INR,2026-05-24T01:54:06.283Z,KOTAK,ORD-A9BA5CA8F131,SETTLED
KOTAK202605235253014,552065941898,3390338,INR,2026-05-21T06:54:06.283Z,KOTAK,ORD-B47B6284D54D,SETTLED
KOTAK202605234745097,437963469405,1946450,INR,2026-05-17T17:54:06.283Z,KOTAK,ORD-AE97B266AB4F,SETTLED
KOTAK202605232142901,904145922263,4790741,INR,2026-05-23T22:54:06.283Z,KOTAK,ORD-A5E471862A77,SETTLED
KOTAK202605235825604,269041896004,2106043,INR,2026-05-19T19:54:06.283Z,KOTAK,ORD-2F2B6437A126,PENDING
KOTAK202605232360913,958371018051,518619,INR,2026-05-17T16:54:06.283Z,KOTAK,ORD-10A653819FC4,SETTLED
KOTAK202605236466777,922277479590,2263853,INR,2026-05-23T13:54:06.283Z,KOTAK,ORD-256D13706BFD,SETTLED
KOTAK202605233514201,789114792653,1487921,INR,2026-05-22T23:54:06.283Z,KOTAK,ORD-04A9424CD1BA,SETTLED
KOTAK202605238093194,399477224439,3603313,INR,2026-05-18T17:54:06.283Z,KOTAK,ORD-1BCCEAF3E619,SETTLED
KOTAK202605235635186,787875598427,1686574,INR,2026-05-18T04:54:06.283Z,KOTAK,ORD-4656F3F9C7F2,SETTLED
KOTAK202605234470244,060321134787,3288737,INR,2026-05-22T09:54:06.283Z,KOTAK,ORD-01BEF7E6DBA2,SETTLED
KOTAK202605236432437,153253749576,2727334,INR,2026-05-18T02:54:06.283Z,KOTAK,ORD-558E84E7AFD0,SETTLED
KOTAK202605236840498,342424824216,4265882,INR,2026-05-21T06:54:06.283Z,KOTAK,ORD-62159A9D9F21,SETTLED
KOTAK202605236353907,553347568192,1878294,INR,2026-05-20T15:54:06.283Z,KOTAK,ORD-CB4CA83432A1,SETTLED
KOTAK202605231357920,770148245666,2830954,INR,2026-05-17T11:54:06.283Z,KOTAK,ORD-47ED63E99735,SETTLED
KOTAK202605234324661,664454322309,3655763,INR,2026-05-23T07:54:06.283Z,KOTAK,ORD-99C2E06DB93E,SETTLED
KOTAK202605230397578,041355553199,3479989,INR,2026-05-23T19:54:06.283Z,KOTAK,ORD-2F1C1E22140D,SETTLED
KOTAK202605232246445,748253430405,3340091,INR,2026-05-22T00:54:06.283Z,KOTAK,ORD-62670849C0D4,SETTLED
KOTAK202605235023594,355161612102,4599409,INR,2026-05-22T08:54:06.283Z,KOTAK,ORD-857A7F6DFED0,SETTLED
KOTAK202605236743052,243441938886,2833407,INR,2026-05-19T12:54:06.283Z,KOTAK,ORD-18424BFC2547,SETTLED
KOTAK202605236945258,424057977620,4421293,INR,2026-05-23T23:54:06.283Z,KOTAK,ORD-89652036054D,SETTLED
KOTAK202605232184520,094021425838,3568693,INR,2026-05-19T05:54:06.283Z,KOTAK,ORD-F667B2F2B315,SETTLED
KOTAK202605231665307,991000049284,3700305,INR,2026-05-18T13:54:06.284Z,KOTAK,ORD-E3EF967B38C9,SETTLED
KOTAK202605233537657,103046246840,3987658,INR,2026-05-18T21:54:06.284Z,KOTAK,ORD-99FF987944AF,SETTLED
KOTAK202605238658133,079412584715,1342011,INR,2026-05-21T02:54:06.284Z,KOTAK,ORD-A250A989CBEC,SETTLED
KOTAK202605233322883,452210535782,3481725,INR,2026-05-21T18:54:06.284Z,KOTAK,ORD-11292414B9EB,SETTLED
KOTAK202605237544697,541370324806,3839112,INR,2026-05-18T11:54:06.284Z,KOTAK,ORD-D4D4327337D5,SETTLED
KOTAK202605237688420,592938878867,1507211,INR,2026-05-21T02:54:06.284Z,KOTAK,ORD-B7190AC02A93,SETTLED
KOTAK202605237536886,007378841049,1761531,INR,2026-05-19T22:54:06.284Z,KOTAK,ORD-EB1FA032963C,SETTLED
KOTAK202605239094089,390149071278,3019578,INR,2026-05-20T13:54:06.284Z,KOTAK,ORD-CF7964FE3CAE,SETTLED
KOTAK202605234489760,301838894817,2877995,INR,2026-05-22T05:54:06.284Z,KOTAK,ORD-E7C872DD3B38,SETTLED
KOTAK202605238853357,061872784273,3370879,INR,2026-05-22T01:54:06.284Z,KOTAK,ORD-C3F69EB29326,SETTLED
KOTAK202605234075359,622057315215,2052942,INR,2026-05-19T16:54:06.284Z,KOTAK,ORD-38573904FD43,SETTLED
KOTAK202605237322190,418258397232,240033,INR,2026-05-24T05:54:06.284Z,KOTAK,ORD-5914304F519A,SETTLED
KOTAK202605235512400,936831134144,3856165,INR,2026-05-19T09:54:06.284Z,KOTAK,ORD-A329C94EF6A3,SETTLED
KOTAK202605239965945,593296299915,3249607,INR,2026-05-24T02:54:06.284Z,KOTAK,ORD-D412BB1E7D13,SETTLED
KOTAK202605230696444,793044001514,1601725,INR,2026-05-19T06:54:06.284Z,KOTAK,ORD-89B87F9B64DC,SETTLED
KOTAK202605233545693,055445777220,109348,INR,2026-05-19T07:54:06.284Z,KOTAK,ORD-2C6E980A66DB,SETTLED
KOTAK202605239101407,293647623622,88374,INR,2026-05-24T05:54:06.284Z,KOTAK,ORD-E0C27F9736ED,SETTLED
KOTAK202605237844344,664813724147,2690902,INR,2026-05-24T05:54:06.284Z,KOTAK,ORD-37C8267A5266,SETTLED
KOTAK202605237721821,476611320603,4901247,INR,2026-05-19T01:54:06.284Z,KOTAK,ORD-EB98497F9226,SETTLED
KOTAK202605234611387,952240405455,25324,INR,2026-05-23T04:54:06.284Z,KOTAK,ORD-D3588AA9CF10,SETTLED
KOTAK202605233376101,342238524009,192882,INR,2026-05-18T01:54:06.284Z,KOTAK,ORD-6C92FAE28198,SETTLED
KOTAK202605232456301,814289103200,1038573,INR,2026-05-18T02:54:06.284Z,KOTAK,ORD-E74544F285E2,SETTLED
KOTAK202605236164500,180621173977,1103603,INR,2026-05-23T02:54:06.284Z,KOTAK,ORD-0012D686F057,SETTLED
KOTAK202605234327954,739199925959,4156954,INR,2026-05-20T15:54:06.284Z,KOTAK,ORD-1E9942ABB191,SETTLED
KOTAK202605231389595,177887282872,2766743,INR,2026-05-19T20:54:06.284Z,KOTAK,ORD-E7F48CD1CD04,SETTLED
KOTAK202605237408411,679231100404,2759655,INR,2026-05-20T08:54:06.284Z,KOTAK,ORD-F41931F00DEF,SETTLED
KOTAK202605236107137,671267660930,1705753,INR,2026-05-20T08:54:06.285Z,KOTAK,ORD-8FF59208B9A7,SETTLED
KOTAK202605237042012,018014880666,3902461,INR,2026-05-18T07:54:06.285Z,KOTAK,ORD-102D215A371A,SETTLED
KOTAK202605231099223,740053597017,1901801,INR,2026-05-21T12:54:06.285Z,KOTAK,ORD-85A2514FD3C3,SETTLED
KOTAK202605233828872,479983317765,3928610,INR,2026-05-17T21:54:06.285Z,KOTAK,ORD-CEAA76B895EF,PENDING
KOTAK202605238013650,000039195714,2349956,INR,2026-05-20T05:54:06.285Z,KOTAK,ORD-6B245D4FDA38,SETTLED
KOTAK202605238132618,173918294506,4699901,INR,2026-05-23T11:54:06.285Z,KOTAK,ORD-8FC014DF297B,SETTLED
KOTAK202605238723802,105595306455,820033,INR,2026-05-18T20:54:06.285Z,KOTAK,ORD-47F054C88161,SETTLED
KOTAK202605238816205,240417684092,4204372,INR,2026-05-17T18:54:06.285Z,KOTAK,ORD-A94EBA700FBF,SETTLED
KOTAK202605236694756,449801364903,4741208,INR,2026-05-21T21:54:06.285Z,KOTAK,ORD-C542152533EE,SETTLED
KOTAK202605235756450,492273908421,963133,INR,2026-05-22T07:54:06.285Z,KOTAK,ORD-843C29325789,SETTLED
KOTAK202605234574069,857970321824,3150506,INR,2026-05-23T13:54:06.285Z,KOTAK,ORD-47603D41F6F2,SETTLED
KOTAK202605237739278,586000111495,457197,INR,2026-05-18T14:54:06.285Z,KOTAK,ORD-1980BB3878A7,SETTLED
KOTAK202605235662744,680940313680,4576586,INR,2026-05-18T23:54:06.285Z,KOTAK,ORD-7FAADEEAE70E,SETTLED
KOTAK202605236579264,784596437133,3818028,INR,2026-05-22T10:54:06.285Z,KOTAK,ORD-1B3303200650,SETTLED
KOTAK202605235892645,601882039216,969205,INR,2026-05-17T10:54:06.285Z,KOTAK,ORD-1042135AD5FF,SETTLED
KOTAK202605231023195,746398984851,609732,INR,2026-05-22T08:54:06.285Z,KOTAK,ORD-00F821F0A454,SETTLED
KOTAK202605231099322,001432220050,758663,INR,2026-05-22T06:54:06.285Z,KOTAK,ORD-53159B5A0BCD,SETTLED
KOTAK202605232732491,714539924355,1665328,INR,2026-05-19T03:54:06.285Z,KOTAK,ORD-08109AEFB4F0,SETTLED
KOTAK202605232300354,834652572662,2009135,INR,2026-05-20T03:54:06.285Z,KOTAK,ORD-F9A8279A2C5F,SETTLED
KOTAK202605231357270,138335979029,3388990,INR,2026-05-21T01:54:06.285Z,KOTAK,ORD-891DDB323B4D,SETTLED
KOTAK202605231512602,465146791480,4296536,INR,2026-05-21T15:54:06.285Z,KOTAK,ORD-0264E32A6FBA,SETTLED
KOTAK202605232588935,631620011302,2823936,INR,2026-05-18T21:54:06.285Z,KOTAK,ORD-43E7B4A2C233,SETTLED
KOTAK202605238035819,066937313358,562793,INR,2026-05-20T22:54:06.285Z,KOTAK,ORD-3F6C2400DBAD,SETTLED
KOTAK202605238787767,041699685483,2685176,INR,2026-05-19T05:54:06.285Z,KOTAK,ORD-4065BBD755F7,SETTLED
KOTAK202605238139348,975308379077,1770745,INR,2026-05-22T19:54:06.285Z,KOTAK,ORD-BAA5FB202D21,SETTLED
KOTAK202605236932964,407430475267,4011022,INR,2026-05-23T20:54:06.285Z,KOTAK,ORD-55814055F0A8,SETTLED
KOTAK202605234020519,395354481842,4906394,INR,2026-05-21T18:54:06.285Z,KOTAK,ORD-0279E21EF9ED,SETTLED
KOTAK202605235362145,038953499623,3311779,INR,2026-05-17T12:54:06.285Z,KOTAK,ORD-70A1223A3C8C,SETTLED
KOTAK202605239366743,027255943717,1147379,INR,2026-05-18T12:54:06.285Z,KOTAK,ORD-87660991D055,SETTLED
KOTAK202605237549282,749976122338,1684049,INR,2026-05-18T10:54:06.285Z,KOTAK,ORD-961919F0FFEC,SETTLED
KOTAK202605234212403,807856003604,3763359,INR,2026-05-20T02:54:06.285Z,KOTAK,ORD-7D1FBE189396,SETTLED
KOTAK202605232045290,208413894039,343362,INR,2026-05-22T13:54:06.285Z,KOTAK,ORD-08812E9DE71F,SETTLED
KOTAK202605230140317,941643200749,2949135,INR,2026-05-23T22:54:06.285Z,KOTAK,ORD-3C33AA0610BC,SETTLED
KOTAK202605232869915,776127728155,4356757,INR,2026-05-22T22:54:06.285Z,KOTAK,ORD-B51E2CDE5637,PENDING
KOTAK202605237333600,289921281834,3966026,INR,2026-05-18T03:54:06.285Z,KOTAK,ORD-1C8EDFDBCD44,SETTLED
KOTAK202605233148283,044309967936,1901816,INR,2026-05-18T10:54:06.285Z,KOTAK,ORD-258DD0810BA3,SETTLED
KOTAK202605239497266,696956215758,3047894,INR,2026-05-17T13:54:06.285Z,KOTAK,ORD-39C15A27BDA2,SETTLED
KOTAK202605236658368,231754855855,964634,INR,2026-05-24T02:54:06.285Z,KOTAK,ORD-8D458FF7BF47,SETTLED
KOTAK202605233018685,663730311877,708468,INR,2026-05-19T14:54:06.285Z,KOTAK,ORD-6AC8A00659CE,SETTLED
KOTAK202605232947305,136951327807,4984778,INR,2026-05-22T06:54:06.285Z,KOTAK,ORD-F0F1A2BEE3AC,SETTLED
KOTAK202605232368992,213340036080,1746156,INR,2026-05-20T19:54:06.285Z,KOTAK,ORD-1A81A86CAEFC,SETTLED
KOTAK202605232714335,043273867563,1533150,INR,2026-05-17T22:54:06.285Z,KOTAK,ORD-50B248139BE2,SETTLED
KOTAK202605230937100,633949851459,2546055,INR,2026-05-24T02:54:06.285Z,KOTAK,ORD-2DB9F99EE8D7,SETTLED
KOTAK202605237394694,224031767058,2395066,INR,2026-05-22T06:54:06.285Z,KOTAK,ORD-2B774C6D4CB0,SETTLED
KOTAK202605237976177,625431731558,775478,INR,2026-05-22T09:54:06.285Z,KOTAK,ORD-81587B04A453,PENDING
KOTAK202605231343710,848821400034,250602,INR,2026-05-22T23:54:06.285Z,KOTAK,ORD-EF44F4CD1A9C,SETTLED
KOTAK202605231658479,844589366414,4232878,INR,2026-05-18T04:54:06.285Z,KOTAK,ORD-52629577F296,SETTLED
KOTAK202605235812420,252906644073,4411465,INR,2026-05-21T01:54:06.285Z,KOTAK,ORD-C1670CB3FC09,SETTLED
KOTAK202605232807858,063652344397,3891480,INR,2026-05-21T01:54:06.285Z,KOTAK,ORD-C6F3AFA766C0,SETTLED
KOTAK202605234055309,747690533505,747111,INR,2026-05-21T04:54:06.285Z,KOTAK,ORD-0F1E98606C45,SETTLED
KOTAK202605236013190,273727753763,3292527,INR,2026-05-23T00:54:06.285Z,KOTAK,ORD-C2C8FB8E290F,SETTLED
KOTAK202605231106921,914510984785,4812062,INR,2026-05-19T04:54:06.285Z,KOTAK,ORD-422C779B3061,SETTLED
KOTAK202605236254404,779819713720,2955729,INR,2026-05-20T05:54:06.285Z,KOTAK,ORD-BEBB0B1D67A6,PENDING
KOTAK202605233577567,487647429777,4441628,INR,2026-05-20T08:54:06.285Z,KOTAK,ORD-CC9B24936DFD,SETTLED
KOTAK202605236008518,586785828671,4496480,INR,2026-05-22T01:54:06.285Z,KOTAK,ORD-237EF0FC798D,SETTLED
KOTAK202605238600770,804817577068,1096556,INR,2026-05-21T03:54:06.285Z,KOTAK,ORD-E86EE40F7FBB,SETTLED
KOTAK202605239831595,892684438202,1457472,INR,2026-05-18T09:54:06.285Z,KOTAK,ORD-9541A797B9FE,SETTLED
KOTAK202605238453630,735176678069,1933371,INR,2026-05-18T01:54:06.286Z,KOTAK,ORD-417867D78E51,SETTLED
KOTAK202605238531623,020346619661,2548092,INR,2026-05-19T08:54:06.286Z,KOTAK,ORD-CB6373FA1F27,SETTLED
KOTAK202605236126866,741078292583,583577,INR,2026-05-20T04:54:06.286Z,KOTAK,ORD-E0D387F782B1,SETTLED
KOTAK202605235208303,331466686931,1787861,INR,2026-05-19T17:54:06.286Z,KOTAK,ORD-DE4D506BDD3B,SETTLED
KOTAK202605230138537,019243626126,4633680,INR,2026-05-21T00:54:06.286Z,KOTAK,ORD-309F7D0B1938,SETTLED
KOTAK202605232743894,365612048701,369001,INR,2026-05-21T13:54:06.286Z,KOTAK,ORD-3C4BE9ED3388,SETTLED
KOTAK202605232832734,541622158187,1372664,INR,2026-05-22T19:54:06.286Z,KOTAK,ORD-6D18568278B3,SETTLED
KOTAK202605237467299,533404794275,184617,INR,2026-05-23T04:54:06.286Z,KOTAK,ORD-2AEDE354E8F6,PENDING
KOTAK202605234503011,478239178681,2224509,INR,2026-05-18T12:54:06.286Z,KOTAK,ORD-E9F927301761,SETTLED
KOTAK202605236084148,194721068820,1752566,INR,2026-05-22T08:54:06.286Z,KOTAK,ORD-FC37F2C7806A,SETTLED
KOTAK202605236590282,833653117042,724795,INR,2026-05-20T15:54:06.286Z,KOTAK,ORD-38A6BA51F571,SETTLED
KOTAK202605239934434,697215652940,1987386,INR,2026-05-22T18:54:06.286Z,KOTAK,ORD-19908593F6E5,SETTLED
KOTAK202605230279554,906756661422,2838961,INR,2026-05-18T01:54:06.286Z,KOTAK,ORD-CF286509F398,SETTLED
KOTAK202605233287604,501414428602,1329859,INR,2026-05-21T18:54:06.286Z,KOTAK,ORD-2A6569A69661,SETTLED
KOTAK202605234309830,769936846210,2995045,INR,2026-05-20T11:54:06.286Z,KOTAK,ORD-8F3D1B8CDB2B,SETTLED
KOTAK202605232492805,144905998847,4507448,INR,2026-05-19T15:54:06.286Z,KOTAK,ORD-B64D7E002E91,SETTLED
KOTAK202605231375486,817201374313,1976399,INR,2026-05-23T02:54:06.286Z,KOTAK,ORD-E787F76DBA8B,SETTLED
KOTAK202605236054180,239397515095,2549959,INR,2026-05-19T20:54:06.286Z,KOTAK,ORD-5785348E6742,SETTLED
KOTAK202605231528474,015407854922,808600,INR,2026-05-21T09:54:06.286Z,KOTAK,ORD-805A230EB13B,SETTLED
KOTAK202605235962599,301030936831,2753698,INR,2026-05-20T23:54:06.286Z,KOTAK,ORD-92AF1B330A99,SETTLED
KOTAK202605235044612,774304322743,4757243,INR,2026-05-22T19:54:06.286Z,KOTAK,ORD-D69FD49D8324,SETTLED
KOTAK202605239485300,462257788860,3534549,INR,2026-05-21T22:54:06.286Z,KOTAK,ORD-DBCEB43AB4C9,SETTLED
KOTAK202605233777041,862953166157,4854698,INR,2026-05-21T13:54:06.286Z,KOTAK,ORD-7C49179F19FB,SETTLED
KOTAK202605231346233,041465726639,985261,INR,2026-05-23T18:54:06.286Z,KOTAK,ORD-BE92EAB88C5C,SETTLED
KOTAK202605235028483,001315715565,3854704,INR,2026-05-18T22:54:06.286Z,KOTAK,ORD-0787BBA04BD9,SETTLED
KOTAK202605231420585,587167783731,2105971,INR,2026-05-21T18:54:06.286Z,KOTAK,ORD-9B238942F7BF,SETTLED
KOTAK202605239830126,624319085368,3119930,INR,2026-05-22T06:54:06.286Z,KOTAK,ORD-29D8D637CF43,SETTLED
KOTAK202605237462234,430295376203,3489143,INR,2026-05-17T09:54:06.286Z,KOTAK,ORD-F0613741D095,PENDING
KOTAK202605230854823,636547297116,3736886,INR,2026-05-23T08:54:06.286Z,KOTAK,ORD-DB4A5A805DC4,SETTLED
KOTAK202605236848297,888263864927,1224455,INR,2026-05-23T19:54:06.286Z,KOTAK,ORD-B3D70FBCE193,SETTLED
KOTAK202605230341523,635931103337,3510382,INR,2026-05-22T06:54:06.286Z,KOTAK,ORD-F08237BCA7E9,SETTLED
KOTAK202605230028757,778359977574,259187,INR,2026-05-20T03:54:06.286Z,KOTAK,ORD-98795A257199,SETTLED
KOTAK202605238278572,752568523651,962202,INR,2026-05-21T21:54:06.286Z,KOTAK,ORD-1EC44C628E01,SETTLED
KOTAK202605235202446,713951586569,1911314,INR,2026-05-19T21:54:06.286Z,KOTAK,ORD-391F2219D71C,SETTLED
KOTAK202605237030265,520591938505,990080,INR,2026-05-21T20:54:06.286Z,KOTAK,ORD-F066C993A0AC,SETTLED
KOTAK202605238172794,336580446596,1480870,INR,2026-05-18T18:54:06.286Z,KOTAK,ORD-A8CCF71B9F8E,SETTLED
KOTAK202605236156664,289887546907,271638,INR,2026-05-21T02:54:06.286Z,KOTAK,ORD-D9903D82F824,SETTLED
KOTAK202605236728573,162796995305,1486808,INR,2026-05-21T08:54:06.286Z,KOTAK,ORD-8329D33ED135,SETTLED
KOTAK202605231754960,889756302862,2131444,INR,2026-05-22T17:54:06.286Z,KOTAK,ORD-130760B54A5D,SETTLED
KOTAK202605234559564,928902319046,4079944,INR,2026-05-22T09:54:06.286Z,KOTAK,ORD-063436A8F48A,PENDING
KOTAK202605232687936,351143610726,2260148,INR,2026-05-20T01:54:06.286Z,KOTAK,ORD-A738D805CB21,SETTLED
KOTAK202605231780212,433336716175,4422116,INR,2026-05-23T06:54:06.286Z,KOTAK,ORD-9D49FF2F4644,SETTLED
KOTAK202605239721785,452697178897,3794727,INR,2026-05-17T17:54:06.287Z,KOTAK,ORD-FE1DECD473C2,SETTLED
KOTAK202605232682849,024078279148,4819749,INR,2026-05-24T03:54:06.287Z,KOTAK,ORD-F9AE2C654BE7,SETTLED
KOTAK202605233666944,233387611708,4559075,INR,2026-05-22T14:54:06.287Z,KOTAK,ORD-F8813AFE7359,SETTLED
KOTAK202605239989326,878795632187,183079,INR,2026-05-19T16:54:06.287Z,KOTAK,ORD-01EC2683035F,SETTLED
KOTAK202605230339938,052527603899,3589033,INR,2026-05-24T00:54:06.287Z,KOTAK,ORD-8643C57A422F,SETTLED
KOTAK202605236376146,280884023053,3963076,INR,2026-05-24T06:54:06.287Z,KOTAK,ORD-12B2647A7344,SETTLED
KOTAK202605237005529,138289294221,481565,INR,2026-05-20T00:54:06.287Z,KOTAK,ORD-76F47B0F5F63,SETTLED
KOTAK202605230522462,309460110233,3375370,INR,2026-05-21T15:54:06.287Z,KOTAK,ORD-65D9582D16DF,SETTLED
KOTAK202605231065276,256581167117,2043167,INR,2026-05-21T23:54:06.287Z,KOTAK,ORD-DC1983EF51B5,SETTLED
KOTAK202605230787134,426048561602,1067227,INR,2026-05-19T15:54:06.287Z,KOTAK,ORD-FB8BC8E2AA33,SETTLED
KOTAK202605238683444,006656947861,2356808,INR,2026-05-18T23:54:06.287Z,KOTAK,ORD-568770E3B663,SETTLED
KOTAK202605238394577,466561949009,1389025,INR,2026-05-18T19:54:06.287Z,KOTAK,ORD-5FF9EAD44316,SETTLED
KOTAK202605233756235,319833906617,3080410,INR,2026-05-19T03:54:06.287Z,KOTAK,ORD-26F17887CD5B,SETTLED
KOTAK202605236546182,787698552879,815868,INR,2026-05-20T03:54:06.287Z,KOTAK,ORD-FE0282836DD8,SETTLED
KOTAK202605239272076,495250500460,2244648,INR,2026-05-19T12:54:06.287Z,KOTAK,ORD-68F0192FE897,SETTLED
KOTAK202605232329352,045836693952,1453880,INR,2026-05-21T21:54:06.287Z,KOTAK,ORD-C8F6A0D0F6F8,SETTLED
KOTAK202605237633647,473689479984,972151,INR,2026-05-21T03:54:06.287Z,KOTAK,ORD-A3D5E3B820C3,SETTLED
KOTAK202605233125065,463597253951,4920501,INR,2026-05-23T23:54:06.287Z,KOTAK,ORD-CC99C42638D6,SETTLED
KOTAK202605236956136,520139097613,3042875,INR,2026-05-18T06:54:06.287Z,KOTAK,ORD-A0CBDB2D6896,SETTLED
KOTAK202605238600187,563991331048,2059671,INR,2026-05-18T23:54:06.287Z,KOTAK,ORD-6B28B3174005,SETTLED
KOTAK202605238755539,097168041558,1396274,INR,2026-05-21T06:54:06.287Z,KOTAK,ORD-D78FF215CD49,SETTLED
KOTAK202605238961845,931107207783,3343485,INR,2026-05-19T12:54:06.287Z,KOTAK,ORD-46A7A7E5B6F6,SETTLED
KOTAK202605238365017,197282515030,666641,INR,2026-05-17T15:54:06.287Z,KOTAK,ORD-1828DD548037,SETTLED
KOTAK202605233876642,533979333967,3156708,INR,2026-05-21T05:54:06.287Z,KOTAK,ORD-6DDE80A64C1A,SETTLED
KOTAK202605238009953,768275190554,2812464,INR,2026-05-17T07:54:06.287Z,KOTAK,ORD-1B33442710A0,SETTLED
KOTAK202605234645396,444034802025,2082957,INR,2026-05-17T18:54:06.287Z,KOTAK,ORD-FDFA2F372514,SETTLED
KOTAK202605231378270,337922243686,3583215,INR,2026-05-22T11:54:06.287Z,KOTAK,ORD-83687D9EAF6C,SETTLED
KOTAK202605236982324,346262860760,137678,INR,2026-05-21T12:54:06.287Z,KOTAK,ORD-6C219AFA2E2C,SETTLED
KOTAK202605231748159,379611350583,353151,INR,2026-05-22T14:54:06.287Z,KOTAK,ORD-B3E30CBFF025,SETTLED
KOTAK202605235177400,540617006665,1186733,INR,2026-05-17T07:54:06.287Z,KOTAK,ORD-1CA504E75E93,SETTLED
KOTAK202605230383974,590137774532,1242496,INR,2026-05-20T21:54:06.287Z,KOTAK,ORD-B4DCAE38DD0F,SETTLED
KOTAK202605231428184,982224811566,4184681,INR,2026-05-23T18:54:06.287Z,KOTAK,ORD-E0E0E0FB7C0B,SETTLED
KOTAK202605239082990,934832471577,4699458,INR,2026-05-18T07:54:06.287Z,KOTAK,ORD-6868C07BF7BB,SETTLED
KOTAK202605232799557,120117601949,866641,INR,2026-05-21T02:54:06.287Z,KOTAK,ORD-F1D77CC4254D,SETTLED
KOTAK202605230614173,420759155612,2413427,INR,2026-05-17T21:54:06.287Z,KOTAK,ORD-DA9B2026704A,SETTLED
KOTAK202605237730786,070710264202,1382340,INR,2026-05-19T17:54:06.287Z,KOTAK,ORD-7801E54BDDA1,SETTLED
KOTAK202605238486514,977448553545,3286321,INR,2026-05-19T19:54:06.287Z,KOTAK,ORD-B425C7B19C1B,SETTLED
KOTAK202605231829354,497442818832,1771981,INR,2026-05-20T20:54:06.287Z,KOTAK,ORD-CC84763D2C70,SETTLED
KOTAK202605237443099,292278602906,767749,INR,2026-05-22T05:54:06.287Z,KOTAK,ORD-882DF0A6E6D5,SETTLED
KOTAK202605236873078,923434259798,4106651,INR,2026-05-17T18:54:06.287Z,KOTAK,ORD-FF76F4ADC8A4,SETTLED
KOTAK202605233279182,533244791235,359931,INR,2026-05-22T17:54:06.288Z,KOTAK,ORD-9352EDE915EE,SETTLED
KOTAK202605233362115,786714155171,353399,INR,2026-05-17T08:54:06.288Z,KOTAK,ORD-C740BE5D1E7D,SETTLED
KOTAK202605236603022,627554022331,102781,INR,2026-05-24T01:54:06.288Z,KOTAK,ORD-9136BC890C44,SETTLED
KOTAK202605236461654,228627460164,4174889,INR,2026-05-22T21:54:06.288Z,KOTAK,ORD-A8A76975BCF9,SETTLED
KOTAK202605230512630,451779995018,66359,INR,2026-05-21T22:54:06.288Z,KOTAK,ORD-BF82CFCA0201,SETTLED
KOTAK202605234417971,792726835001,1085734,INR,2026-05-22T13:54:06.288Z,KOTAK,ORD-5FD9F067F8EC,SETTLED
KOTAK202605238633908,698820362844,648600,INR,2026-05-19T14:54:06.288Z,KOTAK,ORD-A9B15CBD26B7,SETTLED
KOTAK202605239236357,081697319560,1767618,INR,2026-05-22T04:54:06.288Z,KOTAK,ORD-1E85C542C06D,SETTLED
KOTAK202605237521754,925253082962,412344,INR,2026-05-20T11:54:06.288Z,KOTAK,ORD-4513FC2EAF1B,SETTLED
KOTAK202605238910136,495161177159,332309,INR,2026-05-24T06:54:06.288Z,KOTAK,ORD-C2CE2579E097,SETTLED
KOTAK202605234577735,125339536275,721883,INR,2026-05-18T14:54:06.288Z,KOTAK,ORD-FE2C88E3A30B,SETTLED
KOTAK202605237283409,000471469882,1126782,INR,2026-05-19T23:54:06.288Z,KOTAK,ORD-7618B257E3A5,SETTLED
KOTAK202605238540739,929535419609,3801828,INR,2026-05-21T22:54:06.288Z,KOTAK,ORD-A79AC659398C,SETTLED
KOTAK202605231330742,261186814160,2571615,INR,2026-05-20T16:54:06.288Z,KOTAK,ORD-61364D0E9260,SETTLED
KOTAK202605238785225,089325062538,1207330,INR,2026-05-20T04:54:06.288Z,KOTAK,ORD-7B9BEEE65362,SETTLED
KOTAK202605232671354,278129131468,93444,INR,2026-05-23T18:54:06.288Z,KOTAK,ORD-302ABD31B58A,SETTLED
KOTAK202605234328380,608511179415,3743420,INR,2026-05-21T20:54:06.288Z,KOTAK,ORD-338D61ABD0B2,SETTLED
KOTAK202605233885663,281964355496,4056800,INR,2026-05-20T21:54:06.288Z,KOTAK,ORD-3AC5A3752FDE,PENDING
KOTAK202605239994079,969112397087,3055695,INR,2026-05-20T02:54:06.288Z,KOTAK,ORD-A5F5D301E95F,SETTLED
KOTAK202605233448466,021689928821,4008431,INR,2026-05-23T14:54:06.288Z,KOTAK,ORD-A5935860657C,SETTLED
KOTAK202605236046640,150052956558,3867283,INR,2026-05-21T22:54:06.288Z,KOTAK,ORD-2CD3D0AFD1AC,SETTLED
KOTAK202605238174253,583557884545,496941,INR,2026-05-21T09:54:06.288Z,KOTAK,ORD-B235EFA289C8,PENDING
KOTAK202605233225876,172001418879,1858655,INR,2026-05-19T07:54:06.288Z,KOTAK,ORD-F98E28B956F0,SETTLED
KOTAK202605232011751,182060608578,1932112,INR,2026-05-20T21:54:06.288Z,KOTAK,ORD-6A0CF02B46F9,SETTLED
KOTAK202605236932469,579082335440,595707,INR,2026-05-20T20:54:06.288Z,KOTAK,ORD-09658E9C17D0,SETTLED
KOTAK202605233497602,734223719479,1742046,INR,2026-05-18T11:54:06.288Z,KOTAK,ORD-EB4477742CC5,SETTLED
KOTAK202605232205992,822706371018,291752,INR,2026-05-19T17:54:06.288Z,KOTAK,ORD-0A0DAA4A9383,SETTLED
KOTAK202605239037064,080123925968,1285556,INR,2026-05-24T03:54:06.288Z,KOTAK,ORD-A137C3F75AE6,SETTLED
KOTAK202605233261268,089674557562,29848,INR,2026-05-19T10:54:06.288Z,KOTAK,ORD-322198E9A9EE,SETTLED
KOTAK202605236129335,210158936584,3459884,INR,2026-05-17T14:54:06.288Z,KOTAK,ORD-2B1C13F54878,SETTLED
KOTAK202605236661243,784753771565,3507165,INR,2026-05-20T20:54:06.288Z,KOTAK,ORD-3A7140AEF0F8,SETTLED
KOTAK202605235670276,452651642024,1082954,INR,2026-05-18T06:54:06.288Z,KOTAK,ORD-B3F2409F9B8C,SETTLED
KOTAK202605231722336,386674264291,4204809,INR,2026-05-24T00:54:06.288Z,KOTAK,ORD-08BD36E7DC86,SETTLED
KOTAK202605231044835,418217849531,3900471,INR,2026-05-23T01:54:06.288Z,KOTAK,ORD-99F56FE4BD12,SETTLED
KOTAK202605232802607,397317377974,4037788,INR,2026-05-20T21:54:06.288Z,KOTAK,ORD-00A79C7AF032,SETTLED
KOTAK202605230764484,776066868660,948629,INR,2026-05-19T09:54:06.289Z,KOTAK,ORD-A4184EDC97DA,PENDING
KOTAK202605234626916,700615735307,4919775,INR,2026-05-20T12:54:06.289Z,KOTAK,ORD-0B21059A993D,SETTLED
KOTAK202605234599710,908430608132,3111632,INR,2026-05-18T14:54:06.289Z,KOTAK,ORD-1F668020F58E,SETTLED
KOTAK202605230704876,034173950699,1201372,INR,2026-05-21T11:54:06.289Z,KOTAK,ORD-BDC259466E8E,SETTLED
KOTAK202605237470821,519051728207,3051347,INR,2026-05-18T06:54:06.289Z,KOTAK,ORD-AD2CF80C0A1C,SETTLED
KOTAK202605237652211,543825322093,1382167,INR,2026-05-18T23:54:06.289Z,KOTAK,ORD-E3AA0C08D1BA,SETTLED
KOTAK202605230926323,622377101241,604972,INR,2026-05-17T08:54:06.289Z,KOTAK,ORD-7E120C1831B3,PENDING
KOTAK202605234106050,142974532101,121814,INR,2026-05-21T22:54:06.289Z,KOTAK,ORD-0CA1354B5691,SETTLED
KOTAK202605237459386,179771246888,3995701,INR,2026-05-18T07:54:06.289Z,KOTAK,ORD-B63B28461492,SETTLED
KOTAK202605233059710,386118725994,4662041,INR,2026-05-24T02:54:06.289Z,KOTAK,ORD-B633FB2AB6AB,SETTLED
KOTAK202605238714049,685307534977,1473224,INR,2026-05-19T23:54:06.289Z,KOTAK,ORD-A6388D2643A0,SETTLED
KOTAK202605238568155,402997337925,4246272,INR,2026-05-18T07:54:06.289Z,KOTAK,ORD-A292C0AE7293,SETTLED
KOTAK202605233907921,693185816976,207457,INR,2026-05-17T18:54:06.289Z,KOTAK,ORD-592FA54B893F,SETTLED
KOTAK202605236828147,194250853275,957863,INR,2026-05-23T07:54:06.289Z,KOTAK,ORD-13523AEA0270,SETTLED
KOTAK202605233683097,688121210220,2686227,INR,2026-05-21T10:54:06.289Z,KOTAK,ORD-3895500794F3,PENDING
KOTAK202605234002123,087318713981,3976632,INR,2026-05-22T13:54:06.289Z,KOTAK,ORD-A0F513051ADD,SETTLED
KOTAK202605230474673,839746889797,3176348,INR,2026-05-17T07:54:06.289Z,KOTAK,ORD-369D22503E02,SETTLED
KOTAK202605237306645,803868222686,2188406,INR,2026-05-22T07:54:06.289Z,KOTAK,ORD-62742B0DFC2F,SETTLED
KOTAK202605236082948,503268025686,3411303,INR,2026-05-17T11:54:06.289Z,KOTAK,ORD-A05A27DC17FE,SETTLED
KOTAK202605233517959,792415789585,1711079,INR,2026-05-23T05:54:06.289Z,KOTAK,ORD-6639181FA21E,SETTLED
KOTAK202605236008152,300733350152,1166712,INR,2026-05-20T04:54:06.289Z,KOTAK,ORD-E05A0AAA47AA,SETTLED
KOTAK202605234452856,261408995652,403498,INR,2026-05-19T02:54:06.289Z,KOTAK,ORD-4D787D3341E4,SETTLED
KOTAK202605234535386,586103089046,3209957,INR,2026-05-18T16:54:06.289Z,KOTAK,ORD-DD48B7B0B4C3,SETTLED
KOTAK202605232987045,905581458391,2118070,INR,2026-05-23T21:54:06.289Z,KOTAK,ORD-BC27ACA48312,SETTLED
KOTAK202605239638670,336664076135,589602,INR,2026-05-19T13:54:06.289Z,KOTAK,ORD-4F42C823F754,SETTLED
KOTAK202605232348712,637138385946,329792,INR,2026-05-19T22:54:06.289Z,KOTAK,ORD-023BC098A8A9,SETTLED
KOTAK202605233451217,956467035962,272168,INR,2026-05-18T08:54:06.289Z,KOTAK,ORD-A1AC38C34A2E,SETTLED
KOTAK202605234205975,347846710668,576014,INR,2026-05-21T23:54:06.289Z,KOTAK,ORD-051035FF3F02,SETTLED
KOTAK202605232843150,950065703491,3265695,INR,2026-05-18T13:54:06.289Z,KOTAK,ORD-C7A97D5A0CEC,SETTLED
KOTAK202605234212177,968249765663,3908137,INR,2026-05-22T19:54:06.289Z,KOTAK,ORD-07C328ACB296,SETTLED
KOTAK202605233704285,160253080195,602535,INR,2026-05-23T09:54:06.289Z,KOTAK,ORD-25E861E98E4B,SETTLED
KOTAK202605236362096,278892344510,1656617,INR,2026-05-17T10:54:06.289Z,KOTAK,ORD-C49D5C17BE61,PENDING
KOTAK202605238259150,337209287626,74234,INR,2026-05-21T05:54:06.289Z,KOTAK,ORD-0C19F00D3A93,SETTLED
KOTAK202605232387442,839548070188,2008242,INR,2026-05-18T09:54:06.289Z,KOTAK,ORD-1A2C837589E8,SETTLED
KOTAK202605231908321,846319208698,559811,INR,2026-05-18T13:54:06.289Z,KOTAK,ORD-8F5AD2758E2A,SETTLED
KOTAK202605238328546,155252471964,4282425,INR,2026-05-17T15:54:06.289Z,KOTAK,ORD-96683D66B5E4,SETTLED
KOTAK202605232052267,964027243850,4497735,INR,2026-05-17T20:54:06.289Z,KOTAK,ORD-FCB0FB15D853,SETTLED
KOTAK202605232733890,635975518842,4924947,INR,2026-05-18T15:54:06.289Z,KOTAK,ORD-0EE2570A1B43,SETTLED
KOTAK202605233391183,136856887511,4663381,INR,2026-05-17T11:54:06.289Z,KOTAK,ORD-C5DC0BE758F1,SETTLED
KOTAK202605238252771,747840968632,4386619,INR,2026-05-22T04:54:06.289Z,KOTAK,ORD-C4DE4F657179,SETTLED
KOTAK202605230568049,921409674178,3792125,INR,2026-05-19T19:54:06.289Z,KOTAK,ORD-08625ADE8E17,SETTLED
KOTAK202605232867101,516385807292,3059380,INR,2026-05-18T02:54:06.289Z,KOTAK,ORD-FF9B262EBCAE,PENDING
KOTAK202605238815685,753589526575,584978,INR,2026-05-19T00:54:06.289Z,KOTAK,ORD-360AFA862D14,SETTLED
KOTAK202605238092240,247834378016,77128,INR,2026-05-20T21:54:06.289Z,KOTAK,ORD-3FC8ECDFFE8C,SETTLED
KOTAK202605235365429,719373209650,1752247,INR,2026-05-20T12:54:06.289Z,KOTAK,ORD-4F3954729B00,SETTLED
KOTAK202605238915215,742491992896,1739681,INR,2026-05-23T02:54:06.289Z,KOTAK,ORD-642C6FF99E81,SETTLED
KOTAK202605233346842,325971187428,752227,INR,2026-05-23T09:54:06.289Z,KOTAK,ORD-49188AC31F24,SETTLED
KOTAK202605234558677,884202468642,1486909,INR,2026-05-20T19:54:06.289Z,KOTAK,ORD-F3AB8C30F65B,SETTLED
KOTAK202605237537253,438415446462,1323704,INR,2026-05-18T02:54:06.289Z,KOTAK,ORD-CC297F92F9E5,SETTLED
KOTAK202605236023886,572069823294,773394,INR,2026-05-20T20:54:06.289Z,KOTAK,ORD-A1720C003920,SETTLED
KOTAK202605230226543,802665824894,1438105,INR,2026-05-18T12:54:06.289Z,KOTAK,ORD-1D8DF7051A75,SETTLED
KOTAK202605236331030,344606328188,4016171,INR,2026-05-21T18:54:06.289Z,KOTAK,ORD-C27B2E5E00EB,SETTLED
KOTAK202605238563994,868219841127,3771192,INR,2026-05-22T11:54:06.289Z,KOTAK,ORD-ECE02ECD33EB,SETTLED
KOTAK202605236270566,017767893297,3416338,INR,2026-05-18T13:54:06.289Z,KOTAK,ORD-DBB0F690C4D7,SETTLED
KOTAK202605231775263,716146387663,1366807,INR,2026-05-17T09:54:06.290Z,KOTAK,ORD-01355E5F78BB,SETTLED
KOTAK202605237314310,664095642506,1600436,INR,2026-05-23T14:54:06.290Z,KOTAK,ORD-91C0326D5D7D,SETTLED
KOTAK202605238262561,156466196124,1756085,INR,2026-05-23T22:54:06.290Z,KOTAK,ORD-E81C4FFD7AE6,SETTLED
KOTAK202605235487419,904693514139,1612256,INR,2026-05-19T19:54:06.290Z,KOTAK,ORD-02ACA6B0DFD5,SETTLED
KOTAK202605238347370,333708464385,3218649,INR,2026-05-24T00:54:06.290Z,KOTAK,ORD-B34B528705AF,SETTLED
KOTAK202605238345511,114947849191,541749,INR,2026-05-20T17:54:06.290Z,KOTAK,ORD-416D3378935A,SETTLED
KOTAK202605234440642,778811985787,3997795,INR,2026-05-18T07:54:06.290Z,KOTAK,ORD-5CDAF0FF22DF,SETTLED
KOTAK202605233321724,519690092479,4005522,INR,2026-05-19T12:54:06.290Z,KOTAK,ORD-023CC73676E2,SETTLED
KOTAK202605239449250,193103327386,531587,INR,2026-05-20T14:54:06.290Z,KOTAK,ORD-3128162830AD,SETTLED
KOTAK202605236646937,207109823266,827395,INR,2026-05-18T00:54:06.290Z,KOTAK,ORD-369A700849FF,SETTLED
KOTAK202605232672889,026282313086,4285171,INR,2026-05-21T15:54:06.290Z,KOTAK,ORD-450611C23421,SETTLED
KOTAK202605238118243,272674359433,20979,INR,2026-05-18T18:54:06.290Z,KOTAK,ORD-709272F27345,SETTLED
KOTAK202605231903863,217674963069,1583645,INR,2026-05-21T20:54:06.290Z,KOTAK,ORD-AC0AA2B24B9F,SETTLED
KOTAK202605238007899,191050256432,4110517,INR,2026-05-20T11:54:06.290Z,KOTAK,ORD-4F95ABDF0A96,SETTLED
KOTAK202605239661548,564902558537,4960944,INR,2026-05-20T15:54:06.290Z,KOTAK,ORD-1177C7124071,SETTLED
KOTAK202605236091763,754060428198,609582,INR,2026-05-21T22:54:06.290Z,KOTAK,ORD-1D3C12B81CEE,SETTLED
KOTAK202605235152129,890251701333,3948388,INR,2026-05-19T11:54:06.290Z,KOTAK,ORD-0E1BD8FBE21F,SETTLED
KOTAK202605235446561,344789866075,4124457,INR,2026-05-17T20:54:06.290Z,KOTAK,ORD-AFA0826A4F4B,SETTLED
KOTAK202605238684026,968864428897,3621719,INR,2026-05-19T12:54:06.290Z,KOTAK,ORD-78EA13A02DF2,SETTLED
KOTAK202605230089012,439113975297,588792,INR,2026-05-18T06:54:06.290Z,KOTAK,ORD-83AD4E2D11EB,SETTLED
KOTAK202605231174965,262446539017,1715349,INR,2026-05-19T17:54:06.290Z,KOTAK,ORD-DFEB14ADAFE3,SETTLED
KOTAK202605233261635,137197901839,3748212,INR,2026-05-22T08:54:06.290Z,KOTAK,ORD-86F9BFA16A9E,PENDING
KOTAK202605239576913,446494162484,2479393,INR,2026-05-19T02:54:06.290Z,KOTAK,ORD-9ACED4CBAF60,SETTLED
KOTAK202605234811875,101612772106,4329386,INR,2026-05-22T18:54:06.290Z,KOTAK,ORD-DE3B4C71C671,SETTLED
KOTAK202605235112280,958276286886,4818478,INR,2026-05-23T07:54:06.290Z,KOTAK,ORD-2AFAAB05E726,SETTLED
KOTAK202605230225617,543077598894,2651751,INR,2026-05-18T00:54:06.290Z,KOTAK,ORD-30791F2B16BA,SETTLED
KOTAK202605232372566,151618645379,4457867,INR,2026-05-21T12:54:06.290Z,KOTAK,ORD-3EC51FF79983,SETTLED
KOTAK202605232687109,368449709139,376257,INR,2026-05-22T09:54:06.290Z,KOTAK,ORD-33402585FE22,SETTLED
KOTAK202605230923653,793659574560,3073992,INR,2026-05-23T22:54:06.290Z,KOTAK,ORD-1279B3B205DF,SETTLED
KOTAK202605239405554,122994977378,4492240,INR,2026-05-22T23:54:06.290Z,KOTAK,ORD-0D3FBB72C196,SETTLED
KOTAK202605238244549,081985892132,461032,INR,2026-05-21T23:54:06.290Z,KOTAK,ORD-8614C94E95B4,SETTLED
KOTAK202605237886894,242816698754,2409529,INR,2026-05-22T18:54:06.290Z,KOTAK,ORD-B0443148474E,SETTLED
KOTAK202605238354436,814788213117,233712,INR,2026-05-19T00:54:06.290Z,KOTAK,ORD-24FE4B634E06,SETTLED
KOTAK202605235301059,795752271890,1498606,INR,2026-05-18T15:54:06.290Z,KOTAK,ORD-C8E83921DC51,SETTLED
KOTAK202605239613859,082346018214,1440267,INR,2026-05-21T06:54:06.290Z,KOTAK,ORD-0873DE55B801,SETTLED
KOTAK202605238031521,049974484176,4143578,INR,2026-05-17T14:54:06.290Z,KOTAK,ORD-84F179983C85,SETTLED
KOTAK202605235595697,175974142042,3658647,INR,2026-05-20T13:54:06.290Z,KOTAK,ORD-3C15015A4F50,SETTLED
KOTAK202605232333497,711292436364,404473,INR,2026-05-22T14:54:06.290Z,KOTAK,ORD-907733D7DBC7,SETTLED
KOTAK202605236949678,401322723081,2803391,INR,2026-05-20T10:54:06.290Z,KOTAK,ORD-B0DF3B38620A,SETTLED
KOTAK202605238771047,657548575084,297198,INR,2026-05-21T14:54:06.290Z,KOTAK,ORD-7E567ACAD336,SETTLED
KOTAK202605231818879,618320209036,1705758,INR,2026-05-21T03:54:06.290Z,KOTAK,ORD-C538DF25659F,SETTLED
KOTAK202605231920518,253329157227,1042029,INR,2026-05-21T01:54:06.290Z,KOTAK,ORD-80013228E281,SETTLED
KOTAK202605236497976,861923676252,3245808,INR,2026-05-18T20:54:06.290Z,KOTAK,ORD-136EF64C096C,SETTLED
KOTAK202605235808551,101411003575,2417948,INR,2026-05-23T20:54:06.290Z,KOTAK,ORD-1BAEAFB8FBDF,SETTLED
KOTAK202605231048144,460714863591,2077476,INR,2026-05-22T01:54:06.290Z,KOTAK,ORD-1D10716E4022,PENDING
KOTAK202605233092620,007786546112,2887008,INR,2026-05-24T06:54:06.290Z,KOTAK,ORD-D91CF2650E04,SETTLED
KOTAK202605234214340,995221256585,3318222,INR,2026-05-20T21:54:06.290Z,KOTAK,ORD-E2CE6E75167A,SETTLED
KOTAK202605232634649,752039782667,3200027,INR,2026-05-19T09:54:06.290Z,KOTAK,ORD-C83B470DB7EF,SETTLED
KOTAK202605231900749,934596438914,3065884,INR,2026-05-19T02:54:06.290Z,KOTAK,ORD-844050B205CA,SETTLED
KOTAK202605239984954,532852167037,3613231,INR,2026-05-18T06:54:06.290Z,KOTAK,ORD-39423A658C1F,SETTLED
KOTAK202605235119479,449850655482,2225220,INR,2026-05-24T03:54:06.290Z,KOTAK,ORD-025CB351EE72,PENDING
KOTAK202605238747610,885756756194,3914894,INR,2026-05-17T20:54:06.290Z,KOTAK,ORD-9F43ADEE0EE8,SETTLED
KOTAK202605234352240,307766614336,3835652,INR,2026-05-17T13:54:06.290Z,KOTAK,ORD-13F08964D582,SETTLED
KOTAK202605230479199,834293098840,4470087,INR,2026-05-20T19:54:06.290Z,KOTAK,ORD-B6D77BBDDAE0,SETTLED
KOTAK202605235848550,465192250366,1440018,INR,2026-05-19T12:54:06.290Z,KOTAK,ORD-DFB98340F032,SETTLED
KOTAK202605231405395,384255247921,4804850,INR,2026-05-22T17:54:06.290Z,KOTAK,ORD-00F2393F2A99,SETTLED
KOTAK202605230929563,088463067808,1402871,INR,2026-05-20T15:54:06.290Z,KOTAK,ORD-F21255D3EE1D,SETTLED
KOTAK202605237670264,087722753925,2900535,INR,2026-05-19T04:54:06.290Z,KOTAK,ORD-93E2CD14F528,SETTLED
KOTAK202605230242183,050661053958,911086,INR,2026-05-19T17:54:06.290Z,KOTAK,ORD-A2BF5DFF584B,SETTLED
KOTAK202605234121316,785230296414,2210341,INR,2026-05-21T14:54:06.290Z,KOTAK,ORD-31F492E45567,SETTLED
KOTAK202605233127651,698490978725,677844,INR,2026-05-22T05:54:06.290Z,KOTAK,ORD-3525E075DBD0,SETTLED